epoch,step,train_accuracy_epoch,train_accuracy_step,train_loss,valid_accuracy,valid_loss
0,49,,0.6875,,,
0,99,,0.6875,,,
0,149,,0.59375,,,
0,199,,0.625,,,
0,249,,0.46875,,,
0,299,,0.78125,,,
0,349,,0.6875,,,
0,399,,0.46875,,,
0,449,,0.40625,,,
0,499,,0.65625,,,
0,549,,0.5625,,,
0,599,,0.59375,,,
0,649,,0.59375,,,
0,699,,0.75,,,
0,749,,0.5625,,,
0,799,,0.75,,,
0,849,,0.5625,,,
0,899,,0.625,,,
0,949,,0.53125,,,
0,999,,0.4375,,,
0,1049,,0.5,,,
0,1099,,0.8125,,,
0,1149,,0.65625,,,
0,1199,,0.6875,,,
0,1249,,0.59375,,,
0,1299,,0.6875,,,
0,1349,,0.59375,,,
0,1399,,0.59375,,,
0,1449,,0.625,,,
0,1499,,0.65625,,,
0,1549,,0.6875,,,
0,1599,,0.59375,,,
0,1649,,0.5,,,
0,1699,,0.625,,,
0,1749,,0.625,,,
0,1799,,0.5625,,,
0,1849,,0.65625,,,
0,1899,,0.625,,,
0,1949,,0.71875,,,
0,1999,,0.59375,,,
0,2049,,0.625,,,
0,2099,,0.53125,,,
0,2149,,0.6875,,,
0,2199,,0.6875,,,
0,2249,,0.625,,,
0,2299,,0.59375,,,
0,2349,,0.6875,,,
0,2399,,0.78125,,,
0,2449,,0.625,,,
0,2499,,0.75,,,
0,2549,,0.75,,,
0,2599,,0.5625,,,
0,2649,,0.625,,,
0,2699,,0.46875,,,
0,2749,,0.625,,,
0,2799,,0.53125,,,
0,2849,,0.625,,,
0,2899,,0.6875,,,
0,2949,,0.65625,,,
0,2999,,0.625,,,
0,3049,,0.625,,,
0,3099,,0.75,,,
0,3149,,0.65625,,,
0,3199,,0.6875,,,
0,3249,,0.625,,,
0,3299,,0.6875,,,
0,3349,,0.53125,,,
0,3399,,0.6875,,,
0,3449,,0.71875,,,
0,3499,,0.6875,,,
0,3549,,0.8125,,,
0,3599,,0.53125,,,
0,3649,,0.71875,,,
0,3699,,0.75,,,
0,3749,,0.75,,,
0,3799,,0.8125,,,
0,3849,,0.65625,,,
0,3899,,0.53125,,,
0,3949,,0.5,,,
0,3999,,0.625,,,
0,4049,,0.65625,,,
0,4099,,0.625,,,
0,4149,,0.5625,,,
0,4199,,0.75,,,
0,4249,,0.6875,,,
0,4299,,0.6875,,,
0,4349,,0.71875,,,
0,4399,,0.6875,,,
0,4449,,0.6875,,,
0,4499,,0.6875,,,
0,4549,,0.5625,,,
0,4599,,0.46875,,,
0,4649,,0.71875,,,
0,4699,,0.65625,,,
0,4749,,0.53125,,,
0,4799,,0.5625,,,
0,4849,,0.6875,,,
0,4899,,0.71875,,,
0,4949,,0.65625,,,
0,4999,,0.75,,,
0,5049,,0.65625,,,
0,5099,,0.75,,,
0,5149,,0.5625,,,
0,5199,,0.6875,,,
0,5249,,0.65625,,,
0,5299,,0.875,,,
0,5349,,0.625,,,
0,5399,,0.71875,,,
0,5449,,0.59375,,,
0,5499,,0.625,,,
0,5549,,0.6875,,,
0,5599,,0.65625,,,
0,5649,,0.6875,,,
0,5699,,0.6875,,,
0,5749,,0.8125,,,
0,5799,,0.75,,,
0,5849,,0.625,,,
0,5899,,0.71875,,,
0,5949,,0.78125,,,
0,5999,,0.5625,,,
0,6049,,0.625,,,
0,6099,,0.6875,,,
0,6149,,0.8125,,,
0,6199,,0.5625,,,
0,6249,,0.5625,,,
0,6299,,0.75,,,
0,6349,,0.65625,,,
0,6399,,0.6875,,,
0,6449,,0.53125,,,
0,6499,,0.625,,,
0,6549,,0.65625,,,
0,6599,,0.6875,,,
0,6649,,0.8125,,,
0,6699,,0.5625,,,
0,6749,,0.84375,,,
0,6799,,0.625,,,
0,6849,,0.78125,,,
0,6899,,0.71875,,,
0,6949,,0.8125,,,
0,6999,,0.6875,,,
0,7049,,0.65625,,,
0,7099,,0.75,,,
0,7149,,0.75,,,
0,7199,,0.5,,,
0,7249,,0.71875,,,
0,7299,,0.8125,,,
0,7349,,0.6875,,,
0,7399,,0.6875,,,
0,7449,,0.5625,,,
0,7499,,0.71875,,,
0,7549,,0.5625,,,
0,7599,,0.8125,,,
0,7649,,0.71875,,,
0,7699,,0.75,,,
0,7749,,0.59375,,,
0,7799,,0.71875,,,
0,7849,,0.71875,,,
0,7899,,0.71875,,,
0,7949,,0.65625,,,
0,7999,,0.5625,,,
0,8049,,0.6875,,,
0,8099,,0.75,,,
0,8149,,0.75,,,
0,8199,,0.6875,,,
0,8249,,0.625,,,
0,8299,,0.75,,,
0,8349,,0.6875,,,
0,8399,,0.625,,,
0,8449,,0.625,,,
0,8499,,0.6875,,,
0,8549,,0.65625,,,
0,8599,,0.59375,,,
0,8649,,0.75,,,
0,8699,,0.6875,,,
0,8749,,0.6875,,,
0,8799,,0.71875,,,
0,8849,,0.65625,,,
0,8899,,0.65625,,,
0,8949,,0.59375,,,
0,8999,,0.75,,,
0,9049,,0.65625,,,
0,9099,,0.75,,,
0,9149,,0.6875,,,
0,9199,,0.78125,,,
0,9249,,0.5625,,,
0,9299,,0.5625,,,
0,9349,,0.75,,,
0,9399,,0.65625,,,
0,9449,,0.71875,,,
0,9499,,0.78125,,,
0,9549,,0.78125,,,
0,9599,,0.71875,,,
0,9649,,0.5625,,,
0,9699,,0.75,,,
0,9749,,0.65625,,,
0,9799,,0.625,,,
0,9849,,0.625,,,
0,9899,,0.65625,,,
0,9949,,0.84375,,,
0,9999,,0.6875,,,
0,10049,,0.78125,,,
0,10099,,0.75,,,
0,10149,,0.8125,,,
0,10199,,0.71875,,,
0,10249,,0.78125,,,
0,10299,,0.59375,,,
0,10349,,0.65625,,,
0,10399,,0.75,,,
0,10449,,0.6875,,,
0,10499,,0.78125,,,
0,10549,,0.59375,,,
0,10599,,0.6875,,,
0,10649,,0.59375,,,
0,10699,,0.65625,,,
0,10749,,0.625,,,
0,10799,,0.6875,,,
0,10849,,0.875,,,
0,10899,,0.625,,,
0,10949,,0.53125,,,
0,10999,,0.625,,,
0,11049,,0.625,,,
0,11099,,0.65625,,,
0,11149,,0.75,,,
0,11199,,0.6875,,,
0,11249,,0.625,,,
0,11299,,0.625,,,
0,11349,,0.59375,,,
0,11399,,0.65625,,,
0,11449,,0.625,,,
0,11499,,0.71875,,,
0,11549,,0.6875,,,
0,11599,,0.6875,,,
0,11649,,0.65625,,,
0,11699,,0.71875,,,
0,11749,,0.78125,,,
0,11799,,0.625,,,
0,11849,,0.6875,,,
0,11899,,0.6875,,,
0,11949,,0.65625,,,
0,11999,,0.75,,,
0,12049,,0.78125,,,
0,12099,,0.75,,,
0,12149,,0.53125,,,
0,12199,,0.71875,,,
0,12249,,0.59375,,,
0,12299,,0.6875,,,
0,12349,,0.78125,,,
0,12399,,0.78125,,,
0,12449,,0.71875,,,
0,12499,,0.65625,,,
0,12549,,0.5625,,,
0,12599,,0.8125,,,
0,12649,,0.78125,,,
0,12699,,0.6875,,,
0,12749,,0.78125,,,
0,12799,,0.59375,,,
0,12849,,0.6875,,,
0,12899,,0.65625,,,
0,12949,,0.6875,,,
0,12999,,0.71875,,,
0,13049,,0.6875,,,
0,13099,,0.6875,,,
0,13149,,0.6875,,,
0,13199,,0.6875,,,
0,13249,,0.65625,,,
0,13299,,0.65625,,,
0,13349,,0.59375,,,
0,13399,,0.6875,,,
0,13449,,0.71875,,,
0,13499,,0.59375,,,
0,13549,,0.71875,,,
0,13599,,0.6875,,,
0,13649,,0.78125,,,
0,13699,,0.65625,,,
0,13749,,0.8125,,,
0,13799,,0.8125,,,
0,13849,,0.71875,,,
0,13899,,0.8125,,,
0,13949,,0.65625,,,
0,13999,,0.6875,,,
0,14049,,0.59375,,,
0,14099,,0.65625,,,
0,14149,,0.75,,,
0,14199,,0.71875,,,
0,14249,,0.5,,,
0,14299,,0.6875,,,
0,14349,,0.78125,,,
0,14399,,0.53125,,,
0,14449,,0.5625,,,
0,14499,,0.875,,,
0,14549,,0.78125,,,
0,14599,,0.59375,,,
0,14649,,0.625,,,
0,14699,,0.65625,,,
0,14749,,0.625,,,
0,14799,,0.78125,,,
0,14849,,0.625,,,
0,14899,,0.78125,,,
0,14949,,0.90625,,,
0,14999,,0.71875,,,
0,15049,,0.625,,,
0,15099,,0.78125,,,
0,15149,,0.53125,,,
0,15199,,0.78125,,,
0,15249,,0.6875,,,
0,15299,,0.6875,,,
0,15349,,0.8125,,,
0,15399,,0.84375,,,
0,15449,,0.75,,,
0,15499,,0.75,,,
0,15549,,0.6875,,,
0,15599,,0.6875,,,
0,15649,,0.875,,,
0,15699,,0.5625,,,
0,15749,,0.6875,,,
0,15799,,0.71875,,,
0,15849,,0.78125,,,
0,15899,,0.625,,,
0,15949,,0.625,,,
0,15999,,0.71875,,,
0,16049,,0.6875,,,
0,16099,,0.6875,,,
0,16149,,0.78125,,,
0,16199,,0.78125,,,
0,16249,,0.4375,,,
0,16299,,0.6875,,,
0,16349,,0.875,,,
0,16399,,0.625,,,
0,16449,,0.625,,,
0,16499,,0.71875,,,
0,16549,,0.625,,,
0,16599,,0.6875,,,
0,16649,,0.6875,,,
0,16699,,0.6875,,,
0,16749,,0.6875,,,
0,16799,,0.71875,,,
0,16849,,0.65625,,,
0,16899,,0.625,,,
0,16949,,0.71875,,,
0,16999,,0.84375,,,
0,17049,,0.6875,,,
0,17099,,0.6875,,,
0,17149,,0.59375,,,
0,17199,,0.75,,,
0,17249,,0.6875,,,
0,17299,,0.75,,,
0,17349,,0.5625,,,
0,17399,,0.59375,,,
0,17449,,0.71875,,,
0,17499,,0.625,,,
0,17549,,0.78125,,,
0,17599,,0.6875,,,
0,17649,,0.71875,,,
0,17699,,0.59375,,,
0,17749,,0.71875,,,
0,17799,,0.6875,,,
0,17849,,0.71875,,,
0,17899,,0.46875,,,
0,17949,,0.6875,,,
0,17999,,0.40625,,,
0,18049,,0.78125,,,
0,18099,,0.8125,,,
0,18149,,0.71875,,,
0,18199,,0.78125,,,
0,18249,,0.6875,,,
0,18299,,0.71875,,,
0,18349,,0.71875,,,
0,18399,,0.59375,,,
0,18449,,0.46875,,,
0,18499,,0.84375,,,
0,18549,,0.6875,,,
0,18599,,0.625,,,
0,18649,,0.5625,,,
0,18699,,0.625,,,
0,18749,,0.6875,,,
0,18799,,0.90625,,,
0,18849,,0.71875,,,
0,18899,,0.59375,,,
0,18949,,0.625,,,
0,18999,,0.6875,,,
0,19049,,0.5625,,,
0,19099,,0.78125,,,
0,19149,,0.59375,,,
0,19199,,0.78125,,,
0,19249,,0.65625,,,
0,19299,,0.6875,,,
0,19349,,0.71875,,,
0,19399,,0.6875,,,
0,19449,,0.75,,,
0,19499,,0.96875,,,
0,19549,,0.78125,,,
0,19599,,0.71875,,,
0,19649,,0.6875,,,
0,19699,,0.75,,,
0,19749,,0.84375,,,
0,19799,,0.71875,,,
0,19849,,0.65625,,,
0,19899,,0.6875,,,
0,19949,,0.65625,,,
0,19999,,0.71875,,,
0,20049,,0.6875,,,
0,20099,,0.6875,,,
0,20149,,0.75,,,
0,20199,,0.6875,,,
0,20249,,0.5625,,,
0,20299,,0.59375,,,
0,20349,,0.625,,,
0,20399,,0.65625,,,
0,20449,,0.75,,,
0,20499,,0.78125,,,
0,20549,,0.6875,,,
0,20599,,0.625,,,
0,20649,,0.65625,,,
0,20699,,0.65625,,,
0,20749,,0.65625,,,
0,20799,,0.71875,,,
0,20849,,0.5625,,,
0,20899,,0.625,,,
0,20949,,0.78125,,,
0,20999,,0.84375,,,
0,21049,,0.65625,,,
0,21099,,0.6875,,,
0,21149,,0.59375,,,
0,21199,,0.59375,,,
0,21249,,0.71875,,,
0,21299,,0.78125,,,
0,21349,,0.6875,,,
0,21399,,0.78125,,,
0,21449,,0.78125,,,
0,21499,,0.6875,,,
0,21549,,0.71875,,,
0,21599,,0.71875,,,
0,21649,,0.75,,,
0,21699,,0.78125,,,
0,21749,,0.75,,,
0,21799,,0.59375,,,
0,21849,,0.75,,,
0,21899,,0.84375,,,
0,21949,,0.6875,,,
0,21999,,0.71875,,,
0,22049,,0.75,,,
0,22099,,0.65625,,,
0,22149,,0.5625,,,
0,22199,,0.84375,,,
0,22249,,0.71875,,,
0,22299,,0.71875,,,
0,22349,,0.625,,,
0,22399,,0.65625,,,
0,22449,,0.6875,,,
0,22499,,0.65625,,,
0,22549,,0.6875,,,
0,22599,,0.71875,,,
0,22649,,0.65625,,,
0,22699,,0.6875,,,
0,22749,,0.75,,,
0,22799,,0.65625,,,
0,22849,,0.75,,,
0,22899,,0.625,,,
0,22949,,0.6875,,,
0,22999,,0.5,,,
0,23049,,0.75,,,
0,23099,,0.75,,,
0,23149,,0.71875,,,
0,23199,,0.84375,,,
0,23249,,0.59375,,,
0,23299,,0.625,,,
0,23349,,0.625,,,
0,23399,,0.78125,,,
0,23449,,0.625,,,
0,23499,,0.65625,,,
0,23549,,0.625,,,
0,23599,,0.71875,,,
0,23649,,0.65625,,,
0,23699,,0.71875,,,
0,23749,,0.6875,,,
0,23799,,0.625,,,
0,23849,,0.6875,,,
0,23899,,0.71875,,,
0,23949,,0.71875,,,
0,23999,,0.71875,,,
0,24049,,0.6875,,,
0,24099,,0.71875,,,
0,24149,,0.71875,,,
0,24199,,0.6875,,,
0,24249,,0.625,,,
0,24299,,0.75,,,
0,24349,,0.84375,,,
0,24399,,0.53125,,,
0,24449,,0.75,,,
0,24499,,0.78125,,,
0,24549,,0.75,,,
0,24599,,0.59375,,,
0,24649,,0.71875,,,
0,24699,,0.8125,,,
0,24749,,0.6875,,,
0,24799,,0.71875,,,
0,24849,,0.6875,,,
0,24899,,0.6875,,,
0,24949,,0.75,,,
0,24999,,0.375,,,
0,25049,,0.65625,,,
0,25099,,0.6875,,,
0,25149,,0.71875,,,
0,25199,,0.6875,,,
0,25249,,0.65625,,,
0,25299,,0.84375,,,
0,25349,,0.6875,,,
0,25399,,0.78125,,,
0,25449,,0.71875,,,
0,25499,,0.59375,,,
0,25549,,0.78125,,,
0,25599,,0.75,,,
0,25649,,0.78125,,,
0,25699,,0.625,,,
0,25749,,0.71875,,,
0,25799,,0.59375,,,
0,25849,,0.75,,,
0,25899,,0.625,,,
0,25949,,0.84375,,,
0,25999,,0.71875,,,
0,26049,,0.78125,,,
0,26099,,0.59375,,,
0,26149,,0.59375,,,
0,26199,,0.625,,,
0,26249,,0.78125,,,
0,26299,,0.625,,,
0,26349,,0.6875,,,
0,26399,,0.71875,,,
0,26449,,0.71875,,,
0,26499,,0.59375,,,
0,26549,,0.71875,,,
0,26599,,0.71875,,,
0,26649,,0.75,,,
0,26699,,0.6875,,,
0,26749,,0.625,,,
0,26799,,0.59375,,,
0,26849,,0.625,,,
0,26899,,0.6875,,,
0,26949,,0.6875,,,
0,26999,,0.5625,,,
0,27049,,0.6875,,,
0,27099,,0.65625,,,
0,27149,,0.65625,,,
0,27199,,0.6875,,,
0,27249,,0.53125,,,
0,27299,,0.59375,,,
0,27349,,0.53125,,,
0,27399,,0.65625,,,
0,27449,,0.53125,,,
0,27499,,0.71875,,,
0,27549,,0.5625,,,
0,27599,,0.65625,,,
0,27649,,0.71875,,,
0,27699,,0.8125,,,
0,27749,,0.53125,,,
0,27799,,0.75,,,
0,27849,,0.5625,,,
0,27899,,0.59375,,,
0,27949,,0.6875,,,
0,27999,,0.84375,,,
0,28049,,0.75,,,
0,28099,,0.75,,,
0,28149,,0.71875,,,
0,28199,,0.75,,,
0,28249,,0.875,,,
0,28299,,0.71875,,,
0,28349,,0.65625,,,
0,28399,,0.75,,,
0,28449,,0.75,,,
0,28499,,0.625,,,
0,28549,,0.78125,,,
0,28599,,0.71875,,,
0,28649,,0.625,,,
0,28699,,0.78125,,,
0,28736,,,,0.0,0.0
0,28736,0.678199052810669,,0.7738664746284485,,
1,28749,,0.65625,,,
1,28799,,0.8125,,,
1,28849,,0.71875,,,
1,28899,,0.6875,,,
1,28949,,0.75,,,
1,28999,,0.8125,,,
1,29049,,0.6875,,,
1,29099,,0.71875,,,
1,29149,,0.71875,,,
1,29199,,0.8125,,,
1,29249,,0.625,,,
1,29299,,0.625,,,
1,29349,,0.625,,,
1,29399,,0.625,,,
1,29449,,0.71875,,,
1,29499,,0.65625,,,
1,29549,,0.78125,,,
1,29599,,0.71875,,,
1,29649,,0.78125,,,
1,29699,,0.75,,,
1,29749,,0.8125,,,
1,29799,,0.75,,,
1,29849,,0.84375,,,
1,29899,,0.6875,,,
1,29949,,0.71875,,,
1,29999,,0.65625,,,
1,30049,,0.75,,,
1,30099,,0.65625,,,
1,30149,,0.625,,,
1,30199,,0.78125,,,
1,30249,,0.78125,,,
1,30299,,0.6875,,,
1,30349,,0.5625,,,
1,30399,,0.65625,,,
1,30449,,0.5625,,,
1,30499,,0.78125,,,
1,30549,,0.65625,,,
1,30599,,0.59375,,,
1,30649,,0.59375,,,
1,30699,,0.6875,,,
1,30749,,0.71875,,,
1,30799,,0.75,,,
1,30849,,0.65625,,,
1,30899,,0.625,,,
1,30949,,0.78125,,,
1,30999,,0.875,,,
1,31049,,0.65625,,,
1,31099,,0.5,,,
1,31149,,0.6875,,,
1,31199,,0.78125,,,
1,31249,,0.6875,,,
1,31299,,0.65625,,,
1,31349,,0.6875,,,
1,31399,,0.625,,,
1,31449,,0.84375,,,
1,31499,,0.59375,,,
1,31549,,0.8125,,,
1,31599,,0.75,,,
1,31649,,0.6875,,,
1,31699,,0.6875,,,
1,31749,,0.8125,,,
1,31799,,0.59375,,,
1,31849,,0.53125,,,
1,31899,,0.71875,,,
1,31949,,0.5625,,,
1,31999,,0.78125,,,
1,32049,,0.59375,,,
1,32099,,0.71875,,,
1,32149,,0.71875,,,
1,32199,,0.6875,,,
1,32249,,0.59375,,,
1,32299,,0.75,,,
1,32349,,0.75,,,
1,32399,,0.625,,,
1,32449,,0.6875,,,
1,32499,,0.6875,,,
1,32549,,0.53125,,,
1,32599,,0.71875,,,
1,32649,,0.6875,,,
1,32699,,0.71875,,,
1,32749,,0.625,,,
1,32799,,0.53125,,,
1,32849,,0.78125,,,
1,32899,,0.625,,,
1,32949,,0.78125,,,
1,32999,,0.8125,,,
1,33049,,0.53125,,,
1,33099,,0.65625,,,
1,33149,,0.6875,,,
1,33199,,0.5625,,,
1,33249,,0.65625,,,
1,33299,,0.75,,,
1,33349,,0.625,,,
1,33399,,0.6875,,,
1,33449,,0.6875,,,
1,33499,,0.8125,,,
1,33549,,0.75,,,
1,33599,,0.6875,,,
1,33649,,0.8125,,,
1,33699,,0.71875,,,
1,33749,,0.8125,,,
1,33799,,0.6875,,,
1,33849,,0.71875,,,
1,33899,,0.71875,,,
1,33949,,0.625,,,
1,33999,,0.6875,,,
1,34049,,0.6875,,,
1,34099,,0.59375,,,
1,34149,,0.6875,,,
1,34199,,0.84375,,,
1,34249,,0.71875,,,
1,34299,,0.8125,,,
1,34349,,0.8125,,,
1,34399,,0.8125,,,
1,34449,,0.71875,,,
1,34499,,0.75,,,
1,34549,,0.78125,,,
1,34599,,0.71875,,,
1,34649,,0.71875,,,
1,34699,,0.59375,,,
1,34749,,0.78125,,,
1,34799,,0.75,,,
1,34849,,0.78125,,,
1,34899,,0.65625,,,
1,34949,,0.71875,,,
1,34999,,0.59375,,,
1,35049,,0.71875,,,
1,35099,,0.75,,,
1,35149,,0.71875,,,
1,35199,,0.59375,,,
1,35249,,0.75,,,
1,35299,,0.6875,,,
1,35349,,0.78125,,,
1,35399,,0.8125,,,
1,35449,,0.78125,,,
1,35499,,0.65625,,,
1,35549,,0.5,,,
1,35599,,0.71875,,,
1,35649,,0.71875,,,
1,35699,,0.625,,,
1,35749,,0.78125,,,
1,35799,,0.65625,,,
1,35849,,0.84375,,,
1,35899,,0.71875,,,
1,35949,,0.6875,,,
1,35999,,0.84375,,,
1,36049,,0.65625,,,
1,36099,,0.71875,,,
1,36149,,0.78125,,,
1,36199,,0.71875,,,
1,36249,,0.59375,,,
1,36299,,0.71875,,,
1,36349,,0.78125,,,
1,36399,,0.84375,,,
1,36449,,0.84375,,,
1,36499,,0.75,,,
1,36549,,0.8125,,,
1,36599,,0.75,,,
1,36649,,0.75,,,
1,36699,,0.65625,,,
1,36749,,0.6875,,,
1,36799,,0.78125,,,
1,36849,,0.71875,,,
1,36899,,0.75,,,
1,36949,,0.71875,,,
1,36999,,0.6875,,,
1,37049,,0.6875,,,
1,37099,,0.59375,,,
1,37149,,0.625,,,
1,37199,,0.59375,,,
1,37249,,0.6875,,,
1,37299,,0.8125,,,
1,37349,,0.625,,,
1,37399,,0.625,,,
1,37449,,0.75,,,
1,37499,,0.75,,,
1,37549,,0.8125,,,
1,37599,,0.71875,,,
1,37649,,0.78125,,,
1,37699,,0.90625,,,
1,37749,,0.6875,,,
1,37799,,0.625,,,
1,37849,,0.84375,,,
1,37899,,0.875,,,
1,37949,,0.75,,,
1,37999,,0.6875,,,
1,38049,,0.75,,,
1,38099,,0.6875,,,
1,38149,,0.6875,,,
1,38199,,0.75,,,
1,38249,,0.75,,,
1,38299,,0.8125,,,
1,38349,,0.71875,,,
1,38399,,0.6875,,,
1,38449,,0.59375,,,
1,38499,,0.78125,,,
1,38549,,0.71875,,,
1,38599,,0.6875,,,
1,38649,,0.65625,,,
1,38699,,0.6875,,,
1,38749,,0.625,,,
1,38799,,0.71875,,,
1,38849,,0.65625,,,
1,38899,,0.78125,,,
1,38949,,0.6875,,,
1,38999,,0.71875,,,
1,39049,,0.71875,,,
1,39099,,0.6875,,,
1,39149,,0.71875,,,
1,39199,,0.65625,,,
1,39249,,0.625,,,
1,39299,,0.65625,,,
1,39349,,0.78125,,,
1,39399,,0.71875,,,
1,39449,,0.59375,,,
1,39499,,0.78125,,,
1,39549,,0.6875,,,
1,39599,,0.78125,,,
1,39649,,0.65625,,,
1,39699,,0.8125,,,
1,39749,,0.71875,,,
1,39799,,0.78125,,,
1,39849,,0.78125,,,
1,39899,,0.65625,,,
1,39949,,0.84375,,,
1,39999,,0.75,,,
1,40049,,0.6875,,,
1,40099,,0.75,,,
1,40149,,0.75,,,
1,40199,,0.75,,,
1,40249,,0.6875,,,
1,40299,,0.8125,,,
1,40349,,0.71875,,,
1,40399,,0.6875,,,
1,40449,,0.71875,,,
1,40499,,0.65625,,,
1,40549,,0.875,,,
1,40599,,0.78125,,,
1,40649,,0.71875,,,
1,40699,,0.5,,,
1,40749,,0.625,,,
1,40799,,0.84375,,,
1,40849,,0.75,,,
1,40899,,0.71875,,,
1,40949,,0.71875,,,
1,40999,,0.6875,,,
1,41049,,0.75,,,
1,41099,,0.65625,,,
1,41149,,0.78125,,,
1,41199,,0.65625,,,
1,41249,,0.84375,,,
1,41299,,0.75,,,
1,41349,,0.875,,,
1,41399,,0.78125,,,
1,41449,,0.625,,,
1,41499,,0.625,,,
1,41549,,0.625,,,
1,41599,,0.6875,,,
1,41649,,0.8125,,,
1,41699,,0.65625,,,
1,41749,,0.8125,,,
1,41799,,0.78125,,,
1,41849,,0.75,,,
1,41899,,0.65625,,,
1,41949,,0.6875,,,
1,41999,,0.65625,,,
1,42049,,0.65625,,,
1,42099,,0.78125,,,
1,42149,,0.6875,,,
1,42199,,0.71875,,,
1,42249,,0.71875,,,
1,42299,,0.6875,,,
1,42349,,0.8125,,,
1,42399,,0.75,,,
1,42449,,0.6875,,,
1,42499,,0.59375,,,
1,42549,,0.84375,,,
1,42599,,0.59375,,,
1,42649,,0.84375,,,
1,42699,,0.71875,,,
1,42749,,0.71875,,,
1,42799,,0.53125,,,
1,42849,,0.6875,,,
1,42899,,0.71875,,,
1,42949,,0.71875,,,
1,42999,,0.65625,,,
1,43049,,0.75,,,
1,43099,,0.8125,,,
1,43149,,0.5625,,,
1,43199,,0.6875,,,
1,43249,,0.6875,,,
1,43299,,0.65625,,,
1,43349,,0.78125,,,
1,43399,,0.625,,,
1,43449,,0.59375,,,
1,43499,,0.75,,,
1,43549,,0.71875,,,
1,43599,,0.59375,,,
1,43649,,0.84375,,,
1,43699,,0.65625,,,
1,43749,,0.59375,,,
1,43799,,0.65625,,,
1,43849,,0.71875,,,
1,43899,,0.6875,,,
1,43949,,0.625,,,
1,43999,,0.75,,,
1,44049,,0.625,,,
1,44099,,0.59375,,,
1,44149,,0.78125,,,
1,44199,,0.78125,,,
1,44249,,0.625,,,
1,44299,,0.71875,,,
1,44349,,0.8125,,,
1,44399,,0.65625,,,
1,44449,,0.71875,,,
1,44499,,0.65625,,,
1,44549,,0.6875,,,
1,44599,,0.65625,,,
1,44649,,0.65625,,,
1,44699,,0.71875,,,
1,44749,,0.78125,,,
1,44799,,0.625,,,
1,44849,,0.625,,,
1,44899,,0.71875,,,
1,44949,,0.71875,,,
1,44999,,0.78125,,,
1,45049,,0.75,,,
1,45099,,0.78125,,,
1,45149,,0.65625,,,
1,45199,,0.59375,,,
1,45249,,0.75,,,
1,45299,,0.8125,,,
1,45349,,0.78125,,,
1,45399,,0.6875,,,
1,45449,,0.8125,,,
1,45499,,0.71875,,,
1,45549,,0.75,,,
1,45599,,0.75,,,
1,45649,,0.71875,,,
1,45699,,0.6875,,,
1,45749,,0.4375,,,
1,45799,,0.625,,,
1,45849,,0.78125,,,
1,45899,,0.65625,,,
1,45949,,0.6875,,,
1,45999,,0.65625,,,
1,46049,,0.59375,,,
1,46099,,0.6875,,,
1,46149,,0.59375,,,
1,46199,,0.6875,,,
1,46249,,0.71875,,,
1,46299,,0.8125,,,
1,46349,,0.71875,,,
1,46399,,0.6875,,,
1,46449,,0.71875,,,
1,46499,,0.8125,,,
1,46549,,0.78125,,,
1,46599,,0.75,,,
1,46649,,0.71875,,,
1,46699,,0.8125,,,
1,46749,,0.625,,,
1,46799,,0.875,,,
1,46849,,0.71875,,,
1,46899,,0.5625,,,
1,46949,,0.78125,,,
1,46999,,0.6875,,,
1,47049,,0.6875,,,
1,47099,,0.625,,,
1,47149,,0.65625,,,
1,47199,,0.84375,,,
1,47249,,0.53125,,,
1,47299,,0.625,,,
1,47349,,0.71875,,,
1,47399,,0.59375,,,
1,47449,,0.625,,,
1,47499,,0.53125,,,
1,47549,,0.625,,,
1,47599,,0.5625,,,
1,47649,,0.78125,,,
1,47699,,0.59375,,,
1,47749,,0.78125,,,
1,47799,,0.625,,,
1,47849,,0.625,,,
1,47899,,0.625,,,
1,47949,,0.71875,,,
1,47999,,0.71875,,,
1,48049,,0.625,,,
1,48099,,0.78125,,,
1,48149,,0.71875,,,
1,48199,,0.6875,,,
1,48249,,0.59375,,,
1,48299,,0.53125,,,
1,48349,,0.71875,,,
1,48399,,0.75,,,
1,48449,,0.5625,,,
1,48499,,0.8125,,,
1,48549,,0.6875,,,
1,48599,,0.6875,,,
1,48649,,0.78125,,,
1,48699,,0.6875,,,
1,48749,,0.5,,,
1,48799,,0.8125,,,
1,48849,,0.65625,,,
1,48899,,0.78125,,,
1,48949,,0.8125,,,
1,48999,,0.6875,,,
1,49049,,0.625,,,
1,49099,,0.6875,,,
1,49149,,0.65625,,,
1,49199,,0.75,,,
1,49249,,0.6875,,,
1,49299,,0.78125,,,
1,49349,,0.71875,,,
1,49399,,0.78125,,,
1,49449,,0.6875,,,
1,49499,,0.71875,,,
1,49549,,0.78125,,,
1,49599,,0.6875,,,
1,49649,,0.8125,,,
1,49699,,0.53125,,,
1,49749,,0.75,,,
1,49799,,0.625,,,
1,49849,,0.625,,,
1,49899,,0.875,,,
1,49949,,0.78125,,,
1,49999,,0.625,,,
1,50049,,0.5625,,,
1,50099,,0.5625,,,
1,50149,,0.65625,,,
1,50199,,0.6875,,,
1,50249,,0.59375,,,
1,50299,,0.8125,,,
1,50349,,0.75,,,
1,50399,,0.59375,,,
1,50449,,0.6875,,,
1,50499,,0.65625,,,
1,50549,,0.71875,,,
1,50599,,0.46875,,,
1,50649,,0.625,,,
1,50699,,0.78125,,,
1,50749,,0.625,,,
1,50799,,0.78125,,,
1,50849,,0.59375,,,
1,50899,,0.65625,,,
1,50949,,0.59375,,,
1,50999,,0.59375,,,
1,51049,,0.6875,,,
1,51099,,0.75,,,
1,51149,,0.625,,,
1,51199,,0.75,,,
1,51249,,0.75,,,
1,51299,,0.625,,,
1,51349,,0.65625,,,
1,51399,,0.71875,,,
1,51449,,0.71875,,,
1,51499,,0.625,,,
1,51549,,0.71875,,,
1,51599,,0.78125,,,
1,51649,,0.59375,,,
1,51699,,0.75,,,
1,51749,,0.75,,,
1,51799,,0.65625,,,
1,51849,,0.8125,,,
1,51899,,0.75,,,
1,51949,,0.75,,,
1,51999,,0.65625,,,
1,52049,,0.59375,,,
1,52099,,0.71875,,,
1,52149,,0.71875,,,
1,52199,,0.625,,,
1,52249,,0.6875,,,
1,52299,,0.625,,,
1,52349,,0.8125,,,
1,52399,,0.59375,,,
1,52449,,0.6875,,,
1,52499,,0.6875,,,
1,52549,,0.625,,,
1,52599,,0.78125,,,
1,52649,,0.78125,,,
1,52699,,0.625,,,
1,52749,,0.8125,,,
1,52799,,0.75,,,
1,52849,,0.8125,,,
1,52899,,0.71875,,,
1,52949,,0.6875,,,
1,52999,,0.71875,,,
1,53049,,0.65625,,,
1,53099,,0.8125,,,
1,53149,,0.75,,,
1,53199,,0.71875,,,
1,53249,,0.78125,,,
1,53299,,0.71875,,,
1,53349,,0.5625,,,
1,53399,,0.78125,,,
1,53449,,0.59375,,,
1,53499,,0.8125,,,
1,53549,,0.75,,,
1,53599,,0.75,,,
1,53649,,0.65625,,,
1,53699,,0.75,,,
1,53749,,0.6875,,,
1,53799,,0.71875,,,
1,53849,,0.6875,,,
1,53899,,0.8125,,,
1,53949,,0.78125,,,
1,53999,,0.65625,,,
1,54049,,0.8125,,,
1,54099,,0.59375,,,
1,54149,,0.65625,,,
1,54199,,0.6875,,,
1,54249,,0.6875,,,
1,54299,,0.5625,,,
1,54349,,0.65625,,,
1,54399,,0.75,,,
1,54449,,0.71875,,,
1,54499,,0.71875,,,
1,54549,,0.53125,,,
1,54599,,0.71875,,,
1,54649,,0.5625,,,
1,54699,,0.75,,,
1,54749,,0.71875,,,
1,54799,,0.75,,,
1,54849,,0.6875,,,
1,54899,,0.78125,,,
1,54949,,0.625,,,
1,54999,,0.71875,,,
1,55049,,0.59375,,,
1,55099,,0.75,,,
1,55149,,0.625,,,
1,55199,,0.71875,,,
1,55249,,0.65625,,,
1,55299,,0.71875,,,
1,55349,,0.84375,,,
1,55399,,0.75,,,
1,55449,,0.71875,,,
1,55499,,0.6875,,,
1,55549,,0.625,,,
1,55599,,0.6875,,,
1,55649,,0.84375,,,
1,55699,,0.625,,,
1,55749,,0.71875,,,
1,55799,,0.75,,,
1,55849,,0.6875,,,
1,55899,,0.78125,,,
1,55949,,0.78125,,,
1,55999,,0.6875,,,
1,56049,,0.78125,,,
1,56099,,0.75,,,
1,56149,,0.84375,,,
1,56199,,0.75,,,
1,56249,,0.84375,,,
1,56299,,0.59375,,,
1,56349,,0.5625,,,
1,56399,,0.59375,,,
1,56449,,0.75,,,
1,56499,,0.6875,,,
1,56549,,0.6875,,,
1,56599,,0.625,,,
1,56649,,0.8125,,,
1,56699,,0.625,,,
1,56749,,0.625,,,
1,56799,,0.90625,,,
1,56849,,0.6875,,,
1,56899,,0.75,,,
1,56949,,0.78125,,,
1,56999,,0.84375,,,
1,57049,,0.84375,,,
1,57099,,0.625,,,
1,57149,,0.78125,,,
1,57199,,0.5625,,,
1,57249,,0.59375,,,
1,57299,,0.59375,,,
1,57349,,0.5625,,,
1,57399,,0.71875,,,
1,57449,,0.75,,,
1,57473,,,,0.9192678332328796,1.4795045852661133
1,57473,0.7006592154502869,,0.7186117172241211,,
2,57499,,0.6875,,,
2,57549,,0.75,,,
2,57599,,0.75,,,
2,57649,,0.625,,,
2,57699,,0.75,,,
2,57749,,0.71875,,,
2,57799,,0.65625,,,
2,57849,,0.71875,,,
2,57899,,0.5625,,,
2,57949,,0.78125,,,
2,57999,,0.71875,,,
2,58049,,0.71875,,,
2,58099,,0.71875,,,
2,58149,,0.6875,,,
2,58199,,0.8125,,,
2,58249,,0.78125,,,
2,58299,,0.59375,,,
2,58349,,0.75,,,
2,58399,,0.71875,,,
2,58449,,0.75,,,
2,58499,,0.6875,,,
2,58549,,0.78125,,,
2,58599,,0.78125,,,
2,58649,,0.6875,,,
2,58699,,0.6875,,,
2,58749,,0.6875,,,
2,58799,,0.78125,,,
2,58849,,0.71875,,,
2,58899,,0.71875,,,
2,58949,,0.78125,,,
2,58999,,0.75,,,
2,59049,,0.75,,,
2,59099,,0.78125,,,
2,59149,,0.6875,,,
2,59199,,0.75,,,
2,59249,,0.78125,,,
2,59299,,0.71875,,,
2,59349,,0.75,,,
2,59399,,0.71875,,,
2,59449,,0.71875,,,
2,59499,,0.78125,,,
2,59549,,0.84375,,,
2,59599,,0.59375,,,
2,59649,,0.65625,,,
2,59699,,0.65625,,,
2,59749,,0.71875,,,
2,59799,,0.65625,,,
2,59849,,0.78125,,,
2,59899,,0.71875,,,
2,59949,,0.71875,,,
2,59999,,0.75,,,
2,60049,,0.8125,,,
2,60099,,0.65625,,,
2,60149,,0.8125,,,
2,60199,,0.84375,,,
2,60249,,0.78125,,,
2,60299,,0.75,,,
2,60349,,0.6875,,,
2,60399,,0.84375,,,
2,60449,,0.78125,,,
2,60499,,0.6875,,,
2,60549,,0.78125,,,
2,60599,,0.8125,,,
2,60649,,0.6875,,,
2,60699,,0.625,,,
2,60749,,0.65625,,,
2,60799,,0.6875,,,
2,60849,,0.78125,,,
2,60899,,0.71875,,,
2,60949,,0.65625,,,
2,60999,,0.78125,,,
2,61049,,0.71875,,,
2,61099,,0.65625,,,
2,61149,,0.625,,,
2,61199,,0.75,,,
2,61249,,0.65625,,,
2,61299,,0.875,,,
2,61349,,0.5625,,,
2,61399,,0.59375,,,
2,61449,,0.6875,,,
2,61499,,0.6875,,,
2,61549,,0.6875,,,
2,61599,,0.5625,,,
2,61649,,0.6875,,,
2,61699,,0.78125,,,
2,61749,,0.6875,,,
2,61799,,0.8125,,,
2,61849,,0.59375,,,
2,61899,,0.8125,,,
2,61949,,0.75,,,
2,61999,,0.6875,,,
2,62049,,0.75,,,
2,62099,,0.78125,,,
2,62149,,0.8125,,,
2,62199,,0.6875,,,
2,62249,,0.6875,,,
2,62299,,0.75,,,
2,62349,,0.75,,,
2,62399,,0.78125,,,
2,62449,,0.78125,,,
2,62499,,0.59375,,,
2,62549,,0.71875,,,
2,62599,,0.6875,,,
2,62649,,0.78125,,,
2,62699,,0.625,,,
2,62749,,0.75,,,
2,62799,,0.71875,,,
2,62849,,0.6875,,,
2,62899,,0.6875,,,
2,62949,,0.78125,,,
2,62999,,0.59375,,,
2,63049,,0.65625,,,
2,63099,,0.75,,,
2,63149,,0.6875,,,
2,63199,,0.75,,,
2,63249,,0.78125,,,
2,63299,,0.65625,,,
2,63349,,0.71875,,,
2,63399,,0.6875,,,
2,63449,,0.6875,,,
2,63499,,0.78125,,,
2,63549,,0.71875,,,
2,63599,,0.6875,,,
2,63649,,0.53125,,,
2,63699,,0.5625,,,
2,63749,,0.59375,,,
2,63799,,0.6875,,,
2,63849,,0.6875,,,
2,63899,,0.71875,,,
2,63949,,0.8125,,,
2,63999,,0.625,,,
2,64049,,0.71875,,,
2,64099,,0.6875,,,
2,64149,,0.625,,,
2,64199,,0.6875,,,
2,64249,,0.65625,,,
2,64299,,0.59375,,,
2,64349,,0.6875,,,
2,64399,,0.875,,,
2,64449,,0.625,,,
2,64499,,0.625,,,
2,64549,,0.65625,,,
2,64599,,0.75,,,
2,64649,,0.75,,,
2,64699,,0.65625,,,
2,64749,,0.78125,,,
2,64799,,0.6875,,,
2,64849,,0.6875,,,
2,64899,,0.65625,,,
2,64949,,0.8125,,,
2,64999,,0.71875,,,
2,65049,,0.65625,,,
2,65099,,0.71875,,,
2,65149,,0.78125,,,
2,65199,,0.75,,,
2,65249,,0.8125,,,
2,65299,,0.78125,,,
2,65349,,0.71875,,,
2,65399,,0.71875,,,
2,65449,,0.78125,,,
2,65499,,0.6875,,,
2,65549,,0.6875,,,
2,65599,,0.65625,,,
2,65649,,0.75,,,
2,65699,,0.8125,,,
2,65749,,0.90625,,,
2,65799,,0.8125,,,
2,65849,,0.71875,,,
2,65899,,0.78125,,,
2,65949,,0.6875,,,
2,65999,,0.6875,,,
2,66049,,0.6875,,,
2,66099,,0.59375,,,
2,66149,,0.59375,,,
2,66199,,0.75,,,
2,66249,,0.65625,,,
2,66299,,0.78125,,,
2,66349,,0.78125,,,
2,66399,,0.75,,,
2,66449,,0.625,,,
2,66499,,0.6875,,,
2,66549,,0.71875,,,
2,66599,,0.59375,,,
2,66649,,0.6875,,,
2,66699,,0.84375,,,
2,66749,,0.6875,,,
2,66799,,0.6875,,,
2,66849,,0.6875,,,
2,66899,,0.875,,,
2,66949,,0.53125,,,
2,66999,,0.59375,,,
2,67049,,0.59375,,,
2,67099,,0.625,,,
2,67149,,0.78125,,,
2,67199,,0.75,,,
2,67249,,0.625,,,
2,67299,,0.6875,,,
2,67349,,0.71875,,,
2,67399,,0.59375,,,
2,67449,,0.6875,,,
2,67499,,0.6875,,,
2,67549,,0.78125,,,
2,67599,,0.75,,,
2,67649,,0.75,,,
2,67699,,0.71875,,,
2,67749,,0.84375,,,
2,67799,,0.8125,,,
2,67849,,0.78125,,,
2,67899,,0.75,,,
2,67949,,0.53125,,,
2,67999,,0.75,,,
2,68049,,0.53125,,,
2,68099,,0.75,,,
2,68149,,0.625,,,
2,68199,,0.59375,,,
2,68249,,0.65625,,,
2,68299,,0.6875,,,
2,68349,,0.875,,,
2,68399,,0.71875,,,
2,68449,,0.6875,,,
2,68499,,0.78125,,,
2,68549,,0.75,,,
2,68599,,0.75,,,
2,68649,,0.625,,,
2,68699,,0.5625,,,
2,68749,,0.65625,,,
2,68799,,0.625,,,
2,68849,,0.59375,,,
2,68899,,0.6875,,,
2,68949,,0.65625,,,
2,68999,,0.75,,,
2,69049,,0.59375,,,
2,69099,,0.625,,,
2,69149,,0.59375,,,
2,69199,,0.53125,,,
2,69249,,0.8125,,,
2,69299,,0.59375,,,
2,69349,,0.71875,,,
2,69399,,0.8125,,,
2,69449,,0.78125,,,
2,69499,,0.75,,,
2,69549,,0.65625,,,
2,69599,,0.8125,,,
2,69649,,0.8125,,,
2,69699,,0.75,,,
2,69749,,0.71875,,,
2,69799,,0.46875,,,
2,69849,,0.71875,,,
2,69899,,0.75,,,
2,69949,,0.65625,,,
2,69999,,0.4375,,,
2,70049,,0.53125,,,
2,70099,,0.625,,,
2,70149,,0.8125,,,
2,70199,,0.8125,,,
2,70249,,0.6875,,,
2,70299,,0.75,,,
2,70349,,0.6875,,,
2,70399,,0.75,,,
2,70449,,0.71875,,,
2,70499,,0.75,,,
2,70549,,0.75,,,
2,70599,,0.59375,,,
2,70649,,0.8125,,,
2,70699,,0.71875,,,
2,70749,,0.71875,,,
2,70799,,0.6875,,,
2,70849,,0.65625,,,
2,70899,,0.71875,,,
2,70949,,0.78125,,,
2,70999,,0.78125,,,
2,71049,,0.59375,,,
2,71099,,0.6875,,,
2,71149,,0.625,,,
2,71199,,0.75,,,
2,71249,,0.5625,,,
2,71299,,0.78125,,,
2,71349,,0.75,,,
2,71399,,0.59375,,,
2,71449,,0.65625,,,
2,71499,,0.625,,,
2,71549,,0.75,,,
2,71599,,0.71875,,,
2,71649,,0.71875,,,
2,71699,,0.5,,,
2,71749,,0.9375,,,
2,71799,,0.875,,,
2,71849,,0.75,,,
2,71899,,0.71875,,,
2,71949,,0.6875,,,
2,71999,,0.65625,,,
2,72049,,0.65625,,,
2,72099,,0.625,,,
2,72149,,0.8125,,,
2,72199,,0.71875,,,
2,72249,,0.75,,,
2,72299,,0.625,,,
2,72349,,0.625,,,
2,72399,,0.625,,,
2,72449,,0.78125,,,
2,72499,,0.65625,,,
2,72549,,0.65625,,,
2,72599,,0.6875,,,
2,72649,,0.78125,,,
2,72699,,0.78125,,,
2,72749,,0.71875,,,
2,72799,,0.71875,,,
2,72849,,0.78125,,,
2,72899,,0.6875,,,
2,72949,,0.71875,,,
2,72999,,0.6875,,,
2,73049,,0.71875,,,
2,73099,,0.75,,,
2,73149,,0.59375,,,
2,73199,,0.59375,,,
2,73249,,0.75,,,
2,73299,,0.65625,,,
2,73349,,0.8125,,,
2,73399,,0.71875,,,
2,73449,,0.78125,,,
2,73499,,0.625,,,
2,73549,,0.75,,,
2,73599,,0.78125,,,
2,73649,,0.9375,,,
2,73699,,0.75,,,
2,73749,,0.71875,,,
2,73799,,0.71875,,,
2,73849,,0.9375,,,
2,73899,,0.6875,,,
2,73949,,0.6875,,,
2,73999,,0.71875,,,
2,74049,,0.65625,,,
2,74099,,0.84375,,,
2,74149,,0.875,,,
2,74199,,0.6875,,,
2,74249,,0.71875,,,
2,74299,,0.71875,,,
2,74349,,0.71875,,,
2,74399,,0.8125,,,
2,74449,,0.78125,,,
2,74499,,0.59375,,,
2,74549,,0.78125,,,
2,74599,,0.5,,,
2,74649,,0.625,,,
2,74699,,0.625,,,
2,74749,,0.78125,,,
2,74799,,0.65625,,,
2,74849,,0.6875,,,
2,74899,,0.78125,,,
2,74949,,0.625,,,
2,74999,,0.78125,,,
2,75049,,0.65625,,,
2,75099,,0.75,,,
2,75149,,0.75,,,
2,75199,,0.65625,,,
2,75249,,0.78125,,,
2,75299,,0.8125,,,
2,75349,,0.6875,,,
2,75399,,0.71875,,,
2,75449,,0.65625,,,
2,75499,,0.625,,,
2,75549,,0.78125,,,
2,75599,,0.65625,,,
2,75649,,0.75,,,
2,75699,,0.71875,,,
2,75749,,0.65625,,,
2,75799,,0.5625,,,
2,75849,,0.8125,,,
2,75899,,0.8125,,,
2,75949,,0.65625,,,
2,75999,,0.6875,,,
2,76049,,0.75,,,
2,76099,,0.65625,,,
2,76149,,0.59375,,,
2,76199,,0.75,,,
2,76249,,0.5625,,,
2,76299,,0.6875,,,
2,76349,,0.6875,,,
2,76399,,0.71875,,,
2,76449,,0.65625,,,
2,76499,,0.71875,,,
2,76549,,0.75,,,
2,76599,,0.78125,,,
2,76649,,0.6875,,,
2,76699,,0.71875,,,
2,76749,,0.8125,,,
2,76799,,0.78125,,,
2,76849,,0.78125,,,
2,76899,,0.625,,,
2,76949,,0.78125,,,
2,76999,,0.8125,,,
2,77049,,0.59375,,,
2,77099,,0.75,,,
2,77149,,0.71875,,,
2,77199,,0.53125,,,
2,77249,,0.65625,,,
2,77299,,0.65625,,,
2,77349,,0.75,,,
2,77399,,0.75,,,
2,77449,,0.6875,,,
2,77499,,0.6875,,,
2,77549,,0.59375,,,
2,77599,,0.8125,,,
2,77649,,0.625,,,
2,77699,,0.8125,,,
2,77749,,0.75,,,
2,77799,,0.75,,,
2,77849,,0.75,,,
2,77899,,0.75,,,
2,77949,,0.65625,,,
2,77999,,0.78125,,,
2,78049,,0.84375,,,
2,78099,,0.71875,,,
2,78149,,0.71875,,,
2,78199,,0.46875,,,
2,78249,,0.875,,,
2,78299,,0.71875,,,
2,78349,,0.6875,,,
2,78399,,0.65625,,,
2,78449,,0.8125,,,
2,78499,,0.75,,,
2,78549,,0.59375,,,
2,78599,,0.78125,,,
2,78649,,0.6875,,,
2,78699,,0.65625,,,
2,78749,,0.8125,,,
2,78799,,0.78125,,,
2,78849,,0.625,,,
2,78899,,0.71875,,,
2,78949,,0.71875,,,
2,78999,,0.71875,,,
2,79049,,0.6875,,,
2,79099,,0.59375,,,
2,79149,,0.65625,,,
2,79199,,0.90625,,,
2,79249,,0.6875,,,
2,79299,,0.59375,,,
2,79349,,0.65625,,,
2,79399,,0.6875,,,
2,79449,,0.84375,,,
2,79499,,0.78125,,,
2,79549,,0.75,,,
2,79599,,0.65625,,,
2,79649,,0.6875,,,
2,79699,,0.71875,,,
2,79749,,0.75,,,
2,79799,,0.625,,,
2,79849,,0.65625,,,
2,79899,,0.6875,,,
2,79949,,0.84375,,,
2,79999,,0.78125,,,
2,80049,,0.78125,,,
2,80099,,0.78125,,,
2,80149,,0.5625,,,
2,80199,,0.75,,,
2,80249,,0.625,,,
2,80299,,0.71875,,,
2,80349,,0.75,,,
2,80399,,0.65625,,,
2,80449,,0.75,,,
2,80499,,0.625,,,
2,80549,,0.71875,,,
2,80599,,0.6875,,,
2,80649,,0.625,,,
2,80699,,0.65625,,,
2,80749,,0.8125,,,
2,80799,,0.5625,,,
2,80849,,0.6875,,,
2,80899,,0.53125,,,
2,80949,,0.78125,,,
2,80999,,0.65625,,,
2,81049,,0.625,,,
2,81099,,0.75,,,
2,81149,,0.6875,,,
2,81199,,0.6875,,,
2,81249,,0.71875,,,
2,81299,,0.75,,,
2,81349,,0.84375,,,
2,81399,,0.75,,,
2,81449,,0.625,,,
2,81499,,0.65625,,,
2,81549,,0.71875,,,
2,81599,,0.78125,,,
2,81649,,0.8125,,,
2,81699,,0.8125,,,
2,81749,,0.78125,,,
2,81799,,0.78125,,,
2,81849,,0.78125,,,
2,81899,,0.65625,,,
2,81949,,0.8125,,,
2,81999,,0.75,,,
2,82049,,0.65625,,,
2,82099,,0.5625,,,
2,82149,,0.625,,,
2,82199,,0.78125,,,
2,82249,,0.75,,,
2,82299,,0.78125,,,
2,82349,,0.75,,,
2,82399,,0.65625,,,
2,82449,,0.65625,,,
2,82499,,0.75,,,
2,82549,,0.65625,,,
2,82599,,0.59375,,,
2,82649,,0.6875,,,
2,82699,,0.84375,,,
2,82749,,0.625,,,
2,82799,,0.71875,,,
2,82849,,0.46875,,,
2,82899,,0.8125,,,
2,82949,,0.75,,,
2,82999,,0.71875,,,
2,83049,,0.65625,,,
2,83099,,0.6875,,,
2,83149,,0.71875,,,
2,83199,,0.78125,,,
2,83249,,0.625,,,
2,83299,,0.84375,,,
2,83349,,0.65625,,,
2,83399,,0.65625,,,
2,83449,,0.75,,,
2,83499,,0.71875,,,
2,83549,,0.75,,,
2,83599,,0.625,,,
2,83649,,0.625,,,
2,83699,,0.625,,,
2,83749,,0.78125,,,
2,83799,,0.875,,,
2,83849,,0.59375,,,
2,83899,,0.84375,,,
2,83949,,0.75,,,
2,83999,,0.6875,,,
2,84049,,0.6875,,,
2,84099,,0.59375,,,
2,84149,,0.75,,,
2,84199,,0.65625,,,
2,84249,,0.71875,,,
2,84299,,0.6875,,,
2,84349,,0.75,,,
2,84399,,0.59375,,,
2,84449,,0.6875,,,
2,84499,,0.84375,,,
2,84549,,0.65625,,,
2,84599,,0.65625,,,
2,84649,,0.625,,,
2,84699,,0.71875,,,
2,84749,,0.65625,,,
2,84799,,0.59375,,,
2,84849,,0.78125,,,
2,84899,,0.625,,,
2,84949,,0.6875,,,
2,84999,,0.71875,,,
2,85049,,0.6875,,,
2,85099,,0.875,,,
2,85149,,0.5625,,,
2,85199,,0.78125,,,
2,85249,,0.78125,,,
2,85299,,0.75,,,
2,85349,,0.65625,,,
2,85399,,0.71875,,,
2,85449,,0.75,,,
2,85499,,0.625,,,
2,85549,,0.71875,,,
2,85599,,0.71875,,,
2,85649,,0.84375,,,
2,85699,,0.4375,,,
2,85749,,0.59375,,,
2,85799,,0.625,,,
2,85849,,0.75,,,
2,85899,,0.625,,,
2,85949,,0.625,,,
2,85999,,0.8125,,,
2,86049,,0.625,,,
2,86099,,0.75,,,
2,86149,,0.625,,,
2,86199,,0.71875,,,
2,86210,,,,0.9142568707466125,1.4714398384094238
2,86210,0.7071719169616699,,0.7019234895706177,,
3,86249,,0.5625,,,
3,86299,,0.875,,,
3,86349,,0.65625,,,
3,86399,,0.59375,,,
3,86449,,0.71875,,,
3,86499,,0.78125,,,
3,86549,,0.6875,,,
3,86599,,0.78125,,,
3,86649,,0.71875,,,
3,86699,,0.75,,,
3,86749,,0.75,,,
3,86799,,0.53125,,,
3,86849,,0.8125,,,
3,86899,,0.59375,,,
3,86949,,0.84375,,,
3,86999,,0.65625,,,
3,87049,,0.6875,,,
3,87099,,0.8125,,,
3,87149,,0.8125,,,
3,87199,,0.78125,,,
3,87249,,0.625,,,
3,87299,,0.625,,,
3,87349,,0.78125,,,
3,87399,,0.84375,,,
3,87449,,0.65625,,,
3,87499,,0.6875,,,
3,87549,,0.65625,,,
3,87599,,0.65625,,,
3,87649,,0.84375,,,
3,87699,,0.8125,,,
3,87749,,0.84375,,,
3,87799,,0.75,,,
3,87849,,0.65625,,,
3,87899,,0.78125,,,
3,87949,,0.75,,,
3,87999,,0.78125,,,
3,88049,,0.71875,,,
3,88099,,0.84375,,,
3,88149,,0.65625,,,
3,88199,,0.625,,,
3,88249,,0.6875,,,
3,88299,,0.75,,,
3,88349,,0.6875,,,
3,88399,,0.8125,,,
3,88449,,0.75,,,
3,88499,,0.78125,,,
3,88549,,0.75,,,
3,88599,,0.65625,,,
3,88649,,0.6875,,,
3,88699,,0.75,,,
3,88749,,0.78125,,,
3,88799,,0.65625,,,
3,88849,,0.78125,,,
3,88899,,0.75,,,
3,88949,,0.71875,,,
3,88999,,0.71875,,,
3,89049,,0.59375,,,
3,89099,,0.875,,,
3,89149,,0.6875,,,
3,89199,,0.65625,,,
3,89249,,0.75,,,
3,89299,,0.65625,,,
3,89349,,0.75,,,
3,89399,,0.71875,,,
3,89449,,0.875,,,
3,89499,,0.65625,,,
3,89549,,0.75,,,
3,89599,,0.75,,,
3,89649,,0.8125,,,
3,89699,,0.5625,,,
3,89749,,0.5625,,,
3,89799,,0.71875,,,
3,89849,,0.75,,,
3,89899,,0.65625,,,
3,89949,,0.75,,,
3,89999,,0.78125,,,
3,90049,,0.71875,,,
3,90099,,0.71875,,,
3,90149,,0.71875,,,
3,90199,,0.71875,,,
3,90249,,0.75,,,
3,90299,,0.71875,,,
3,90349,,0.8125,,,
3,90399,,0.84375,,,
3,90449,,0.59375,,,
3,90499,,0.625,,,
3,90549,,0.8125,,,
3,90599,,0.84375,,,
3,90649,,0.8125,,,
3,90699,,0.59375,,,
3,90749,,0.9375,,,
3,90799,,0.8125,,,
3,90849,,0.90625,,,
3,90899,,0.75,,,
3,90949,,0.65625,,,
3,90999,,0.75,,,
3,91049,,0.78125,,,
3,91099,,0.78125,,,
3,91149,,0.6875,,,
3,91199,,0.5625,,,
3,91249,,0.5625,,,
3,91299,,0.8125,,,
3,91349,,0.6875,,,
3,91399,,0.71875,,,
3,91449,,0.78125,,,
3,91499,,0.625,,,
3,91549,,0.78125,,,
3,91599,,0.78125,,,
3,91649,,0.6875,,,
3,91699,,0.5,,,
3,91749,,0.65625,,,
3,91799,,0.875,,,
3,91849,,0.8125,,,
3,91899,,0.71875,,,
3,91949,,0.65625,,,
3,91999,,0.75,,,
3,92049,,0.65625,,,
3,92099,,0.71875,,,
3,92149,,0.71875,,,
3,92199,,0.75,,,
3,92249,,0.59375,,,
3,92299,,0.8125,,,
3,92349,,0.71875,,,
3,92399,,0.71875,,,
3,92449,,0.5625,,,
3,92499,,0.6875,,,
3,92549,,0.78125,,,
3,92599,,0.625,,,
3,92649,,0.71875,,,
3,92699,,0.625,,,
3,92749,,0.875,,,
3,92799,,0.78125,,,
3,92849,,0.71875,,,
3,92899,,0.71875,,,
3,92949,,0.625,,,
3,92999,,0.53125,,,
3,93049,,0.59375,,,
3,93099,,0.71875,,,
3,93149,,0.6875,,,
3,93199,,0.75,,,
3,93249,,0.65625,,,
3,93299,,0.8125,,,
3,93349,,0.71875,,,
3,93399,,0.71875,,,
3,93449,,0.78125,,,
3,93499,,0.71875,,,
3,93549,,0.78125,,,
3,93599,,0.71875,,,
3,93649,,0.65625,,,
3,93699,,0.78125,,,
3,93749,,0.625,,,
3,93799,,0.65625,,,
3,93849,,0.8125,,,
3,93899,,0.625,,,
3,93949,,0.84375,,,
3,93999,,0.65625,,,
3,94049,,0.8125,,,
3,94099,,0.78125,,,
3,94149,,0.71875,,,
3,94199,,0.65625,,,
3,94249,,0.5,,,
3,94299,,0.75,,,
3,94349,,0.8125,,,
3,94399,,0.71875,,,
3,94449,,0.8125,,,
3,94499,,0.59375,,,
3,94549,,0.625,,,
3,94599,,0.6875,,,
3,94649,,0.75,,,
3,94699,,0.65625,,,
3,94749,,0.65625,,,
3,94799,,0.65625,,,
3,94849,,0.75,,,
3,94899,,0.78125,,,
3,94949,,0.65625,,,
3,94999,,0.75,,,
3,95049,,0.5625,,,
3,95099,,0.78125,,,
3,95149,,0.71875,,,
3,95199,,0.78125,,,
3,95249,,0.8125,,,
3,95299,,0.71875,,,
3,95349,,0.71875,,,
3,95399,,0.65625,,,
3,95449,,0.71875,,,
3,95499,,0.625,,,
3,95549,,0.71875,,,
3,95599,,0.65625,,,
3,95649,,0.6875,,,
3,95699,,0.8125,,,
3,95749,,0.84375,,,
3,95799,,0.78125,,,
3,95849,,0.65625,,,
3,95899,,0.65625,,,
3,95949,,0.6875,,,
3,95999,,0.71875,,,
3,96049,,0.625,,,
3,96099,,0.5625,,,
3,96149,,0.875,,,
3,96199,,0.625,,,
3,96249,,0.625,,,
3,96299,,0.8125,,,
3,96349,,0.59375,,,
3,96399,,0.84375,,,
3,96449,,0.53125,,,
3,96499,,0.84375,,,
3,96549,,0.78125,,,
3,96599,,0.65625,,,
3,96649,,0.84375,,,
3,96699,,0.65625,,,
3,96749,,0.75,,,
3,96799,,0.8125,,,
3,96849,,0.78125,,,
3,96899,,0.875,,,
3,96949,,0.71875,,,
3,96999,,0.8125,,,
3,97049,,0.5625,,,
3,97099,,0.75,,,
3,97149,,0.71875,,,
3,97199,,0.65625,,,
3,97249,,0.90625,,,
3,97299,,0.65625,,,
3,97349,,0.625,,,
3,97399,,0.625,,,
3,97449,,0.78125,,,
3,97499,,0.625,,,
3,97549,,0.84375,,,
3,97599,,0.6875,,,
3,97649,,0.71875,,,
3,97699,,0.6875,,,
3,97749,,0.8125,,,
3,97799,,0.78125,,,
3,97849,,0.71875,,,
3,97899,,0.6875,,,
3,97949,,0.78125,,,
3,97999,,0.75,,,
3,98049,,0.6875,,,
3,98099,,0.71875,,,
3,98149,,0.8125,,,
3,98199,,0.625,,,
3,98249,,0.71875,,,
3,98299,,0.65625,,,
3,98349,,0.78125,,,
3,98399,,0.6875,,,
3,98449,,0.71875,,,
3,98499,,0.71875,,,
3,98549,,0.75,,,
3,98599,,0.75,,,
3,98649,,0.71875,,,
3,98699,,0.71875,,,
3,98749,,0.75,,,
3,98799,,0.8125,,,
3,98849,,0.6875,,,
3,98899,,0.625,,,
3,98949,,0.625,,,
3,98999,,0.71875,,,
3,99049,,0.5625,,,
3,99099,,0.625,,,
3,99149,,0.8125,,,
3,99199,,0.6875,,,
3,99249,,0.8125,,,
3,99299,,0.71875,,,
3,99349,,0.6875,,,
3,99399,,0.6875,,,
3,99449,,0.71875,,,
3,99499,,0.84375,,,
3,99549,,0.8125,,,
3,99599,,0.75,,,
3,99649,,0.8125,,,
3,99699,,0.75,,,
3,99749,,0.6875,,,
3,99799,,0.59375,,,
3,99849,,0.6875,,,
3,99899,,0.8125,,,
3,99949,,0.71875,,,
3,99999,,0.75,,,
3,100049,,0.71875,,,
3,100099,,0.71875,,,
3,100149,,0.6875,,,
3,100199,,0.78125,,,
3,100249,,0.71875,,,
3,100299,,0.625,,,
3,100349,,0.625,,,
3,100399,,0.65625,,,
3,100449,,0.65625,,,
3,100499,,0.75,,,
3,100549,,0.78125,,,
3,100599,,0.8125,,,
3,100649,,0.6875,,,
3,100699,,0.71875,,,
3,100749,,0.71875,,,
3,100799,,0.78125,,,
3,100849,,0.71875,,,
3,100899,,0.65625,,,
3,100949,,0.6875,,,
3,100999,,0.8125,,,
3,101049,,0.53125,,,
3,101099,,0.75,,,
3,101149,,0.6875,,,
3,101199,,0.6875,,,
3,101249,,0.6875,,,
3,101299,,0.65625,,,
3,101349,,0.875,,,
3,101399,,0.71875,,,
3,101449,,0.6875,,,
3,101499,,0.625,,,
3,101549,,0.71875,,,
3,101599,,0.75,,,
3,101649,,0.75,,,
3,101699,,0.8125,,,
3,101749,,0.65625,,,
3,101799,,0.6875,,,
3,101849,,0.625,,,
3,101899,,0.6875,,,
3,101949,,0.59375,,,
3,101999,,0.75,,,
3,102049,,0.625,,,
3,102099,,0.6875,,,
3,102149,,0.75,,,
3,102199,,0.75,,,
3,102249,,0.71875,,,
3,102299,,0.71875,,,
3,102349,,0.8125,,,
3,102399,,0.65625,,,
3,102449,,0.71875,,,
3,102499,,0.625,,,
3,102549,,0.75,,,
3,102599,,0.625,,,
3,102649,,0.65625,,,
3,102699,,0.75,,,
3,102749,,0.75,,,
3,102799,,0.75,,,
3,102849,,0.6875,,,
3,102899,,0.75,,,
3,102949,,0.5625,,,
3,102999,,0.84375,,,
3,103049,,0.65625,,,
3,103099,,0.75,,,
3,103149,,0.6875,,,
3,103199,,0.6875,,,
3,103249,,0.65625,,,
3,103299,,0.8125,,,
3,103349,,0.8125,,,
3,103399,,0.625,,,
3,103449,,0.75,,,
3,103499,,0.59375,,,
3,103549,,0.6875,,,
3,103599,,0.65625,,,
3,103649,,0.65625,,,
3,103699,,0.84375,,,
3,103749,,0.75,,,
3,103799,,0.75,,,
3,103849,,0.75,,,
3,103899,,0.8125,,,
3,103949,,0.65625,,,
3,103999,,0.84375,,,
3,104049,,0.75,,,
3,104099,,0.8125,,,
3,104149,,0.75,,,
3,104199,,0.65625,,,
3,104249,,0.71875,,,
3,104299,,0.625,,,
3,104349,,0.65625,,,
3,104399,,0.8125,,,
3,104449,,0.53125,,,
3,104499,,0.71875,,,
3,104549,,0.65625,,,
3,104599,,0.84375,,,
3,104649,,0.75,,,
3,104699,,0.875,,,
3,104749,,0.78125,,,
3,104799,,0.6875,,,
3,104849,,0.78125,,,
3,104899,,0.78125,,,
3,104949,,0.71875,,,
3,104999,,0.78125,,,
3,105049,,0.5625,,,
3,105099,,0.5625,,,
3,105149,,0.59375,,,
3,105199,,0.8125,,,
3,105249,,0.78125,,,
3,105299,,0.6875,,,
3,105349,,0.6875,,,
3,105399,,0.78125,,,
3,105449,,0.8125,,,
3,105499,,0.71875,,,
3,105549,,0.78125,,,
3,105599,,0.75,,,
3,105649,,0.53125,,,
3,105699,,0.6875,,,
3,105749,,0.8125,,,
3,105799,,0.71875,,,
3,105849,,0.65625,,,
3,105899,,0.625,,,
3,105949,,0.84375,,,
3,105999,,0.6875,,,
3,106049,,0.75,,,
3,106099,,0.8125,,,
3,106149,,0.8125,,,
3,106199,,0.65625,,,
3,106249,,0.71875,,,
3,106299,,0.75,,,
3,106349,,0.65625,,,
3,106399,,0.625,,,
3,106449,,0.78125,,,
3,106499,,0.71875,,,
3,106549,,0.71875,,,
3,106599,,0.71875,,,
3,106649,,0.78125,,,
3,106699,,0.625,,,
3,106749,,0.65625,,,
3,106799,,0.875,,,
3,106849,,0.84375,,,
3,106899,,0.75,,,
3,106949,,0.8125,,,
3,106999,,0.59375,,,
3,107049,,0.65625,,,
3,107099,,0.71875,,,
3,107149,,0.78125,,,
3,107199,,0.75,,,
3,107249,,0.78125,,,
3,107299,,0.78125,,,
3,107349,,0.625,,,
3,107399,,0.65625,,,
3,107449,,0.6875,,,
3,107499,,0.71875,,,
3,107549,,0.5625,,,
3,107599,,0.875,,,
3,107649,,0.71875,,,
3,107699,,0.5625,,,
3,107749,,0.5625,,,
3,107799,,0.625,,,
3,107849,,0.6875,,,
3,107899,,0.625,,,
3,107949,,0.875,,,
3,107999,,0.8125,,,
3,108049,,0.84375,,,
3,108099,,0.625,,,
3,108149,,0.71875,,,
3,108199,,0.53125,,,
3,108249,,0.6875,,,
3,108299,,0.8125,,,
3,108349,,0.6875,,,
3,108399,,0.75,,,
3,108449,,0.6875,,,
3,108499,,0.84375,,,
3,108549,,0.75,,,
3,108599,,0.71875,,,
3,108649,,0.75,,,
3,108699,,0.71875,,,
3,108749,,0.71875,,,
3,108799,,0.75,,,
3,108849,,0.6875,,,
3,108899,,0.5625,,,
3,108949,,0.65625,,,
3,108999,,0.78125,,,
3,109049,,0.6875,,,
3,109099,,0.875,,,
3,109149,,0.65625,,,
3,109199,,0.84375,,,
3,109249,,0.75,,,
3,109299,,0.8125,,,
3,109349,,0.59375,,,
3,109399,,0.6875,,,
3,109449,,0.71875,,,
3,109499,,0.71875,,,
3,109549,,0.625,,,
3,109599,,0.5625,,,
3,109649,,0.625,,,
3,109699,,0.84375,,,
3,109749,,0.84375,,,
3,109799,,0.71875,,,
3,109849,,0.71875,,,
3,109899,,0.71875,,,
3,109949,,0.625,,,
3,109999,,0.6875,,,
3,110049,,0.78125,,,
3,110099,,0.71875,,,
3,110149,,0.65625,,,
3,110199,,0.8125,,,
3,110249,,0.78125,,,
3,110299,,0.71875,,,
3,110349,,0.71875,,,
3,110399,,0.84375,,,
3,110449,,0.59375,,,
3,110499,,0.6875,,,
3,110549,,0.71875,,,
3,110599,,0.8125,,,
3,110649,,0.65625,,,
3,110699,,0.6875,,,
3,110749,,0.71875,,,
3,110799,,0.65625,,,
3,110849,,0.875,,,
3,110899,,0.78125,,,
3,110949,,0.78125,,,
3,110999,,0.6875,,,
3,111049,,0.625,,,
3,111099,,0.84375,,,
3,111149,,0.71875,,,
3,111199,,0.84375,,,
3,111249,,0.625,,,
3,111299,,0.71875,,,
3,111349,,0.625,,,
3,111399,,0.75,,,
3,111449,,0.65625,,,
3,111499,,0.65625,,,
3,111549,,0.71875,,,
3,111599,,0.6875,,,
3,111649,,0.71875,,,
3,111699,,0.71875,,,
3,111749,,0.8125,,,
3,111799,,0.71875,,,
3,111849,,0.65625,,,
3,111899,,0.78125,,,
3,111949,,0.65625,,,
3,111999,,0.75,,,
3,112049,,0.75,,,
3,112099,,0.71875,,,
3,112149,,0.75,,,
3,112199,,0.65625,,,
3,112249,,0.75,,,
3,112299,,0.84375,,,
3,112349,,0.6875,,,
3,112399,,0.71875,,,
3,112449,,0.65625,,,
3,112499,,0.75,,,
3,112549,,0.65625,,,
3,112599,,0.78125,,,
3,112649,,0.6875,,,
3,112699,,0.75,,,
3,112749,,0.59375,,,
3,112799,,0.78125,,,
3,112849,,0.75,,,
3,112899,,0.53125,,,
3,112949,,0.71875,,,
3,112999,,0.625,,,
3,113049,,0.8125,,,
3,113099,,0.6875,,,
3,113149,,0.75,,,
3,113199,,0.6875,,,
3,113249,,0.78125,,,
3,113299,,0.625,,,
3,113349,,0.71875,,,
3,113399,,0.5625,,,
3,113449,,0.65625,,,
3,113499,,0.71875,,,
3,113549,,0.59375,,,
3,113599,,0.71875,,,
3,113649,,0.65625,,,
3,113699,,0.65625,,,
3,113749,,0.84375,,,
3,113799,,0.75,,,
3,113849,,0.625,,,
3,113899,,0.6875,,,
3,113949,,0.71875,,,
3,113999,,0.625,,,
3,114049,,0.65625,,,
3,114099,,0.6875,,,
3,114149,,0.65625,,,
3,114199,,0.65625,,,
3,114249,,0.65625,,,
3,114299,,0.625,,,
3,114349,,0.8125,,,
3,114399,,0.84375,,,
3,114449,,0.75,,,
3,114499,,0.625,,,
3,114549,,0.65625,,,
3,114599,,0.6875,,,
3,114649,,0.6875,,,
3,114699,,0.625,,,
3,114749,,0.65625,,,
3,114799,,0.65625,,,
3,114849,,0.84375,,,
3,114899,,0.5625,,,
3,114947,,,,0.9343007206916809,1.5036991834640503
3,114947,0.712538480758667,,0.6900222897529602,,
4,114949,,0.8125,,,
4,114999,,0.8125,,,
4,115049,,0.6875,,,
4,115099,,0.90625,,,
4,115149,,0.78125,,,
4,115199,,0.65625,,,
4,115249,,0.8125,,,
4,115299,,0.65625,,,
4,115349,,0.71875,,,
4,115399,,0.78125,,,
4,115449,,0.75,,,
4,115499,,0.875,,,
4,115549,,0.65625,,,
4,115599,,0.6875,,,
4,115649,,0.75,,,
4,115699,,0.78125,,,
4,115749,,0.6875,,,
4,115799,,0.78125,,,
4,115849,,0.84375,,,
4,115899,,0.71875,,,
4,115949,,0.6875,,,
4,115999,,0.8125,,,
4,116049,,0.875,,,
4,116099,,0.65625,,,
4,116149,,0.53125,,,
4,116199,,0.8125,,,
4,116249,,0.8125,,,
4,116299,,0.78125,,,
4,116349,,0.71875,,,
4,116399,,0.71875,,,
4,116449,,0.71875,,,
4,116499,,0.6875,,,
4,116549,,0.78125,,,
4,116599,,0.78125,,,
4,116649,,0.5625,,,
4,116699,,0.6875,,,
4,116749,,0.6875,,,
4,116799,,0.6875,,,
4,116849,,0.84375,,,
4,116899,,0.53125,,,
4,116949,,0.75,,,
4,116999,,0.6875,,,
4,117049,,0.59375,,,
4,117099,,0.65625,,,
4,117149,,0.78125,,,
4,117199,,0.6875,,,
4,117249,,0.71875,,,
4,117299,,0.75,,,
4,117349,,0.6875,,,
4,117399,,0.59375,,,
4,117449,,0.6875,,,
4,117499,,0.71875,,,
4,117549,,0.78125,,,
4,117599,,0.6875,,,
4,117649,,0.71875,,,
4,117699,,0.78125,,,
4,117749,,0.75,,,
4,117799,,0.875,,,
4,117849,,0.75,,,
4,117899,,0.625,,,
4,117949,,0.84375,,,
4,117999,,0.71875,,,
4,118049,,0.78125,,,
4,118099,,0.90625,,,
4,118149,,0.71875,,,
4,118199,,0.65625,,,
4,118249,,0.75,,,
4,118299,,0.78125,,,
4,118349,,0.78125,,,
4,118399,,0.75,,,
4,118449,,0.65625,,,
4,118499,,0.65625,,,
4,118549,,0.71875,,,
4,118599,,0.84375,,,
4,118649,,0.71875,,,
4,118699,,0.65625,,,
4,118749,,0.84375,,,
4,118799,,0.6875,,,
4,118849,,0.71875,,,
4,118899,,0.75,,,
4,118949,,0.71875,,,
4,118999,,0.78125,,,
4,119049,,0.71875,,,
4,119099,,0.625,,,
4,119149,,0.65625,,,
4,119199,,0.75,,,
4,119249,,0.875,,,
4,119299,,0.75,,,
4,119349,,0.59375,,,
4,119399,,0.78125,,,
4,119449,,0.84375,,,
4,119499,,0.75,,,
4,119549,,0.75,,,
4,119599,,0.65625,,,
4,119649,,0.75,,,
4,119699,,0.78125,,,
4,119749,,0.71875,,,
4,119799,,0.71875,,,
4,119849,,0.625,,,
4,119899,,0.8125,,,
4,119949,,0.75,,,
4,119999,,0.75,,,
4,120049,,0.8125,,,
4,120099,,0.6875,,,
4,120149,,0.65625,,,
4,120199,,0.71875,,,
4,120249,,0.84375,,,
4,120299,,0.75,,,
4,120349,,0.65625,,,
4,120399,,0.75,,,
4,120449,,0.6875,,,
4,120499,,0.71875,,,
4,120549,,0.71875,,,
4,120599,,0.65625,,,
4,120649,,0.78125,,,
4,120699,,0.65625,,,
4,120749,,0.65625,,,
4,120799,,0.8125,,,
4,120849,,0.6875,,,
4,120899,,0.65625,,,
4,120949,,0.65625,,,
4,120999,,0.8125,,,
4,121049,,0.625,,,
4,121099,,0.75,,,
4,121149,,0.65625,,,
4,121199,,0.78125,,,
4,121249,,0.71875,,,
4,121299,,0.59375,,,
4,121349,,0.90625,,,
4,121399,,0.71875,,,
4,121449,,0.6875,,,
4,121499,,0.71875,,,
4,121549,,0.8125,,,
4,121599,,0.8125,,,
4,121649,,0.59375,,,
4,121699,,0.8125,,,
4,121749,,0.78125,,,
4,121799,,0.78125,,,
4,121849,,0.8125,,,
4,121899,,0.71875,,,
4,121949,,0.65625,,,
4,121999,,0.75,,,
4,122049,,0.75,,,
4,122099,,0.75,,,
4,122149,,0.5,,,
4,122199,,0.84375,,,
4,122249,,0.78125,,,
4,122299,,0.84375,,,
4,122349,,0.71875,,,
4,122399,,0.6875,,,
4,122449,,0.875,,,
4,122499,,0.59375,,,
4,122549,,0.78125,,,
4,122599,,0.59375,,,
4,122649,,0.75,,,
4,122699,,0.8125,,,
4,122749,,0.78125,,,
4,122799,,0.78125,,,
4,122849,,0.75,,,
4,122899,,0.8125,,,
4,122949,,0.71875,,,
4,122999,,0.6875,,,
4,123049,,0.78125,,,
4,123099,,0.65625,,,
4,123149,,0.53125,,,
4,123199,,0.6875,,,
4,123249,,0.75,,,
4,123299,,0.6875,,,
4,123349,,0.8125,,,
4,123399,,0.5625,,,
4,123449,,0.75,,,
4,123499,,0.875,,,
4,123549,,0.78125,,,
4,123599,,0.78125,,,
4,123649,,0.53125,,,
4,123699,,0.71875,,,
4,123749,,0.6875,,,
4,123799,,0.6875,,,
4,123849,,0.625,,,
4,123899,,0.78125,,,
4,123949,,0.71875,,,
4,123999,,0.71875,,,
4,124049,,0.71875,,,
4,124099,,0.5625,,,
4,124149,,0.6875,,,
4,124199,,0.75,,,
4,124249,,0.78125,,,
4,124299,,0.6875,,,
4,124349,,0.8125,,,
4,124399,,0.625,,,
4,124449,,0.6875,,,
4,124499,,0.8125,,,
4,124549,,0.59375,,,
4,124599,,0.71875,,,
4,124649,,0.71875,,,
4,124699,,0.75,,,
4,124749,,0.71875,,,
4,124799,,0.71875,,,
4,124849,,0.78125,,,
4,124899,,0.65625,,,
4,124949,,0.6875,,,
4,124999,,0.75,,,
4,125049,,0.875,,,
4,125099,,0.6875,,,
4,125149,,0.71875,,,
4,125199,,0.71875,,,
4,125249,,0.75,,,
4,125299,,0.53125,,,
4,125349,,0.78125,,,
4,125399,,0.6875,,,
4,125449,,0.75,,,
4,125499,,0.625,,,
4,125549,,0.75,,,
4,125599,,0.71875,,,
4,125649,,0.625,,,
4,125699,,0.625,,,
4,125749,,0.65625,,,
4,125799,,0.78125,,,
4,125849,,0.6875,,,
4,125899,,0.6875,,,
4,125949,,0.8125,,,
4,125999,,0.75,,,
4,126049,,0.78125,,,
4,126099,,0.59375,,,
4,126149,,0.71875,,,
4,126199,,0.6875,,,
4,126249,,0.78125,,,
4,126299,,0.65625,,,
4,126349,,0.6875,,,
4,126399,,0.78125,,,
4,126449,,0.84375,,,
4,126499,,0.8125,,,
4,126549,,0.8125,,,
4,126599,,0.65625,,,
4,126649,,0.75,,,
4,126699,,0.8125,,,
4,126749,,0.6875,,,
4,126799,,0.65625,,,
4,126849,,0.8125,,,
4,126899,,0.71875,,,
4,126949,,0.625,,,
4,126999,,0.6875,,,
4,127049,,0.8125,,,
4,127099,,0.6875,,,
4,127149,,0.78125,,,
4,127199,,0.625,,,
4,127249,,0.75,,,
4,127299,,0.78125,,,
4,127349,,0.8125,,,
4,127399,,0.78125,,,
4,127449,,0.75,,,
4,127499,,0.6875,,,
4,127549,,0.75,,,
4,127599,,0.625,,,
4,127649,,0.65625,,,
4,127699,,0.65625,,,
4,127749,,0.71875,,,
4,127799,,0.84375,,,
4,127849,,0.84375,,,
4,127899,,0.75,,,
4,127949,,0.71875,,,
4,127999,,0.71875,,,
4,128049,,0.71875,,,
4,128099,,0.71875,,,
4,128149,,0.6875,,,
4,128199,,0.8125,,,
4,128249,,0.625,,,
4,128299,,0.71875,,,
4,128349,,0.8125,,,
4,128399,,0.75,,,
4,128449,,0.8125,,,
4,128499,,0.6875,,,
4,128549,,0.71875,,,
4,128599,,0.65625,,,
4,128649,,0.6875,,,
4,128699,,0.71875,,,
4,128749,,0.875,,,
4,128799,,0.71875,,,
4,128849,,0.6875,,,
4,128899,,0.78125,,,
4,128949,,0.75,,,
4,128999,,0.75,,,
4,129049,,0.6875,,,
4,129099,,0.71875,,,
4,129149,,0.84375,,,
4,129199,,0.59375,,,
4,129249,,0.71875,,,
4,129299,,0.625,,,
4,129349,,0.65625,,,
4,129399,,0.75,,,
4,129449,,0.59375,,,
4,129499,,0.71875,,,
4,129549,,0.78125,,,
4,129599,,0.59375,,,
4,129649,,0.75,,,
4,129699,,0.75,,,
4,129749,,0.8125,,,
4,129799,,0.75,,,
4,129849,,0.71875,,,
4,129899,,0.71875,,,
4,129949,,0.75,,,
4,129999,,0.53125,,,
4,130049,,0.6875,,,
4,130099,,0.75,,,
4,130149,,0.5625,,,
4,130199,,0.65625,,,
4,130249,,0.65625,,,
4,130299,,0.75,,,
4,130349,,0.625,,,
4,130399,,0.625,,,
4,130449,,0.71875,,,
4,130499,,0.71875,,,
4,130549,,0.71875,,,
4,130599,,0.65625,,,
4,130649,,0.59375,,,
4,130699,,0.65625,,,
4,130749,,0.65625,,,
4,130799,,0.59375,,,
4,130849,,0.71875,,,
4,130899,,0.6875,,,
4,130949,,0.71875,,,
4,130999,,0.59375,,,
4,131049,,0.59375,,,
4,131099,,0.65625,,,
4,131149,,0.75,,,
4,131199,,0.78125,,,
4,131249,,0.6875,,,
4,131299,,0.78125,,,
4,131349,,0.5,,,
4,131399,,0.78125,,,
4,131449,,0.84375,,,
4,131499,,0.71875,,,
4,131549,,0.78125,,,
4,131599,,0.71875,,,
4,131649,,0.8125,,,
4,131699,,0.65625,,,
4,131749,,0.8125,,,
4,131799,,0.78125,,,
4,131849,,0.71875,,,
4,131899,,0.8125,,,
4,131949,,0.625,,,
4,131999,,0.6875,,,
4,132049,,0.71875,,,
4,132099,,0.71875,,,
4,132149,,0.59375,,,
4,132199,,0.71875,,,
4,132249,,0.75,,,
4,132299,,0.75,,,
4,132349,,0.71875,,,
4,132399,,0.65625,,,
4,132449,,0.65625,,,
4,132499,,0.78125,,,
4,132549,,0.875,,,
4,132599,,0.78125,,,
4,132649,,0.75,,,
4,132699,,0.65625,,,
4,132749,,0.6875,,,
4,132799,,0.8125,,,
4,132849,,0.8125,,,
4,132899,,0.8125,,,
4,132949,,0.71875,,,
4,132999,,0.5625,,,
4,133049,,0.75,,,
4,133099,,0.75,,,
4,133149,,0.78125,,,
4,133199,,0.625,,,
4,133249,,0.78125,,,
4,133299,,0.59375,,,
4,133349,,0.6875,,,
4,133399,,0.71875,,,
4,133449,,0.71875,,,
4,133499,,0.8125,,,
4,133549,,0.75,,,
4,133599,,0.71875,,,
4,133649,,0.875,,,
4,133699,,0.71875,,,
4,133749,,0.71875,,,
4,133799,,0.84375,,,
4,133849,,0.59375,,,
4,133899,,0.65625,,,
4,133949,,0.65625,,,
4,133999,,0.5,,,
4,134049,,0.71875,,,
4,134099,,0.75,,,
4,134149,,0.71875,,,
4,134199,,0.75,,,
4,134249,,0.78125,,,
4,134299,,0.8125,,,
4,134349,,0.625,,,
4,134399,,0.71875,,,
4,134449,,0.75,,,
4,134499,,0.6875,,,
4,134549,,0.59375,,,
4,134599,,0.65625,,,
4,134649,,0.8125,,,
4,134699,,0.84375,,,
4,134749,,0.8125,,,
4,134799,,0.75,,,
4,134849,,0.46875,,,
4,134899,,0.78125,,,
4,134949,,0.75,,,
4,134999,,0.6875,,,
4,135049,,0.71875,,,
4,135099,,0.90625,,,
4,135149,,0.6875,,,
4,135199,,0.75,,,
4,135249,,0.65625,,,
4,135299,,0.65625,,,
4,135349,,0.78125,,,
4,135399,,0.875,,,
4,135449,,0.65625,,,
4,135499,,0.75,,,
4,135549,,0.71875,,,
4,135599,,0.8125,,,
4,135649,,0.65625,,,
4,135699,,0.75,,,
4,135749,,0.71875,,,
4,135799,,0.8125,,,
4,135849,,0.8125,,,
4,135899,,0.84375,,,
4,135949,,0.625,,,
4,135999,,0.65625,,,
4,136049,,0.75,,,
4,136099,,0.75,,,
4,136149,,0.59375,,,
4,136199,,0.78125,,,
4,136249,,0.65625,,,
4,136299,,0.59375,,,
4,136349,,0.65625,,,
4,136399,,0.84375,,,
4,136449,,0.8125,,,
4,136499,,0.8125,,,
4,136549,,0.71875,,,
4,136599,,0.78125,,,
4,136649,,0.84375,,,
4,136699,,0.6875,,,
4,136749,,0.90625,,,
4,136799,,0.8125,,,
4,136849,,0.78125,,,
4,136899,,0.75,,,
4,136949,,0.78125,,,
4,136999,,0.6875,,,
4,137049,,0.8125,,,
4,137099,,0.6875,,,
4,137149,,0.75,,,
4,137199,,0.71875,,,
4,137249,,0.6875,,,
4,137299,,0.71875,,,
4,137349,,0.75,,,
4,137399,,0.875,,,
4,137449,,0.6875,,,
4,137499,,0.75,,,
4,137549,,0.71875,,,
4,137599,,0.65625,,,
4,137649,,0.6875,,,
4,137699,,0.71875,,,
4,137749,,0.75,,,
4,137799,,0.78125,,,
4,137849,,0.65625,,,
4,137899,,0.71875,,,
4,137949,,0.75,,,
4,137999,,0.75,,,
4,138049,,0.65625,,,
4,138099,,0.65625,,,
4,138149,,0.78125,,,
4,138199,,0.8125,,,
4,138249,,0.71875,,,
4,138299,,0.6875,,,
4,138349,,0.6875,,,
4,138399,,0.78125,,,
4,138449,,0.75,,,
4,138499,,0.5625,,,
4,138549,,0.59375,,,
4,138599,,0.71875,,,
4,138649,,0.625,,,
4,138699,,0.71875,,,
4,138749,,0.75,,,
4,138799,,0.71875,,,
4,138849,,0.625,,,
4,138899,,0.6875,,,
4,138949,,0.6875,,,
4,138999,,0.75,,,
4,139049,,0.75,,,
4,139099,,0.71875,,,
4,139149,,0.71875,,,
4,139199,,0.6875,,,
4,139249,,0.71875,,,
4,139299,,0.84375,,,
4,139349,,0.84375,,,
4,139399,,0.8125,,,
4,139449,,0.6875,,,
4,139499,,0.8125,,,
4,139549,,0.53125,,,
4,139599,,0.875,,,
4,139649,,0.78125,,,
4,139699,,0.6875,,,
4,139749,,0.65625,,,
4,139799,,0.75,,,
4,139849,,0.6875,,,
4,139899,,0.65625,,,
4,139949,,0.625,,,
4,139999,,0.8125,,,
4,140049,,0.78125,,,
4,140099,,0.6875,,,
4,140149,,0.71875,,,
4,140199,,0.71875,,,
4,140249,,0.71875,,,
4,140299,,0.5625,,,
4,140349,,0.6875,,,
4,140399,,0.59375,,,
4,140449,,0.75,,,
4,140499,,0.65625,,,
4,140549,,0.71875,,,
4,140599,,0.8125,,,
4,140649,,0.6875,,,
4,140699,,0.65625,,,
4,140749,,0.78125,,,
4,140799,,0.78125,,,
4,140849,,0.6875,,,
4,140899,,0.71875,,,
4,140949,,0.71875,,,
4,140999,,0.84375,,,
4,141049,,0.8125,,,
4,141099,,0.6875,,,
4,141149,,0.6875,,,
4,141199,,0.75,,,
4,141249,,0.75,,,
4,141299,,0.5625,,,
4,141349,,0.5625,,,
4,141399,,0.8125,,,
4,141449,,0.78125,,,
4,141499,,0.75,,,
4,141549,,0.78125,,,
4,141599,,0.65625,,,
4,141649,,0.6875,,,
4,141699,,0.5625,,,
4,141749,,0.75,,,
4,141799,,0.71875,,,
4,141849,,0.75,,,
4,141899,,0.6875,,,
4,141949,,0.78125,,,
4,141999,,0.6875,,,
4,142049,,0.59375,,,
4,142099,,0.65625,,,
4,142149,,0.75,,,
4,142199,,0.625,,,
4,142249,,0.8125,,,
4,142299,,0.71875,,,
4,142349,,0.65625,,,
4,142399,,0.5625,,,
4,142449,,0.75,,,
4,142499,,0.78125,,,
4,142549,,0.84375,,,
4,142599,,0.84375,,,
4,142649,,0.71875,,,
4,142699,,0.875,,,
4,142749,,0.71875,,,
4,142799,,0.6875,,,
4,142849,,0.59375,,,
4,142899,,0.6875,,,
4,142949,,0.5625,,,
4,142999,,0.71875,,,
4,143049,,0.65625,,,
4,143099,,0.71875,,,
4,143149,,0.71875,,,
4,143199,,0.53125,,,
4,143249,,0.5,,,
4,143299,,0.78125,,,
4,143349,,0.625,,,
4,143399,,0.6875,,,
4,143449,,0.6875,,,
4,143499,,0.71875,,,
4,143549,,0.71875,,,
4,143599,,0.59375,,,
4,143649,,0.65625,,,
4,143684,,,,0.9125865697860718,1.468751311302185
4,143684,0.7170318365097046,,0.6801785230636597,,
5,143699,,0.75,,,
5,143749,,0.78125,,,
5,143799,,0.65625,,,
5,143849,,0.71875,,,
5,143899,,0.78125,,,
5,143949,,0.8125,,,
5,143999,,0.65625,,,
5,144049,,0.6875,,,
5,144099,,0.875,,,
5,144149,,0.8125,,,
5,144199,,0.71875,,,
5,144249,,0.6875,,,
5,144299,,0.71875,,,
5,144349,,0.8125,,,
5,144399,,0.90625,,,
5,144449,,0.78125,,,
5,144499,,0.71875,,,
5,144549,,0.71875,,,
5,144599,,0.6875,,,
5,144649,,0.8125,,,
5,144699,,0.625,,,
5,144749,,0.71875,,,
5,144799,,0.6875,,,
5,144849,,0.6875,,,
5,144899,,0.625,,,
5,144949,,0.71875,,,
5,144999,,0.59375,,,
5,145049,,0.71875,,,
5,145099,,0.65625,,,
5,145149,,0.90625,,,
5,145199,,0.71875,,,
5,145249,,0.59375,,,
5,145299,,0.75,,,
5,145349,,0.8125,,,
5,145399,,0.875,,,
5,145449,,0.65625,,,
5,145499,,0.65625,,,
5,145549,,0.75,,,
5,145599,,0.625,,,
5,145649,,0.84375,,,
5,145699,,0.75,,,
5,145749,,0.8125,,,
5,145799,,0.6875,,,
5,145849,,0.65625,,,
5,145899,,0.6875,,,
5,145949,,0.65625,,,
5,145999,,0.75,,,
5,146049,,0.65625,,,
5,146099,,0.75,,,
5,146149,,0.84375,,,
5,146199,,0.6875,,,
5,146249,,0.71875,,,
5,146299,,0.78125,,,
5,146349,,0.59375,,,
5,146399,,0.78125,,,
5,146449,,0.71875,,,
5,146499,,0.625,,,
5,146549,,0.8125,,,
5,146599,,0.75,,,
5,146649,,0.78125,,,
5,146699,,0.75,,,
5,146749,,0.84375,,,
5,146799,,0.625,,,
5,146849,,0.59375,,,
5,146899,,0.625,,,
5,146949,,0.78125,,,
5,146999,,0.5,,,
5,147049,,0.59375,,,
5,147099,,0.625,,,
5,147149,,0.78125,,,
5,147199,,0.6875,,,
5,147249,,0.84375,,,
5,147299,,0.65625,,,
5,147349,,0.65625,,,
5,147399,,0.78125,,,
5,147449,,0.71875,,,
5,147499,,0.71875,,,
5,147549,,0.75,,,
5,147599,,0.71875,,,
5,147649,,0.78125,,,
5,147699,,0.6875,,,
5,147749,,0.75,,,
5,147799,,0.71875,,,
5,147849,,0.78125,,,
5,147899,,0.75,,,
5,147949,,0.6875,,,
5,147999,,0.71875,,,
5,148049,,0.75,,,
5,148099,,0.71875,,,
5,148149,,0.71875,,,
5,148199,,0.75,,,
5,148249,,0.8125,,,
5,148299,,0.6875,,,
5,148349,,0.65625,,,
5,148399,,0.71875,,,
5,148449,,0.6875,,,
5,148499,,0.625,,,
5,148549,,0.71875,,,
5,148599,,0.59375,,,
5,148649,,0.8125,,,
5,148699,,0.5625,,,
5,148749,,0.78125,,,
5,148799,,0.71875,,,
5,148849,,0.5625,,,
5,148899,,0.8125,,,
5,148949,,0.75,,,
5,148999,,0.71875,,,
5,149049,,0.75,,,
5,149099,,0.75,,,
5,149149,,0.6875,,,
5,149199,,0.625,,,
5,149249,,0.78125,,,
5,149299,,0.6875,,,
5,149349,,0.625,,,
5,149399,,0.65625,,,
5,149449,,0.59375,,,
5,149499,,0.6875,,,
5,149549,,0.8125,,,
5,149599,,0.75,,,
5,149649,,0.6875,,,
5,149699,,0.6875,,,
5,149749,,0.65625,,,
5,149799,,0.71875,,,
5,149849,,0.59375,,,
5,149899,,0.71875,,,
5,149949,,0.59375,,,
5,149999,,0.75,,,
5,150049,,0.78125,,,
5,150099,,0.71875,,,
5,150149,,0.78125,,,
5,150199,,0.78125,,,
5,150249,,0.78125,,,
5,150299,,0.8125,,,
5,150349,,0.65625,,,
5,150399,,0.71875,,,
5,150449,,0.6875,,,
5,150499,,0.625,,,
5,150549,,0.78125,,,
5,150599,,0.84375,,,
5,150649,,0.78125,,,
5,150699,,0.6875,,,
5,150749,,0.6875,,,
5,150799,,0.71875,,,
5,150849,,0.8125,,,
5,150899,,0.71875,,,
5,150949,,0.65625,,,
5,150999,,0.65625,,,
5,151049,,0.8125,,,
5,151099,,0.75,,,
5,151149,,0.59375,,,
5,151199,,0.84375,,,
5,151249,,0.6875,,,
5,151299,,0.84375,,,
5,151349,,0.53125,,,
5,151399,,0.78125,,,
5,151449,,0.65625,,,
5,151499,,0.71875,,,
5,151549,,0.75,,,
5,151599,,0.78125,,,
5,151649,,0.8125,,,
5,151699,,0.78125,,,
5,151749,,0.78125,,,
5,151799,,0.71875,,,
5,151849,,0.65625,,,
5,151899,,0.8125,,,
5,151949,,0.71875,,,
5,151999,,0.625,,,
5,152049,,0.59375,,,
5,152099,,0.8125,,,
5,152149,,0.78125,,,
5,152199,,0.6875,,,
5,152249,,0.78125,,,
5,152299,,0.625,,,
5,152349,,0.78125,,,
5,152399,,0.65625,,,
5,152449,,0.78125,,,
5,152499,,0.78125,,,
5,152549,,0.71875,,,
5,152599,,0.78125,,,
5,152649,,0.75,,,
5,152699,,0.6875,,,
5,152749,,0.71875,,,
5,152799,,0.75,,,
5,152849,,0.8125,,,
5,152899,,0.6875,,,
5,152949,,0.71875,,,
5,152999,,0.71875,,,
5,153049,,0.59375,,,
5,153099,,0.6875,,,
5,153149,,0.6875,,,
5,153199,,0.6875,,,
5,153249,,0.5625,,,
5,153299,,0.78125,,,
5,153349,,0.71875,,,
5,153399,,0.71875,,,
5,153449,,0.6875,,,
5,153499,,0.6875,,,
5,153549,,0.6875,,,
5,153599,,0.75,,,
5,153649,,0.78125,,,
5,153699,,0.59375,,,
5,153749,,0.78125,,,
5,153799,,0.625,,,
5,153849,,0.625,,,
5,153899,,0.8125,,,
5,153949,,0.65625,,,
5,153999,,0.8125,,,
5,154049,,0.84375,,,
5,154099,,0.71875,,,
5,154149,,0.6875,,,
5,154199,,0.71875,,,
5,154249,,0.75,,,
5,154299,,0.9375,,,
5,154349,,0.75,,,
5,154399,,0.59375,,,
5,154449,,0.84375,,,
5,154499,,0.78125,,,
5,154549,,0.875,,,
5,154599,,0.65625,,,
5,154649,,0.6875,,,
5,154699,,0.78125,,,
5,154749,,0.84375,,,
5,154799,,0.8125,,,
5,154849,,0.6875,,,
5,154899,,0.8125,,,
5,154949,,0.75,,,
5,154999,,0.71875,,,
5,155049,,0.71875,,,
5,155099,,0.5,,,
5,155149,,0.625,,,
5,155199,,0.71875,,,
5,155249,,0.65625,,,
5,155299,,0.625,,,
5,155349,,0.65625,,,
5,155399,,0.75,,,
5,155449,,0.6875,,,
5,155499,,0.6875,,,
5,155549,,0.84375,,,
5,155599,,0.5625,,,
5,155649,,0.78125,,,
5,155699,,0.78125,,,
5,155749,,0.84375,,,
5,155799,,0.71875,,,
5,155849,,0.6875,,,
5,155899,,0.6875,,,
5,155949,,0.6875,,,
5,155999,,0.78125,,,
5,156049,,0.90625,,,
5,156099,,0.6875,,,
5,156149,,0.78125,,,
5,156199,,0.65625,,,
5,156249,,0.78125,,,
5,156299,,0.84375,,,
5,156349,,0.78125,,,
5,156399,,0.8125,,,
5,156449,,0.625,,,
5,156499,,0.71875,,,
5,156549,,0.78125,,,
5,156599,,0.8125,,,
5,156649,,0.78125,,,
5,156699,,0.78125,,,
5,156749,,0.71875,,,
5,156799,,0.84375,,,
5,156849,,0.59375,,,
5,156899,,0.75,,,
5,156949,,0.71875,,,
5,156999,,0.65625,,,
5,157049,,0.875,,,
5,157099,,0.78125,,,
5,157149,,0.71875,,,
5,157199,,0.65625,,,
5,157249,,0.78125,,,
5,157299,,0.71875,,,
5,157349,,0.78125,,,
5,157399,,0.8125,,,
5,157449,,0.75,,,
5,157499,,0.6875,,,
5,157549,,0.625,,,
5,157599,,0.71875,,,
5,157649,,0.78125,,,
5,157699,,0.71875,,,
5,157749,,0.6875,,,
5,157799,,0.5625,,,
5,157849,,0.65625,,,
5,157899,,0.78125,,,
5,157949,,0.6875,,,
5,157999,,0.6875,,,
5,158049,,0.78125,,,
5,158099,,0.8125,,,
5,158149,,0.71875,,,
5,158199,,0.78125,,,
5,158249,,0.53125,,,
5,158299,,0.84375,,,
5,158349,,0.71875,,,
5,158399,,0.625,,,
5,158449,,0.71875,,,
5,158499,,0.625,,,
5,158549,,0.75,,,
5,158599,,0.8125,,,
5,158649,,0.71875,,,
5,158699,,0.6875,,,
5,158749,,0.65625,,,
5,158799,,0.6875,,,
5,158849,,0.6875,,,
5,158899,,0.75,,,
5,158949,,0.8125,,,
5,158999,,0.8125,,,
5,159049,,0.78125,,,
5,159099,,0.6875,,,
5,159149,,0.71875,,,
5,159199,,0.8125,,,
5,159249,,0.875,,,
5,159299,,0.75,,,
5,159349,,0.875,,,
5,159399,,0.6875,,,
5,159449,,0.65625,,,
5,159499,,0.78125,,,
5,159549,,0.71875,,,
5,159599,,0.65625,,,
5,159649,,0.5625,,,
5,159699,,0.6875,,,
5,159749,,0.75,,,
5,159799,,0.6875,,,
5,159849,,0.65625,,,
5,159899,,0.65625,,,
5,159949,,0.6875,,,
5,159999,,0.65625,,,
5,160049,,0.65625,,,
5,160099,,0.625,,,
5,160149,,0.65625,,,
5,160199,,0.71875,,,
5,160249,,0.78125,,,
5,160299,,0.71875,,,
5,160349,,0.75,,,
5,160399,,0.6875,,,
5,160449,,0.6875,,,
5,160499,,0.75,,,
5,160549,,0.75,,,
5,160599,,0.75,,,
5,160649,,0.6875,,,
5,160699,,0.71875,,,
5,160749,,0.6875,,,
5,160799,,0.6875,,,
5,160849,,0.71875,,,
5,160899,,0.78125,,,
5,160949,,0.78125,,,
5,160999,,0.5625,,,
5,161049,,0.78125,,,
5,161099,,0.59375,,,
5,161149,,0.78125,,,
5,161199,,0.5,,,
5,161249,,0.75,,,
5,161299,,0.71875,,,
5,161349,,0.75,,,
5,161399,,0.65625,,,
5,161449,,0.8125,,,
5,161499,,0.8125,,,
5,161549,,0.6875,,,
5,161599,,0.84375,,,
5,161649,,0.6875,,,
5,161699,,0.65625,,,
5,161749,,0.6875,,,
5,161799,,0.71875,,,
5,161849,,0.6875,,,
5,161899,,0.5625,,,
5,161949,,0.6875,,,
5,161999,,0.78125,,,
5,162049,,0.75,,,
5,162099,,0.6875,,,
5,162149,,0.875,,,
5,162199,,0.78125,,,
5,162249,,0.75,,,
5,162299,,0.78125,,,
5,162349,,0.71875,,,
5,162399,,0.78125,,,
5,162449,,0.71875,,,
5,162499,,0.71875,,,
5,162549,,0.8125,,,
5,162599,,0.8125,,,
5,162649,,0.6875,,,
5,162699,,0.71875,,,
5,162749,,0.75,,,
5,162799,,0.75,,,
5,162849,,0.65625,,,
5,162899,,0.6875,,,
5,162949,,0.65625,,,
5,162999,,0.75,,,
5,163049,,0.78125,,,
5,163099,,0.78125,,,
5,163149,,0.6875,,,
5,163199,,0.875,,,
5,163249,,0.71875,,,
5,163299,,0.6875,,,
5,163349,,0.71875,,,
5,163399,,0.78125,,,
5,163449,,0.78125,,,
5,163499,,0.8125,,,
5,163549,,0.75,,,
5,163599,,0.78125,,,
5,163649,,0.65625,,,
5,163699,,0.65625,,,
5,163749,,0.59375,,,
5,163799,,0.78125,,,
5,163849,,0.6875,,,
5,163899,,0.6875,,,
5,163949,,0.8125,,,
5,163999,,0.78125,,,
5,164049,,0.84375,,,
5,164099,,0.59375,,,
5,164149,,0.59375,,,
5,164199,,0.78125,,,
5,164249,,0.78125,,,
5,164299,,0.75,,,
5,164349,,0.78125,,,
5,164399,,0.875,,,
5,164449,,0.6875,,,
5,164499,,0.71875,,,
5,164549,,0.75,,,
5,164599,,0.65625,,,
5,164649,,0.625,,,
5,164699,,0.6875,,,
5,164749,,0.8125,,,
5,164799,,0.6875,,,
5,164849,,0.5625,,,
5,164899,,0.59375,,,
5,164949,,0.78125,,,
5,164999,,0.65625,,,
5,165049,,0.75,,,
5,165099,,0.78125,,,
5,165149,,0.71875,,,
5,165199,,0.6875,,,
5,165249,,0.75,,,
5,165299,,0.75,,,
5,165349,,0.71875,,,
5,165399,,0.78125,,,
5,165449,,0.6875,,,
5,165499,,0.65625,,,
5,165549,,0.71875,,,
5,165599,,0.71875,,,
5,165649,,0.71875,,,
5,165699,,0.8125,,,
5,165749,,0.6875,,,
5,165799,,0.84375,,,
5,165849,,0.75,,,
5,165899,,0.8125,,,
5,165949,,0.75,,,
5,165999,,0.6875,,,
5,166049,,0.5625,,,
5,166099,,0.6875,,,
5,166149,,0.71875,,,
5,166199,,0.78125,,,
5,166249,,0.59375,,,
5,166299,,0.59375,,,
5,166349,,0.8125,,,
5,166399,,0.71875,,,
5,166449,,0.75,,,
5,166499,,0.78125,,,
5,166549,,0.625,,,
5,166599,,0.78125,,,
5,166649,,0.6875,,,
5,166699,,0.875,,,
5,166749,,0.71875,,,
5,166799,,0.71875,,,
5,166849,,0.65625,,,
5,166899,,0.8125,,,
5,166949,,0.6875,,,
5,166999,,0.6875,,,
5,167049,,0.6875,,,
5,167099,,0.71875,,,
5,167149,,0.90625,,,
5,167199,,0.75,,,
5,167249,,0.75,,,
5,167299,,0.75,,,
5,167349,,0.8125,,,
5,167399,,0.6875,,,
5,167449,,0.6875,,,
5,167499,,0.6875,,,
5,167549,,0.625,,,
5,167599,,0.84375,,,
5,167649,,0.875,,,
5,167699,,0.78125,,,
5,167749,,0.6875,,,
5,167799,,0.6875,,,
5,167849,,0.65625,,,
5,167899,,0.78125,,,
5,167949,,0.75,,,
5,167999,,0.6875,,,
5,168049,,0.78125,,,
5,168099,,0.8125,,,
5,168149,,0.75,,,
5,168199,,0.71875,,,
5,168249,,0.75,,,
5,168299,,0.65625,,,
5,168349,,0.9375,,,
5,168399,,0.5,,,
5,168449,,0.6875,,,
5,168499,,0.71875,,,
5,168549,,0.6875,,,
5,168599,,0.6875,,,
5,168649,,0.78125,,,
5,168699,,0.75,,,
5,168749,,0.84375,,,
5,168799,,0.71875,,,
5,168849,,0.59375,,,
5,168899,,0.625,,,
5,168949,,0.65625,,,
5,168999,,0.8125,,,
5,169049,,0.5625,,,
5,169099,,0.8125,,,
5,169149,,0.6875,,,
5,169199,,0.8125,,,
5,169249,,0.8125,,,
5,169299,,0.78125,,,
5,169349,,0.78125,,,
5,169399,,0.5625,,,
5,169449,,0.875,,,
5,169499,,0.8125,,,
5,169549,,0.8125,,,
5,169599,,0.6875,,,
5,169649,,0.71875,,,
5,169699,,0.90625,,,
5,169749,,0.78125,,,
5,169799,,0.84375,,,
5,169849,,0.75,,,
5,169899,,0.8125,,,
5,169949,,0.65625,,,
5,169999,,0.625,,,
5,170049,,0.8125,,,
5,170099,,0.75,,,
5,170149,,0.78125,,,
5,170199,,0.84375,,,
5,170249,,0.71875,,,
5,170299,,0.6875,,,
5,170349,,0.75,,,
5,170399,,0.71875,,,
5,170449,,0.6875,,,
5,170499,,0.78125,,,
5,170549,,0.71875,,,
5,170599,,0.84375,,,
5,170649,,0.65625,,,
5,170699,,0.625,,,
5,170749,,0.90625,,,
5,170799,,0.71875,,,
5,170849,,0.625,,,
5,170899,,0.71875,,,
5,170949,,0.78125,,,
5,170999,,0.8125,,,
5,171049,,0.6875,,,
5,171099,,0.625,,,
5,171149,,0.59375,,,
5,171199,,0.75,,,
5,171249,,0.6875,,,
5,171299,,0.71875,,,
5,171349,,0.8125,,,
5,171399,,0.6875,,,
5,171449,,0.625,,,
5,171499,,0.71875,,,
5,171549,,0.78125,,,
5,171599,,0.75,,,
5,171649,,0.65625,,,
5,171699,,0.6875,,,
5,171749,,0.625,,,
5,171799,,0.8125,,,
5,171849,,0.625,,,
5,171899,,0.71875,,,
5,171949,,0.65625,,,
5,171999,,0.6875,,,
5,172049,,0.625,,,
5,172099,,0.6875,,,
5,172149,,0.78125,,,
5,172199,,0.75,,,
5,172249,,0.6875,,,
5,172299,,0.59375,,,
5,172349,,0.71875,,,
5,172399,,0.65625,,,
5,172421,,,,0.9217733144760132,1.483536958694458
5,172421,0.7202191352844238,,0.6723553538322449,,
6,172449,,0.8125,,,
6,172499,,0.71875,,,
6,172549,,0.8125,,,
6,172599,,0.75,,,
6,172649,,0.78125,,,
6,172699,,0.59375,,,
6,172749,,0.78125,,,
6,172799,,0.71875,,,
6,172849,,0.71875,,,
6,172899,,0.65625,,,
6,172949,,0.78125,,,
6,172999,,0.6875,,,
6,173049,,0.78125,,,
6,173099,,0.625,,,
6,173149,,0.8125,,,
6,173199,,0.71875,,,
6,173249,,0.71875,,,
6,173299,,0.71875,,,
6,173349,,0.6875,,,
6,173399,,0.78125,,,
6,173449,,0.8125,,,
6,173499,,0.8125,,,
6,173549,,0.78125,,,
6,173599,,0.90625,,,
6,173649,,0.8125,,,
6,173699,,0.78125,,,
6,173749,,0.78125,,,
6,173799,,0.78125,,,
6,173849,,0.625,,,
6,173899,,0.875,,,
6,173949,,0.6875,,,
6,173999,,0.78125,,,
6,174049,,0.6875,,,
6,174099,,0.59375,,,
6,174149,,0.78125,,,
6,174199,,0.6875,,,
6,174249,,0.75,,,
6,174299,,0.78125,,,
6,174349,,0.78125,,,
6,174399,,0.75,,,
6,174449,,0.875,,,
6,174499,,0.75,,,
6,174549,,0.75,,,
6,174599,,0.65625,,,
6,174649,,0.78125,,,
6,174699,,0.75,,,
6,174749,,0.59375,,,
6,174799,,0.625,,,
6,174849,,0.65625,,,
6,174899,,0.75,,,
6,174949,,0.6875,,,
6,174999,,0.75,,,
6,175049,,0.625,,,
6,175099,,0.75,,,
6,175149,,0.625,,,
6,175199,,0.84375,,,
6,175249,,0.71875,,,
6,175299,,0.75,,,
6,175349,,0.625,,,
6,175399,,0.75,,,
6,175449,,0.75,,,
6,175499,,0.75,,,
6,175549,,0.625,,,
6,175599,,0.71875,,,
6,175649,,0.78125,,,
6,175699,,0.6875,,,
6,175749,,0.625,,,
6,175799,,0.78125,,,
6,175849,,0.8125,,,
6,175899,,0.6875,,,
6,175949,,0.90625,,,
6,175999,,0.6875,,,
6,176049,,0.6875,,,
6,176099,,0.78125,,,
6,176149,,0.75,,,
6,176199,,0.75,,,
6,176249,,0.78125,,,
6,176299,,0.71875,,,
6,176349,,0.8125,,,
6,176399,,0.59375,,,
6,176449,,0.6875,,,
6,176499,,0.6875,,,
6,176549,,0.875,,,
6,176599,,0.8125,,,
6,176649,,0.75,,,
6,176699,,0.65625,,,
6,176749,,0.78125,,,
6,176799,,0.75,,,
6,176849,,0.75,,,
6,176899,,0.8125,,,
6,176949,,0.625,,,
6,176999,,0.71875,,,
6,177049,,0.78125,,,
6,177099,,0.71875,,,
6,177149,,0.6875,,,
6,177199,,0.71875,,,
6,177249,,0.8125,,,
6,177299,,0.625,,,
6,177349,,0.9375,,,
6,177399,,0.59375,,,
6,177449,,0.8125,,,
6,177499,,0.75,,,
6,177549,,0.71875,,,
6,177599,,0.6875,,,
6,177649,,0.84375,,,
6,177699,,0.71875,,,
6,177749,,0.78125,,,
6,177799,,0.78125,,,
6,177849,,0.78125,,,
6,177899,,0.71875,,,
6,177949,,0.78125,,,
6,177999,,0.78125,,,
6,178049,,0.6875,,,
6,178099,,0.75,,,
6,178149,,0.8125,,,
6,178199,,0.71875,,,
6,178249,,0.65625,,,
6,178299,,0.8125,,,
6,178349,,0.65625,,,
6,178399,,0.6875,,,
6,178449,,0.75,,,
6,178499,,0.59375,,,
6,178549,,0.65625,,,
6,178599,,0.75,,,
6,178649,,0.6875,,,
6,178699,,0.6875,,,
6,178749,,0.84375,,,
6,178799,,0.6875,,,
6,178849,,0.71875,,,
6,178899,,0.6875,,,
6,178949,,0.84375,,,
6,178999,,0.78125,,,
6,179049,,0.71875,,,
6,179099,,0.65625,,,
6,179149,,0.65625,,,
6,179199,,0.78125,,,
6,179249,,0.65625,,,
6,179299,,0.65625,,,
6,179349,,0.65625,,,
6,179399,,0.5625,,,
6,179449,,0.75,,,
6,179499,,0.6875,,,
6,179549,,0.875,,,
6,179599,,0.84375,,,
6,179649,,0.5625,,,
6,179699,,0.8125,,,
6,179749,,0.59375,,,
6,179799,,0.75,,,
6,179849,,0.78125,,,
6,179899,,0.65625,,,
6,179949,,0.75,,,
6,179999,,0.71875,,,
6,180049,,0.78125,,,
6,180099,,0.65625,,,
6,180149,,0.71875,,,
6,180199,,0.75,,,
6,180249,,0.78125,,,
6,180299,,0.84375,,,
6,180349,,0.6875,,,
6,180399,,0.75,,,
6,180449,,0.625,,,
6,180499,,0.65625,,,
6,180549,,0.625,,,
6,180599,,0.625,,,
6,180649,,0.59375,,,
6,180699,,0.75,,,
6,180749,,0.71875,,,
6,180799,,0.65625,,,
6,180849,,0.6875,,,
6,180899,,0.75,,,
6,180949,,0.78125,,,
6,180999,,0.84375,,,
6,181049,,0.78125,,,
6,181099,,0.625,,,
6,181149,,0.5625,,,
6,181199,,0.65625,,,
6,181249,,0.8125,,,
6,181299,,0.65625,,,
6,181349,,0.71875,,,
6,181399,,0.78125,,,
6,181449,,0.8125,,,
6,181499,,0.78125,,,
6,181549,,0.625,,,
6,181599,,0.75,,,
6,181649,,0.625,,,
6,181699,,0.78125,,,
6,181749,,0.84375,,,
6,181799,,0.75,,,
6,181849,,0.71875,,,
6,181899,,0.84375,,,
6,181949,,0.75,,,
6,181999,,0.71875,,,
6,182049,,0.875,,,
6,182099,,0.6875,,,
6,182149,,0.875,,,
6,182199,,0.71875,,,
6,182249,,0.75,,,
6,182299,,0.6875,,,
6,182349,,0.75,,,
6,182399,,0.75,,,
6,182449,,0.6875,,,
6,182499,,0.78125,,,
6,182549,,0.8125,,,
6,182599,,0.8125,,,
6,182649,,0.75,,,
6,182699,,0.875,,,
6,182749,,0.75,,,
6,182799,,0.6875,,,
6,182849,,0.8125,,,
6,182899,,0.78125,,,
6,182949,,0.71875,,,
6,182999,,0.75,,,
6,183049,,0.6875,,,
6,183099,,0.75,,,
6,183149,,0.71875,,,
6,183199,,0.75,,,
6,183249,,0.875,,,
6,183299,,0.6875,,,
6,183349,,0.78125,,,
6,183399,,0.65625,,,
6,183449,,0.6875,,,
6,183499,,0.78125,,,
6,183549,,0.8125,,,
6,183599,,0.84375,,,
6,183649,,0.75,,,
6,183699,,0.84375,,,
6,183749,,0.59375,,,
6,183799,,0.6875,,,
6,183849,,0.71875,,,
6,183899,,0.65625,,,
6,183949,,0.71875,,,
6,183999,,0.78125,,,
6,184049,,0.6875,,,
6,184099,,0.875,,,
6,184149,,0.71875,,,
6,184199,,0.625,,,
6,184249,,0.71875,,,
6,184299,,0.75,,,
6,184349,,0.8125,,,
6,184399,,0.84375,,,
6,184449,,0.71875,,,
6,184499,,0.75,,,
6,184549,,0.75,,,
6,184599,,0.75,,,
6,184649,,0.875,,,
6,184699,,0.6875,,,
6,184749,,0.75,,,
6,184799,,0.65625,,,
6,184849,,0.65625,,,
6,184899,,0.84375,,,
6,184949,,0.75,,,
6,184999,,0.5625,,,
6,185049,,0.71875,,,
6,185099,,0.59375,,,
6,185149,,0.78125,,,
6,185199,,0.71875,,,
6,185249,,0.8125,,,
6,185299,,0.75,,,
6,185349,,0.65625,,,
6,185399,,0.75,,,
6,185449,,0.71875,,,
6,185499,,0.6875,,,
6,185549,,0.78125,,,
6,185599,,0.75,,,
6,185649,,0.75,,,
6,185699,,0.65625,,,
6,185749,,0.71875,,,
6,185799,,0.8125,,,
6,185849,,0.71875,,,
6,185899,,0.78125,,,
6,185949,,0.75,,,
6,185999,,0.78125,,,
6,186049,,0.78125,,,
6,186099,,0.6875,,,
6,186149,,0.59375,,,
6,186199,,0.6875,,,
6,186249,,0.8125,,,
6,186299,,0.71875,,,
6,186349,,0.6875,,,
6,186399,,0.59375,,,
6,186449,,0.71875,,,
6,186499,,0.84375,,,
6,186549,,0.75,,,
6,186599,,0.8125,,,
6,186649,,0.78125,,,
6,186699,,0.71875,,,
6,186749,,0.75,,,
6,186799,,0.78125,,,
6,186849,,0.625,,,
6,186899,,0.625,,,
6,186949,,0.78125,,,
6,186999,,0.8125,,,
6,187049,,0.71875,,,
6,187099,,0.59375,,,
6,187149,,0.84375,,,
6,187199,,0.78125,,,
6,187249,,0.8125,,,
6,187299,,0.65625,,,
6,187349,,0.65625,,,
6,187399,,0.75,,,
6,187449,,0.625,,,
6,187499,,0.71875,,,
6,187549,,0.75,,,
6,187599,,0.71875,,,
6,187649,,0.75,,,
6,187699,,0.71875,,,
6,187749,,0.71875,,,
6,187799,,0.75,,,
6,187849,,0.625,,,
6,187899,,0.6875,,,
6,187949,,0.6875,,,
6,187999,,0.875,,,
6,188049,,0.6875,,,
6,188099,,0.75,,,
6,188149,,0.75,,,
6,188199,,0.78125,,,
6,188249,,0.65625,,,
6,188299,,0.6875,,,
6,188349,,0.71875,,,
6,188399,,0.75,,,
6,188449,,0.46875,,,
6,188499,,0.8125,,,
6,188549,,0.6875,,,
6,188599,,0.78125,,,
6,188649,,0.75,,,
6,188699,,0.78125,,,
6,188749,,0.625,,,
6,188799,,0.65625,,,
6,188849,,0.65625,,,
6,188899,,0.625,,,
6,188949,,0.78125,,,
6,188999,,0.59375,,,
6,189049,,0.71875,,,
6,189099,,0.90625,,,
6,189149,,0.71875,,,
6,189199,,0.78125,,,
6,189249,,0.84375,,,
6,189299,,0.71875,,,
6,189349,,0.71875,,,
6,189399,,0.71875,,,
6,189449,,0.53125,,,
6,189499,,0.71875,,,
6,189549,,0.78125,,,
6,189599,,0.6875,,,
6,189649,,0.8125,,,
6,189699,,0.6875,,,
6,189749,,0.78125,,,
6,189799,,0.625,,,
6,189849,,0.78125,,,
6,189899,,0.5,,,
6,189949,,0.78125,,,
6,189999,,0.71875,,,
6,190049,,0.78125,,,
6,190099,,0.71875,,,
6,190149,,0.71875,,,
6,190199,,0.84375,,,
6,190249,,0.6875,,,
6,190299,,0.625,,,
6,190349,,0.75,,,
6,190399,,0.625,,,
6,190449,,0.90625,,,
6,190499,,0.625,,,
6,190549,,0.8125,,,
6,190599,,0.6875,,,
6,190649,,0.75,,,
6,190699,,0.625,,,
6,190749,,0.71875,,,
6,190799,,0.6875,,,
6,190849,,0.84375,,,
6,190899,,0.65625,,,
6,190949,,0.71875,,,
6,190999,,0.75,,,
6,191049,,0.625,,,
6,191099,,0.71875,,,
6,191149,,0.8125,,,
6,191199,,0.78125,,,
6,191249,,0.625,,,
6,191299,,0.75,,,
6,191349,,0.6875,,,
6,191399,,0.59375,,,
6,191449,,0.8125,,,
6,191499,,0.78125,,,
6,191549,,0.6875,,,
6,191599,,0.75,,,
6,191649,,0.78125,,,
6,191699,,0.9375,,,
6,191749,,0.71875,,,
6,191799,,0.53125,,,
6,191849,,0.71875,,,
6,191899,,0.6875,,,
6,191949,,0.71875,,,
6,191999,,0.75,,,
6,192049,,0.65625,,,
6,192099,,0.75,,,
6,192149,,0.8125,,,
6,192199,,0.75,,,
6,192249,,0.65625,,,
6,192299,,0.75,,,
6,192349,,0.71875,,,
6,192399,,0.625,,,
6,192449,,0.9375,,,
6,192499,,0.59375,,,
6,192549,,0.75,,,
6,192599,,0.625,,,
6,192649,,0.625,,,
6,192699,,0.75,,,
6,192749,,0.6875,,,
6,192799,,0.59375,,,
6,192849,,0.65625,,,
6,192899,,0.59375,,,
6,192949,,0.75,,,
6,192999,,0.8125,,,
6,193049,,0.71875,,,
6,193099,,0.6875,,,
6,193149,,0.6875,,,
6,193199,,0.71875,,,
6,193249,,0.6875,,,
6,193299,,0.75,,,
6,193349,,0.59375,,,
6,193399,,0.625,,,
6,193449,,0.71875,,,
6,193499,,0.78125,,,
6,193549,,0.71875,,,
6,193599,,0.71875,,,
6,193649,,0.71875,,,
6,193699,,0.71875,,,
6,193749,,0.5625,,,
6,193799,,0.65625,,,
6,193849,,0.71875,,,
6,193899,,0.6875,,,
6,193949,,0.71875,,,
6,193999,,0.6875,,,
6,194049,,0.71875,,,
6,194099,,0.71875,,,
6,194149,,0.75,,,
6,194199,,0.6875,,,
6,194249,,0.78125,,,
6,194299,,0.625,,,
6,194349,,0.6875,,,
6,194399,,0.65625,,,
6,194449,,0.65625,,,
6,194499,,0.75,,,
6,194549,,0.6875,,,
6,194599,,0.78125,,,
6,194649,,0.59375,,,
6,194699,,0.8125,,,
6,194749,,0.75,,,
6,194799,,0.6875,,,
6,194849,,0.875,,,
6,194899,,0.75,,,
6,194949,,0.65625,,,
6,194999,,0.625,,,
6,195049,,0.65625,,,
6,195099,,0.90625,,,
6,195149,,0.65625,,,
6,195199,,0.84375,,,
6,195249,,0.71875,,,
6,195299,,0.6875,,,
6,195349,,0.625,,,
6,195399,,0.75,,,
6,195449,,0.71875,,,
6,195499,,0.78125,,,
6,195549,,0.71875,,,
6,195599,,0.75,,,
6,195649,,0.75,,,
6,195699,,0.875,,,
6,195749,,0.84375,,,
6,195799,,0.71875,,,
6,195849,,0.75,,,
6,195899,,0.75,,,
6,195949,,0.6875,,,
6,195999,,0.78125,,,
6,196049,,0.53125,,,
6,196099,,0.8125,,,
6,196149,,0.875,,,
6,196199,,0.65625,,,
6,196249,,0.8125,,,
6,196299,,0.75,,,
6,196349,,0.78125,,,
6,196399,,0.71875,,,
6,196449,,0.71875,,,
6,196499,,0.71875,,,
6,196549,,0.8125,,,
6,196599,,0.625,,,
6,196649,,0.6875,,,
6,196699,,0.65625,,,
6,196749,,0.8125,,,
6,196799,,0.5625,,,
6,196849,,0.78125,,,
6,196899,,0.875,,,
6,196949,,0.59375,,,
6,196999,,0.71875,,,
6,197049,,0.65625,,,
6,197099,,0.8125,,,
6,197149,,0.6875,,,
6,197199,,0.75,,,
6,197249,,0.625,,,
6,197299,,0.65625,,,
6,197349,,0.71875,,,
6,197399,,0.5,,,
6,197449,,0.75,,,
6,197499,,0.75,,,
6,197549,,0.625,,,
6,197599,,0.75,,,
6,197649,,0.875,,,
6,197699,,0.625,,,
6,197749,,0.8125,,,
6,197799,,0.6875,,,
6,197849,,0.84375,,,
6,197899,,0.78125,,,
6,197949,,0.6875,,,
6,197999,,0.65625,,,
6,198049,,0.71875,,,
6,198099,,0.96875,,,
6,198149,,0.6875,,,
6,198199,,0.71875,,,
6,198249,,0.78125,,,
6,198299,,0.75,,,
6,198349,,0.84375,,,
6,198399,,0.71875,,,
6,198449,,0.75,,,
6,198499,,0.84375,,,
6,198549,,0.625,,,
6,198599,,0.75,,,
6,198649,,0.71875,,,
6,198699,,0.6875,,,
6,198749,,0.75,,,
6,198799,,0.6875,,,
6,198849,,0.65625,,,
6,198899,,0.78125,,,
6,198949,,0.59375,,,
6,198999,,0.6875,,,
6,199049,,0.84375,,,
6,199099,,0.6875,,,
6,199149,,0.84375,,,
6,199199,,0.75,,,
6,199249,,0.6875,,,
6,199299,,0.78125,,,
6,199349,,0.65625,,,
6,199399,,0.625,,,
6,199449,,0.65625,,,
6,199499,,0.65625,,,
6,199549,,0.65625,,,
6,199599,,0.8125,,,
6,199649,,0.78125,,,
6,199699,,0.6875,,,
6,199749,,0.8125,,,
6,199799,,0.78125,,,
6,199849,,0.9375,,,
6,199899,,0.59375,,,
6,199949,,0.875,,,
6,199999,,0.625,,,
6,200049,,0.78125,,,
6,200099,,0.71875,,,
6,200149,,0.78125,,,
6,200199,,0.65625,,,
6,200249,,0.75,,,
6,200299,,0.71875,,,
6,200349,,0.8125,,,
6,200399,,0.6875,,,
6,200449,,0.65625,,,
6,200499,,0.78125,,,
6,200549,,0.71875,,,
6,200599,,0.71875,,,
6,200649,,0.8125,,,
6,200699,,0.78125,,,
6,200749,,0.625,,,
6,200799,,0.75,,,
6,200849,,0.8125,,,
6,200899,,0.75,,,
6,200949,,0.75,,,
6,200999,,0.65625,,,
6,201049,,0.75,,,
6,201099,,0.65625,,,
6,201149,,0.625,,,
6,201158,,,,0.9356926679611206,1.5059393644332886
6,201158,0.7235358357429504,,0.6652992963790894,,
7,201199,,0.84375,,,
7,201249,,0.875,,,
7,201299,,0.71875,,,
7,201349,,0.84375,,,
7,201399,,0.90625,,,
7,201449,,0.78125,,,
7,201499,,0.65625,,,
7,201549,,0.625,,,
7,201599,,0.78125,,,
7,201649,,0.5,,,
7,201699,,0.78125,,,
7,201749,,0.75,,,
7,201799,,0.75,,,
7,201849,,0.71875,,,
7,201899,,0.71875,,,
7,201949,,0.71875,,,
7,201999,,0.75,,,
7,202049,,0.6875,,,
7,202099,,0.59375,,,
7,202149,,0.75,,,
7,202199,,0.75,,,
7,202249,,0.65625,,,
7,202299,,0.8125,,,
7,202349,,0.6875,,,
7,202399,,0.5,,,
7,202449,,0.71875,,,
7,202499,,0.65625,,,
7,202549,,0.71875,,,
7,202599,,0.6875,,,
7,202649,,0.75,,,
7,202699,,0.84375,,,
7,202749,,0.625,,,
7,202799,,0.625,,,
7,202849,,0.65625,,,
7,202899,,0.8125,,,
7,202949,,0.75,,,
7,202999,,0.8125,,,
7,203049,,0.65625,,,
7,203099,,0.6875,,,
7,203149,,0.71875,,,
7,203199,,0.6875,,,
7,203249,,0.65625,,,
7,203299,,0.65625,,,
7,203349,,0.6875,,,
7,203399,,0.6875,,,
7,203449,,0.8125,,,
7,203499,,0.625,,,
7,203549,,0.8125,,,
7,203599,,0.75,,,
7,203649,,0.5625,,,
7,203699,,0.5625,,,
7,203749,,0.78125,,,
7,203799,,0.625,,,
7,203849,,0.71875,,,
7,203899,,0.6875,,,
7,203949,,0.78125,,,
7,203999,,0.71875,,,
7,204049,,0.78125,,,
7,204099,,0.8125,,,
7,204149,,0.8125,,,
7,204199,,0.75,,,
7,204249,,0.6875,,,
7,204299,,0.8125,,,
7,204349,,0.6875,,,
7,204399,,0.78125,,,
7,204449,,0.71875,,,
7,204499,,0.625,,,
7,204549,,0.625,,,
7,204599,,0.875,,,
7,204649,,0.75,,,
7,204699,,0.78125,,,
7,204749,,0.71875,,,
7,204799,,0.6875,,,
7,204849,,0.625,,,
7,204899,,0.65625,,,
7,204949,,0.78125,,,
7,204999,,0.75,,,
7,205049,,0.625,,,
7,205099,,0.625,,,
7,205149,,0.90625,,,
7,205199,,0.75,,,
7,205249,,0.875,,,
7,205299,,0.6875,,,
7,205349,,0.59375,,,
7,205399,,0.78125,,,
7,205449,,0.8125,,,
7,205499,,0.6875,,,
7,205549,,0.65625,,,
7,205599,,0.78125,,,
7,205649,,0.78125,,,
7,205699,,0.65625,,,
7,205749,,0.6875,,,
7,205799,,0.75,,,
7,205849,,0.78125,,,
7,205899,,0.65625,,,
7,205949,,0.71875,,,
7,205999,,0.8125,,,
7,206049,,0.71875,,,
7,206099,,0.6875,,,
7,206149,,0.6875,,,
7,206199,,0.71875,,,
7,206249,,0.78125,,,
7,206299,,0.71875,,,
7,206349,,0.78125,,,
7,206399,,0.71875,,,
7,206449,,0.8125,,,
7,206499,,0.65625,,,
7,206549,,0.625,,,
7,206599,,0.59375,,,
7,206649,,0.75,,,
7,206699,,0.71875,,,
7,206749,,0.8125,,,
7,206799,,0.875,,,
7,206849,,0.84375,,,
7,206899,,0.65625,,,
7,206949,,0.65625,,,
7,206999,,0.625,,,
7,207049,,0.6875,,,
7,207099,,0.78125,,,
7,207149,,0.875,,,
7,207199,,0.75,,,
7,207249,,0.71875,,,
7,207299,,0.75,,,
7,207349,,0.65625,,,
7,207399,,0.71875,,,
7,207449,,0.6875,,,
7,207499,,0.8125,,,
7,207549,,0.71875,,,
7,207599,,0.75,,,
7,207649,,0.6875,,,
7,207699,,0.6875,,,
7,207749,,0.625,,,
7,207799,,0.5625,,,
7,207849,,0.78125,,,
7,207899,,0.625,,,
7,207949,,0.71875,,,
7,207999,,0.6875,,,
7,208049,,0.8125,,,
7,208099,,0.625,,,
7,208149,,0.6875,,,
7,208199,,0.6875,,,
7,208249,,0.75,,,
7,208299,,0.65625,,,
7,208349,,0.71875,,,
7,208399,,0.6875,,,
7,208449,,0.75,,,
7,208499,,0.71875,,,
7,208549,,0.78125,,,
7,208599,,0.78125,,,
7,208649,,0.65625,,,
7,208699,,0.71875,,,
7,208749,,0.625,,,
7,208799,,0.8125,,,
7,208849,,0.84375,,,
7,208899,,0.6875,,,
7,208949,,0.6875,,,
7,208999,,0.8125,,,
7,209049,,0.5625,,,
7,209099,,0.875,,,
7,209149,,0.6875,,,
7,209199,,0.71875,,,
7,209249,,0.75,,,
7,209299,,0.78125,,,
7,209349,,0.6875,,,
7,209399,,0.8125,,,
7,209449,,0.875,,,
7,209499,,0.8125,,,
7,209549,,0.71875,,,
7,209599,,0.75,,,
7,209649,,0.75,,,
7,209699,,0.59375,,,
7,209749,,0.71875,,,
7,209799,,0.75,,,
7,209849,,0.75,,,
7,209899,,0.84375,,,
7,209949,,0.59375,,,
7,209999,,0.6875,,,
7,210049,,0.625,,,
7,210099,,0.625,,,
7,210149,,0.8125,,,
7,210199,,0.8125,,,
7,210249,,0.71875,,,
7,210299,,0.6875,,,
7,210349,,0.6875,,,
7,210399,,0.78125,,,
7,210449,,0.71875,,,
7,210499,,0.71875,,,
7,210549,,0.8125,,,
7,210599,,0.8125,,,
7,210649,,0.6875,,,
7,210699,,0.625,,,
7,210749,,0.8125,,,
7,210799,,0.6875,,,
7,210849,,0.625,,,
7,210899,,0.78125,,,
7,210949,,0.75,,,
7,210999,,0.84375,,,
7,211049,,0.75,,,
7,211099,,0.6875,,,
7,211149,,0.5,,,
7,211199,,0.65625,,,
7,211249,,0.75,,,
7,211299,,0.8125,,,
7,211349,,0.5625,,,
7,211399,,0.71875,,,
7,211449,,0.625,,,
7,211499,,0.71875,,,
7,211549,,0.625,,,
7,211599,,0.6875,,,
7,211649,,0.8125,,,
7,211699,,0.65625,,,
7,211749,,0.84375,,,
7,211799,,0.78125,,,
7,211849,,0.65625,,,
7,211899,,0.9375,,,
7,211949,,0.71875,,,
7,211999,,0.78125,,,
7,212049,,0.78125,,,
7,212099,,0.65625,,,
7,212149,,0.625,,,
7,212199,,0.75,,,
7,212249,,0.90625,,,
7,212299,,0.75,,,
7,212349,,0.78125,,,
7,212399,,0.75,,,
7,212449,,0.75,,,
7,212499,,0.78125,,,
7,212549,,0.75,,,
7,212599,,0.625,,,
7,212649,,0.75,,,
7,212699,,0.71875,,,
7,212749,,0.8125,,,
7,212799,,0.75,,,
7,212849,,0.78125,,,
7,212899,,0.78125,,,
7,212949,,0.6875,,,
7,212999,,0.75,,,
7,213049,,0.5625,,,
7,213099,,0.625,,,
7,213149,,0.6875,,,
7,213199,,0.78125,,,
7,213249,,0.6875,,,
7,213299,,0.78125,,,
7,213349,,0.5625,,,
7,213399,,0.71875,,,
7,213449,,0.6875,,,
7,213499,,0.71875,,,
7,213549,,0.78125,,,
7,213599,,0.625,,,
7,213649,,0.78125,,,
7,213699,,0.78125,,,
7,213749,,0.71875,,,
7,213799,,0.71875,,,
7,213849,,0.5625,,,
7,213899,,0.6875,,,
7,213949,,0.71875,,,
7,213999,,0.75,,,
7,214049,,0.6875,,,
7,214099,,0.78125,,,
7,214149,,0.6875,,,
7,214199,,0.65625,,,
7,214249,,0.8125,,,
7,214299,,0.78125,,,
7,214349,,0.59375,,,
7,214399,,0.78125,,,
7,214449,,0.6875,,,
7,214499,,0.78125,,,
7,214549,,0.75,,,
7,214599,,0.6875,,,
7,214649,,0.6875,,,
7,214699,,0.625,,,
7,214749,,0.71875,,,
7,214799,,0.78125,,,
7,214849,,0.8125,,,
7,214899,,0.875,,,
7,214949,,0.84375,,,
7,214999,,0.78125,,,
7,215049,,0.53125,,,
7,215099,,0.6875,,,
7,215149,,0.78125,,,
7,215199,,0.8125,,,
7,215249,,0.8125,,,
7,215299,,0.65625,,,
7,215349,,0.71875,,,
7,215399,,0.625,,,
7,215449,,0.78125,,,
7,215499,,0.59375,,,
7,215549,,0.625,,,
7,215599,,0.875,,,
7,215649,,0.84375,,,
7,215699,,0.75,,,
7,215749,,0.59375,,,
7,215799,,0.625,,,
7,215849,,0.625,,,
7,215899,,0.78125,,,
7,215949,,0.75,,,
7,215999,,0.5625,,,
7,216049,,0.71875,,,
7,216099,,0.6875,,,
7,216149,,0.65625,,,
7,216199,,0.6875,,,
7,216249,,0.65625,,,
7,216299,,0.71875,,,
7,216349,,0.75,,,
7,216399,,0.875,,,
7,216449,,0.84375,,,
7,216499,,0.90625,,,
7,216549,,0.84375,,,
7,216599,,0.78125,,,
7,216649,,0.75,,,
7,216699,,0.59375,,,
7,216749,,0.78125,,,
7,216799,,0.75,,,
7,216849,,0.78125,,,
7,216899,,0.6875,,,
7,216949,,0.875,,,
7,216999,,0.71875,,,
7,217049,,0.78125,,,
7,217099,,0.65625,,,
7,217149,,0.71875,,,
7,217199,,0.71875,,,
7,217249,,0.71875,,,
7,217299,,0.5625,,,
7,217349,,0.65625,,,
7,217399,,0.8125,,,
7,217449,,0.75,,,
7,217499,,0.8125,,,
7,217549,,0.75,,,
7,217599,,0.71875,,,
7,217649,,0.75,,,
7,217699,,0.65625,,,
7,217749,,0.71875,,,
7,217799,,0.75,,,
7,217849,,0.59375,,,
7,217899,,0.65625,,,
7,217949,,0.75,,,
7,217999,,0.71875,,,
7,218049,,0.84375,,,
7,218099,,0.6875,,,
7,218149,,0.71875,,,
7,218199,,0.90625,,,
7,218249,,0.71875,,,
7,218299,,0.71875,,,
7,218349,,0.71875,,,
7,218399,,0.65625,,,
7,218449,,0.59375,,,
7,218499,,0.6875,,,
7,218549,,0.625,,,
7,218599,,0.65625,,,
7,218649,,0.71875,,,
7,218699,,0.65625,,,
7,218749,,0.75,,,
7,218799,,0.71875,,,
7,218849,,0.875,,,
7,218899,,0.84375,,,
7,218949,,0.5625,,,
7,218999,,0.5625,,,
7,219049,,0.75,,,
7,219099,,0.71875,,,
7,219149,,0.65625,,,
7,219199,,0.75,,,
7,219249,,0.71875,,,
7,219299,,0.65625,,,
7,219349,,0.75,,,
7,219399,,0.78125,,,
7,219449,,0.6875,,,
7,219499,,0.75,,,
7,219549,,0.6875,,,
7,219599,,0.78125,,,
7,219649,,0.78125,,,
7,219699,,0.875,,,
7,219749,,0.6875,,,
7,219799,,0.84375,,,
7,219849,,0.78125,,,
7,219899,,0.78125,,,
7,219949,,0.71875,,,
7,219999,,0.78125,,,
7,220049,,0.75,,,
7,220099,,0.6875,,,
7,220149,,0.65625,,,
7,220199,,0.8125,,,
7,220249,,0.71875,,,
7,220299,,0.65625,,,
7,220349,,0.71875,,,
7,220399,,0.75,,,
7,220449,,0.6875,,,
7,220499,,0.625,,,
7,220549,,0.78125,,,
7,220599,,0.78125,,,
7,220649,,0.78125,,,
7,220699,,0.84375,,,
7,220749,,0.78125,,,
7,220799,,0.6875,,,
7,220849,,0.84375,,,
7,220899,,0.53125,,,
7,220949,,0.625,,,
7,220999,,0.625,,,
7,221049,,0.71875,,,
7,221099,,0.6875,,,
7,221149,,0.78125,,,
7,221199,,0.8125,,,
7,221249,,0.75,,,
7,221299,,0.6875,,,
7,221349,,0.6875,,,
7,221399,,0.78125,,,
7,221449,,0.65625,,,
7,221499,,0.75,,,
7,221549,,0.6875,,,
7,221599,,0.625,,,
7,221649,,0.75,,,
7,221699,,0.875,,,
7,221749,,0.71875,,,
7,221799,,0.625,,,
7,221849,,0.65625,,,
7,221899,,0.625,,,
7,221949,,0.78125,,,
7,221999,,0.8125,,,
7,222049,,0.8125,,,
7,222099,,0.65625,,,
7,222149,,0.75,,,
7,222199,,0.75,,,
7,222249,,0.78125,,,
7,222299,,0.71875,,,
7,222349,,0.625,,,
7,222399,,0.75,,,
7,222449,,0.6875,,,
7,222499,,0.78125,,,
7,222549,,0.78125,,,
7,222599,,0.78125,,,
7,222649,,0.78125,,,
7,222699,,0.6875,,,
7,222749,,0.59375,,,
7,222799,,0.625,,,
7,222849,,0.65625,,,
7,222899,,0.625,,,
7,222949,,0.59375,,,
7,222999,,0.6875,,,
7,223049,,0.65625,,,
7,223099,,0.71875,,,
7,223149,,0.65625,,,
7,223199,,0.8125,,,
7,223249,,0.9375,,,
7,223299,,0.6875,,,
7,223349,,0.8125,,,
7,223399,,0.65625,,,
7,223449,,0.75,,,
7,223499,,0.78125,,,
7,223549,,0.6875,,,
7,223599,,0.6875,,,
7,223649,,0.59375,,,
7,223699,,0.6875,,,
7,223749,,0.6875,,,
7,223799,,0.71875,,,
7,223849,,0.84375,,,
7,223899,,0.78125,,,
7,223949,,0.75,,,
7,223999,,0.5625,,,
7,224049,,0.65625,,,
7,224099,,0.84375,,,
7,224149,,0.71875,,,
7,224199,,0.71875,,,
7,224249,,0.75,,,
7,224299,,0.6875,,,
7,224349,,0.65625,,,
7,224399,,0.71875,,,
7,224449,,0.65625,,,
7,224499,,0.6875,,,
7,224549,,0.75,,,
7,224599,,0.625,,,
7,224649,,0.75,,,
7,224699,,0.6875,,,
7,224749,,0.75,,,
7,224799,,0.71875,,,
7,224849,,0.84375,,,
7,224899,,0.84375,,,
7,224949,,0.8125,,,
7,224999,,0.71875,,,
7,225049,,0.75,,,
7,225099,,0.84375,,,
7,225149,,0.71875,,,
7,225199,,0.71875,,,
7,225249,,0.78125,,,
7,225299,,0.78125,,,
7,225349,,0.84375,,,
7,225399,,0.78125,,,
7,225449,,0.75,,,
7,225499,,0.625,,,
7,225549,,0.84375,,,
7,225599,,0.5625,,,
7,225649,,0.8125,,,
7,225699,,0.46875,,,
7,225749,,0.84375,,,
7,225799,,0.5625,,,
7,225849,,0.84375,,,
7,225899,,0.6875,,,
7,225949,,0.625,,,
7,225999,,0.78125,,,
7,226049,,0.78125,,,
7,226099,,0.78125,,,
7,226149,,0.75,,,
7,226199,,0.59375,,,
7,226249,,0.71875,,,
7,226299,,0.78125,,,
7,226349,,0.78125,,,
7,226399,,0.8125,,,
7,226449,,0.71875,,,
7,226499,,0.6875,,,
7,226549,,0.65625,,,
7,226599,,0.84375,,,
7,226649,,0.65625,,,
7,226699,,0.90625,,,
7,226749,,0.78125,,,
7,226799,,0.625,,,
7,226849,,0.6875,,,
7,226899,,0.71875,,,
7,226949,,0.8125,,,
7,226999,,0.6875,,,
7,227049,,0.625,,,
7,227099,,0.90625,,,
7,227149,,0.875,,,
7,227199,,0.5625,,,
7,227249,,0.90625,,,
7,227299,,0.84375,,,
7,227349,,0.59375,,,
7,227399,,0.71875,,,
7,227449,,0.90625,,,
7,227499,,0.6875,,,
7,227549,,0.8125,,,
7,227599,,0.75,,,
7,227649,,0.59375,,,
7,227699,,0.6875,,,
7,227749,,0.8125,,,
7,227799,,0.71875,,,
7,227849,,0.75,,,
7,227899,,0.71875,,,
7,227949,,0.75,,,
7,227999,,0.75,,,
7,228049,,0.75,,,
7,228099,,0.71875,,,
7,228149,,0.75,,,
7,228199,,0.8125,,,
7,228249,,0.6875,,,
7,228299,,0.75,,,
7,228349,,0.53125,,,
7,228399,,0.78125,,,
7,228449,,0.75,,,
7,228499,,0.6875,,,
7,228549,,0.71875,,,
7,228599,,0.75,,,
7,228649,,0.84375,,,
7,228699,,0.75,,,
7,228749,,0.84375,,,
7,228799,,0.75,,,
7,228849,,0.78125,,,
7,228899,,0.75,,,
7,228949,,0.625,,,
7,228999,,0.59375,,,
7,229049,,0.84375,,,
7,229099,,0.78125,,,
7,229149,,0.625,,,
7,229199,,0.78125,,,
7,229249,,0.78125,,,
7,229299,,0.8125,,,
7,229349,,0.5625,,,
7,229399,,0.71875,,,
7,229449,,0.75,,,
7,229499,,0.71875,,,
7,229549,,0.78125,,,
7,229599,,0.6875,,,
7,229649,,0.75,,,
7,229699,,0.75,,,
7,229749,,0.625,,,
7,229799,,0.71875,,,
7,229849,,0.71875,,,
7,229895,,,,0.9432091116905212,1.5180366039276123
7,229895,0.7266144156455994,,0.6589453220367432,,
8,229899,,0.78125,,,
8,229949,,0.6875,,,
8,229999,,0.71875,,,
8,230049,,0.75,,,
8,230099,,0.71875,,,
8,230149,,0.65625,,,
8,230199,,0.78125,,,
8,230249,,0.71875,,,
8,230299,,0.84375,,,
8,230349,,0.75,,,
8,230399,,0.8125,,,
8,230449,,0.8125,,,
8,230499,,0.84375,,,
8,230549,,0.65625,,,
8,230599,,0.65625,,,
8,230649,,0.78125,,,
8,230699,,0.875,,,
8,230749,,0.78125,,,
8,230799,,0.71875,,,
8,230849,,0.625,,,
8,230899,,0.6875,,,
8,230949,,0.625,,,
8,230999,,0.875,,,
8,231049,,0.8125,,,
8,231099,,0.8125,,,
8,231149,,0.6875,,,
8,231199,,0.71875,,,
8,231249,,0.78125,,,
8,231299,,0.6875,,,
8,231349,,0.84375,,,
8,231399,,0.65625,,,
8,231449,,0.84375,,,
8,231499,,0.71875,,,
8,231549,,0.6875,,,
8,231599,,0.75,,,
8,231649,,0.8125,,,
8,231699,,0.5625,,,
8,231749,,0.6875,,,
8,231799,,0.75,,,
8,231849,,0.78125,,,
8,231899,,0.8125,,,
8,231949,,0.8125,,,
8,231999,,0.65625,,,
8,232049,,0.78125,,,
8,232099,,0.625,,,
8,232149,,0.71875,,,
8,232199,,0.78125,,,
8,232249,,0.65625,,,
8,232299,,0.75,,,
8,232349,,0.8125,,,
8,232399,,0.71875,,,
8,232449,,0.75,,,
8,232499,,0.6875,,,
8,232549,,0.8125,,,
8,232599,,0.8125,,,
8,232649,,0.8125,,,
8,232699,,0.71875,,,
8,232749,,0.71875,,,
8,232799,,0.78125,,,
8,232849,,0.71875,,,
8,232899,,0.65625,,,
8,232949,,0.625,,,
8,232999,,0.65625,,,
8,233049,,0.78125,,,
8,233099,,0.65625,,,
8,233149,,0.71875,,,
8,233199,,0.6875,,,
8,233249,,0.90625,,,
8,233299,,0.75,,,
8,233349,,0.6875,,,
8,233399,,0.78125,,,
8,233449,,0.6875,,,
8,233499,,0.71875,,,
8,233549,,0.75,,,
8,233599,,0.78125,,,
8,233649,,0.71875,,,
8,233699,,0.71875,,,
8,233749,,0.75,,,
8,233799,,0.6875,,,
8,233849,,0.9375,,,
8,233899,,0.625,,,
8,233949,,0.59375,,,
8,233999,,0.40625,,,
8,234049,,0.71875,,,
8,234099,,0.6875,,,
8,234149,,0.75,,,
8,234199,,0.8125,,,
8,234249,,0.78125,,,
8,234299,,0.59375,,,
8,234349,,0.71875,,,
8,234399,,0.71875,,,
8,234449,,0.71875,,,
8,234499,,0.75,,,
8,234549,,0.71875,,,
8,234599,,0.78125,,,
8,234649,,0.78125,,,
8,234699,,0.6875,,,
8,234749,,0.78125,,,
8,234799,,0.75,,,
8,234849,,0.71875,,,
8,234899,,0.78125,,,
8,234949,,0.84375,,,
8,234999,,0.75,,,
8,235049,,0.65625,,,
8,235099,,0.71875,,,
8,235149,,0.8125,,,
8,235199,,0.78125,,,
8,235249,,0.625,,,
8,235299,,0.875,,,
8,235349,,0.71875,,,
8,235399,,0.75,,,
8,235449,,0.8125,,,
8,235499,,0.8125,,,
8,235549,,0.6875,,,
8,235599,,0.6875,,,
8,235649,,0.65625,,,
8,235699,,0.6875,,,
8,235749,,0.6875,,,
8,235799,,0.78125,,,
8,235849,,0.84375,,,
8,235899,,0.65625,,,
8,235949,,0.71875,,,
8,235999,,0.6875,,,
8,236049,,0.71875,,,
8,236099,,0.6875,,,
8,236149,,0.625,,,
8,236199,,0.71875,,,
8,236249,,0.6875,,,
8,236299,,0.875,,,
8,236349,,0.71875,,,
8,236399,,0.625,,,
8,236449,,0.75,,,
8,236499,,0.875,,,
8,236549,,0.71875,,,
8,236599,,0.8125,,,
8,236649,,0.625,,,
8,236699,,0.78125,,,
8,236749,,0.78125,,,
8,236799,,0.78125,,,
8,236849,,0.6875,,,
8,236899,,0.65625,,,
8,236949,,0.65625,,,
8,236999,,0.65625,,,
8,237049,,0.84375,,,
8,237099,,0.65625,,,
8,237149,,0.8125,,,
8,237199,,0.71875,,,
8,237249,,0.6875,,,
8,237299,,0.6875,,,
8,237349,,0.90625,,,
8,237399,,0.8125,,,
8,237449,,0.6875,,,
8,237499,,0.625,,,
8,237549,,0.75,,,
8,237599,,0.59375,,,
8,237649,,0.6875,,,
8,237699,,0.90625,,,
8,237749,,0.78125,,,
8,237799,,0.8125,,,
8,237849,,0.71875,,,
8,237899,,0.75,,,
8,237949,,0.71875,,,
8,237999,,0.75,,,
8,238049,,0.8125,,,
8,238099,,0.78125,,,
8,238149,,0.625,,,
8,238199,,0.75,,,
8,238249,,0.71875,,,
8,238299,,0.71875,,,
8,238349,,0.6875,,,
8,238399,,0.75,,,
8,238449,,0.71875,,,
8,238499,,0.8125,,,
8,238549,,0.71875,,,
8,238599,,0.6875,,,
8,238649,,0.8125,,,
8,238699,,0.6875,,,
8,238749,,0.65625,,,
8,238799,,0.65625,,,
8,238849,,0.8125,,,
8,238899,,0.875,,,
8,238949,,0.71875,,,
8,238999,,0.6875,,,
8,239049,,0.6875,,,
8,239099,,0.75,,,
8,239149,,0.8125,,,
8,239199,,0.71875,,,
8,239249,,0.8125,,,
8,239299,,0.6875,,,
8,239349,,0.8125,,,
8,239399,,0.6875,,,
8,239449,,0.59375,,,
8,239499,,0.6875,,,
8,239549,,0.78125,,,
8,239599,,0.65625,,,
8,239649,,0.75,,,
8,239699,,0.75,,,
8,239749,,0.8125,,,
8,239799,,0.6875,,,
8,239849,,0.625,,,
8,239899,,0.78125,,,
8,239949,,0.78125,,,
8,239999,,0.65625,,,
8,240049,,0.75,,,
8,240099,,0.65625,,,
8,240149,,0.71875,,,
8,240199,,0.78125,,,
8,240249,,0.71875,,,
8,240299,,0.6875,,,
8,240349,,0.71875,,,
8,240399,,0.65625,,,
8,240449,,0.8125,,,
8,240499,,0.78125,,,
8,240549,,0.71875,,,
8,240599,,0.75,,,
8,240649,,0.8125,,,
8,240699,,0.875,,,
8,240749,,0.78125,,,
8,240799,,0.75,,,
8,240849,,0.8125,,,
8,240899,,0.78125,,,
8,240949,,0.78125,,,
8,240999,,0.71875,,,
8,241049,,0.8125,,,
8,241099,,0.71875,,,
8,241149,,0.78125,,,
8,241199,,0.71875,,,
8,241249,,0.875,,,
8,241299,,0.78125,,,
8,241349,,0.75,,,
8,241399,,0.71875,,,
8,241449,,0.625,,,
8,241499,,0.78125,,,
8,241549,,0.625,,,
8,241599,,0.8125,,,
8,241649,,0.65625,,,
8,241699,,0.75,,,
8,241749,,0.71875,,,
8,241799,,0.8125,,,
8,241849,,0.6875,,,
8,241899,,0.75,,,
8,241949,,0.875,,,
8,241999,,0.71875,,,
8,242049,,0.78125,,,
8,242099,,0.6875,,,
8,242149,,0.5625,,,
8,242199,,0.65625,,,
8,242249,,0.8125,,,
8,242299,,0.84375,,,
8,242349,,0.8125,,,
8,242399,,0.75,,,
8,242449,,0.78125,,,
8,242499,,0.6875,,,
8,242549,,0.8125,,,
8,242599,,0.6875,,,
8,242649,,0.75,,,
8,242699,,0.78125,,,
8,242749,,0.90625,,,
8,242799,,0.78125,,,
8,242849,,0.71875,,,
8,242899,,0.75,,,
8,242949,,0.6875,,,
8,242999,,0.75,,,
8,243049,,0.78125,,,
8,243099,,0.53125,,,
8,243149,,0.875,,,
8,243199,,0.65625,,,
8,243249,,0.8125,,,
8,243299,,0.65625,,,
8,243349,,0.65625,,,
8,243399,,0.65625,,,
8,243449,,0.8125,,,
8,243499,,0.6875,,,
8,243549,,0.75,,,
8,243599,,0.65625,,,
8,243649,,0.71875,,,
8,243699,,0.75,,,
8,243749,,0.71875,,,
8,243799,,0.8125,,,
8,243849,,0.8125,,,
8,243899,,0.75,,,
8,243949,,0.6875,,,
8,243999,,0.75,,,
8,244049,,0.78125,,,
8,244099,,0.78125,,,
8,244149,,0.71875,,,
8,244199,,0.65625,,,
8,244249,,0.65625,,,
8,244299,,0.75,,,
8,244349,,0.71875,,,
8,244399,,0.875,,,
8,244449,,0.84375,,,
8,244499,,0.78125,,,
8,244549,,0.75,,,
8,244599,,0.71875,,,
8,244649,,0.625,,,
8,244699,,0.65625,,,
8,244749,,0.6875,,,
8,244799,,0.71875,,,
8,244849,,0.59375,,,
8,244899,,0.65625,,,
8,244949,,0.71875,,,
8,244999,,0.6875,,,
8,245049,,0.75,,,
8,245099,,0.78125,,,
8,245149,,0.875,,,
8,245199,,0.75,,,
8,245249,,0.71875,,,
8,245299,,0.75,,,
8,245349,,0.78125,,,
8,245399,,0.75,,,
8,245449,,0.625,,,
8,245499,,0.78125,,,
8,245549,,0.71875,,,
8,245599,,0.53125,,,
8,245649,,0.71875,,,
8,245699,,0.71875,,,
8,245749,,0.78125,,,
8,245799,,0.71875,,,
8,245849,,0.71875,,,
8,245899,,0.78125,,,
8,245949,,0.71875,,,
8,245999,,0.65625,,,
8,246049,,0.71875,,,
8,246099,,0.5625,,,
8,246149,,0.84375,,,
8,246199,,0.6875,,,
8,246249,,0.59375,,,
8,246299,,0.59375,,,
8,246349,,0.84375,,,
8,246399,,0.65625,,,
8,246449,,0.59375,,,
8,246499,,0.6875,,,
8,246549,,0.78125,,,
8,246599,,0.71875,,,
8,246649,,0.71875,,,
8,246699,,0.59375,,,
8,246749,,0.78125,,,
8,246799,,0.8125,,,
8,246849,,0.75,,,
8,246899,,0.78125,,,
8,246949,,0.75,,,
8,246999,,0.6875,,,
8,247049,,0.75,,,
8,247099,,0.75,,,
8,247149,,0.78125,,,
8,247199,,0.71875,,,
8,247249,,0.84375,,,
8,247299,,0.6875,,,
8,247349,,0.71875,,,
8,247399,,0.6875,,,
8,247449,,0.8125,,,
8,247499,,0.75,,,
8,247549,,0.625,,,
8,247599,,0.75,,,
8,247649,,0.6875,,,
8,247699,,0.65625,,,
8,247749,,0.65625,,,
8,247799,,0.84375,,,
8,247849,,0.71875,,,
8,247899,,0.6875,,,
8,247949,,0.65625,,,
8,247999,,0.65625,,,
8,248049,,0.65625,,,
8,248099,,0.78125,,,
8,248149,,0.8125,,,
8,248199,,0.8125,,,
8,248249,,0.71875,,,
8,248299,,0.75,,,
8,248349,,0.6875,,,
8,248399,,0.75,,,
8,248449,,0.59375,,,
8,248499,,0.71875,,,
8,248549,,0.75,,,
8,248599,,0.625,,,
8,248649,,0.75,,,
8,248699,,0.8125,,,
8,248749,,0.8125,,,
8,248799,,0.71875,,,
8,248849,,0.75,,,
8,248899,,0.78125,,,
8,248949,,0.8125,,,
8,248999,,0.71875,,,
8,249049,,0.65625,,,
8,249099,,0.71875,,,
8,249149,,0.65625,,,
8,249199,,0.71875,,,
8,249249,,0.78125,,,
8,249299,,0.6875,,,
8,249349,,0.78125,,,
8,249399,,0.6875,,,
8,249449,,0.78125,,,
8,249499,,0.65625,,,
8,249549,,0.75,,,
8,249599,,0.75,,,
8,249649,,0.5625,,,
8,249699,,0.6875,,,
8,249749,,0.8125,,,
8,249799,,0.8125,,,
8,249849,,0.75,,,
8,249899,,0.75,,,
8,249949,,0.78125,,,
8,249999,,0.78125,,,
8,250049,,0.6875,,,
8,250099,,0.65625,,,
8,250149,,0.75,,,
8,250199,,0.875,,,
8,250249,,0.59375,,,
8,250299,,0.8125,,,
8,250349,,0.78125,,,
8,250399,,0.8125,,,
8,250449,,0.75,,,
8,250499,,0.65625,,,
8,250549,,0.71875,,,
8,250599,,0.6875,,,
8,250649,,0.6875,,,
8,250699,,0.84375,,,
8,250749,,0.8125,,,
8,250799,,0.6875,,,
8,250849,,0.71875,,,
8,250899,,0.625,,,
8,250949,,0.8125,,,
8,250999,,0.71875,,,
8,251049,,0.78125,,,
8,251099,,0.71875,,,
8,251149,,0.71875,,,
8,251199,,0.75,,,
8,251249,,0.75,,,
8,251299,,0.78125,,,
8,251349,,0.65625,,,
8,251399,,0.65625,,,
8,251449,,0.6875,,,
8,251499,,0.75,,,
8,251549,,0.78125,,,
8,251599,,0.78125,,,
8,251649,,0.65625,,,
8,251699,,0.6875,,,
8,251749,,0.75,,,
8,251799,,0.71875,,,
8,251849,,0.6875,,,
8,251899,,0.71875,,,
8,251949,,0.71875,,,
8,251999,,0.78125,,,
8,252049,,0.75,,,
8,252099,,0.65625,,,
8,252149,,0.625,,,
8,252199,,0.84375,,,
8,252249,,0.625,,,
8,252299,,0.75,,,
8,252349,,0.65625,,,
8,252399,,0.65625,,,
8,252449,,0.65625,,,
8,252499,,0.71875,,,
8,252549,,0.65625,,,
8,252599,,0.71875,,,
8,252649,,0.65625,,,
8,252699,,0.75,,,
8,252749,,0.8125,,,
8,252799,,0.78125,,,
8,252849,,0.75,,,
8,252899,,0.71875,,,
8,252949,,0.78125,,,
8,252999,,0.71875,,,
8,253049,,0.75,,,
8,253099,,0.59375,,,
8,253149,,0.71875,,,
8,253199,,0.78125,,,
8,253249,,0.625,,,
8,253299,,0.78125,,,
8,253349,,0.53125,,,
8,253399,,0.75,,,
8,253449,,0.75,,,
8,253499,,0.8125,,,
8,253549,,0.59375,,,
8,253599,,0.625,,,
8,253649,,0.75,,,
8,253699,,0.75,,,
8,253749,,0.65625,,,
8,253799,,0.59375,,,
8,253849,,0.78125,,,
8,253899,,0.65625,,,
8,253949,,0.6875,,,
8,253999,,0.6875,,,
8,254049,,0.75,,,
8,254099,,0.75,,,
8,254149,,0.75,,,
8,254199,,0.78125,,,
8,254249,,0.59375,,,
8,254299,,0.78125,,,
8,254349,,0.875,,,
8,254399,,0.90625,,,
8,254449,,0.65625,,,
8,254499,,0.78125,,,
8,254549,,0.78125,,,
8,254599,,0.8125,,,
8,254649,,0.6875,,,
8,254699,,0.5625,,,
8,254749,,0.625,,,
8,254799,,0.625,,,
8,254849,,0.75,,,
8,254899,,0.6875,,,
8,254949,,0.78125,,,
8,254999,,0.78125,,,
8,255049,,0.6875,,,
8,255099,,0.71875,,,
8,255149,,0.6875,,,
8,255199,,0.65625,,,
8,255249,,0.6875,,,
8,255299,,0.71875,,,
8,255349,,0.84375,,,
8,255399,,0.6875,,,
8,255449,,0.6875,,,
8,255499,,0.75,,,
8,255549,,0.6875,,,
8,255599,,0.8125,,,
8,255649,,0.6875,,,
8,255699,,0.78125,,,
8,255749,,0.71875,,,
8,255799,,0.71875,,,
8,255849,,0.65625,,,
8,255899,,0.6875,,,
8,255949,,0.78125,,,
8,255999,,0.6875,,,
8,256049,,0.71875,,,
8,256099,,0.78125,,,
8,256149,,0.75,,,
8,256199,,0.71875,,,
8,256249,,0.71875,,,
8,256299,,0.71875,,,
8,256349,,0.6875,,,
8,256399,,0.65625,,,
8,256449,,0.78125,,,
8,256499,,0.71875,,,
8,256549,,0.625,,,
8,256599,,0.59375,,,
8,256649,,0.6875,,,
8,256699,,0.8125,,,
8,256749,,0.65625,,,
8,256799,,0.71875,,,
8,256849,,0.75,,,
8,256899,,0.6875,,,
8,256949,,0.8125,,,
8,256999,,0.6875,,,
8,257049,,0.625,,,
8,257099,,0.625,,,
8,257149,,0.6875,,,
8,257199,,0.75,,,
8,257249,,0.75,,,
8,257299,,0.71875,,,
8,257349,,0.71875,,,
8,257399,,0.71875,,,
8,257449,,0.6875,,,
8,257499,,0.75,,,
8,257549,,0.84375,,,
8,257599,,0.625,,,
8,257649,,0.75,,,
8,257699,,0.75,,,
8,257749,,0.75,,,
8,257799,,0.65625,,,
8,257849,,0.78125,,,
8,257899,,0.5625,,,
8,257949,,0.71875,,,
8,257999,,0.65625,,,
8,258049,,0.625,,,
8,258099,,0.71875,,,
8,258149,,0.75,,,
8,258199,,0.6875,,,
8,258249,,0.78125,,,
8,258299,,0.65625,,,
8,258349,,0.8125,,,
8,258399,,0.75,,,
8,258449,,0.65625,,,
8,258499,,0.875,,,
8,258549,,0.5625,,,
8,258599,,0.71875,,,
8,258632,,,,0.9348574876785278,1.5045952796936035
8,258632,0.7287947535514832,,0.6542565822601318,,
9,258649,,0.78125,,,
9,258699,,0.71875,,,
9,258749,,0.6875,,,
9,258799,,0.75,,,
9,258849,,0.78125,,,
9,258899,,0.78125,,,
9,258949,,0.8125,,,
9,258999,,0.78125,,,
9,259049,,0.78125,,,
9,259099,,0.8125,,,
9,259149,,0.75,,,
9,259199,,0.71875,,,
9,259249,,0.65625,,,
9,259299,,0.625,,,
9,259349,,0.625,,,
9,259399,,0.6875,,,
9,259449,,0.8125,,,
9,259499,,0.8125,,,
9,259549,,0.625,,,
9,259599,,0.84375,,,
9,259649,,0.71875,,,
9,259699,,0.75,,,
9,259749,,0.78125,,,
9,259799,,0.75,,,
9,259849,,0.71875,,,
9,259899,,0.59375,,,
9,259949,,0.6875,,,
9,259999,,0.84375,,,
9,260049,,0.6875,,,
9,260099,,0.6875,,,
9,260149,,0.75,,,
9,260199,,0.65625,,,
9,260249,,0.8125,,,
9,260299,,0.84375,,,
9,260349,,0.6875,,,
9,260399,,0.875,,,
9,260449,,0.6875,,,
9,260499,,0.75,,,
9,260549,,0.6875,,,
9,260599,,0.6875,,,
9,260649,,0.71875,,,
9,260699,,0.71875,,,
9,260749,,0.65625,,,
9,260799,,0.75,,,
9,260849,,0.78125,,,
9,260899,,0.875,,,
9,260949,,0.71875,,,
9,260999,,0.75,,,
9,261049,,0.8125,,,
9,261099,,0.6875,,,
9,261149,,0.6875,,,
9,261199,,0.8125,,,
9,261249,,0.84375,,,
9,261299,,0.75,,,
9,261349,,0.75,,,
9,261399,,0.5625,,,
9,261449,,0.71875,,,
9,261499,,0.75,,,
9,261549,,0.5,,,
9,261599,,0.75,,,
9,261649,,0.6875,,,
9,261699,,0.71875,,,
9,261749,,0.75,,,
9,261799,,0.75,,,
9,261849,,0.6875,,,
9,261899,,0.75,,,
9,261949,,0.8125,,,
9,261999,,0.65625,,,
9,262049,,0.6875,,,
9,262099,,0.75,,,
9,262149,,0.625,,,
9,262199,,0.6875,,,
9,262249,,0.8125,,,
9,262299,,0.75,,,
9,262349,,0.71875,,,
9,262399,,0.75,,,
9,262449,,0.78125,,,
9,262499,,0.78125,,,
9,262549,,0.84375,,,
9,262599,,0.625,,,
9,262649,,0.78125,,,
9,262699,,0.65625,,,
9,262749,,0.75,,,
9,262799,,0.8125,,,
9,262849,,0.65625,,,
9,262899,,0.625,,,
9,262949,,0.65625,,,
9,262999,,0.78125,,,
9,263049,,0.8125,,,
9,263099,,0.8125,,,
9,263149,,0.8125,,,
9,263199,,0.84375,,,
9,263249,,0.6875,,,
9,263299,,0.78125,,,
9,263349,,0.84375,,,
9,263399,,0.625,,,
9,263449,,0.78125,,,
9,263499,,0.71875,,,
9,263549,,0.71875,,,
9,263599,,0.84375,,,
9,263649,,0.71875,,,
9,263699,,0.8125,,,
9,263749,,0.8125,,,
9,263799,,0.8125,,,
9,263849,,0.78125,,,
9,263899,,0.71875,,,
9,263949,,0.875,,,
9,263999,,0.75,,,
9,264049,,0.75,,,
9,264099,,0.78125,,,
9,264149,,0.75,,,
9,264199,,0.75,,,
9,264249,,0.71875,,,
9,264299,,0.75,,,
9,264349,,0.84375,,,
9,264399,,0.78125,,,
9,264449,,0.71875,,,
9,264499,,0.75,,,
9,264549,,0.59375,,,
9,264599,,0.78125,,,
9,264649,,0.65625,,,
9,264699,,0.78125,,,
9,264749,,0.59375,,,
9,264799,,0.75,,,
9,264849,,0.6875,,,
9,264899,,0.625,,,
9,264949,,0.6875,,,
9,264999,,0.78125,,,
9,265049,,0.59375,,,
9,265099,,0.8125,,,
9,265149,,0.65625,,,
9,265199,,0.8125,,,
9,265249,,0.65625,,,
9,265299,,0.875,,,
9,265349,,0.71875,,,
9,265399,,0.8125,,,
9,265449,,0.75,,,
9,265499,,0.75,,,
9,265549,,0.78125,,,
9,265599,,0.65625,,,
9,265649,,0.75,,,
9,265699,,0.6875,,,
9,265749,,0.84375,,,
9,265799,,0.78125,,,
9,265849,,0.8125,,,
9,265899,,0.71875,,,
9,265949,,0.6875,,,
9,265999,,0.65625,,,
9,266049,,0.71875,,,
9,266099,,0.71875,,,
9,266149,,0.78125,,,
9,266199,,0.59375,,,
9,266249,,0.71875,,,
9,266299,,0.625,,,
9,266349,,0.65625,,,
9,266399,,0.71875,,,
9,266449,,0.8125,,,
9,266499,,0.78125,,,
9,266549,,0.71875,,,
9,266599,,0.65625,,,
9,266649,,0.6875,,,
9,266699,,0.75,,,
9,266749,,0.71875,,,
9,266799,,0.75,,,
9,266849,,0.84375,,,
9,266899,,0.78125,,,
9,266949,,0.75,,,
9,266999,,0.6875,,,
9,267049,,0.75,,,
9,267099,,0.71875,,,
9,267149,,0.78125,,,
9,267199,,0.75,,,
9,267249,,0.625,,,
9,267299,,0.90625,,,
9,267349,,0.59375,,,
9,267399,,0.65625,,,
9,267449,,0.8125,,,
9,267499,,0.625,,,
9,267549,,0.75,,,
9,267599,,0.75,,,
9,267649,,0.59375,,,
9,267699,,0.8125,,,
9,267749,,0.8125,,,
9,267799,,0.78125,,,
9,267849,,0.90625,,,
9,267899,,0.75,,,
9,267949,,0.625,,,
9,267999,,0.71875,,,
9,268049,,0.84375,,,
9,268099,,0.65625,,,
9,268149,,0.625,,,
9,268199,,0.71875,,,
9,268249,,0.84375,,,
9,268299,,0.71875,,,
9,268349,,0.71875,,,
9,268399,,0.75,,,
9,268449,,0.625,,,
9,268499,,0.78125,,,
9,268549,,0.78125,,,
9,268599,,0.875,,,
9,268649,,0.71875,,,
9,268699,,0.65625,,,
9,268749,,0.71875,,,
9,268799,,0.8125,,,
9,268849,,0.78125,,,
9,268899,,0.71875,,,
9,268949,,0.6875,,,
9,268999,,0.90625,,,
9,269049,,0.84375,,,
9,269099,,0.90625,,,
9,269149,,0.78125,,,
9,269199,,0.6875,,,
9,269249,,0.75,,,
9,269299,,0.71875,,,
9,269349,,0.75,,,
9,269399,,0.625,,,
9,269449,,0.75,,,
9,269499,,0.65625,,,
9,269549,,0.6875,,,
9,269599,,0.71875,,,
9,269649,,0.8125,,,
9,269699,,0.84375,,,
9,269749,,0.71875,,,
9,269799,,0.625,,,
9,269849,,0.8125,,,
9,269899,,0.78125,,,
9,269949,,0.71875,,,
9,269999,,0.875,,,
9,270049,,0.6875,,,
9,270099,,0.75,,,
9,270149,,0.8125,,,
9,270199,,0.75,,,
9,270249,,0.71875,,,
9,270299,,0.5625,,,
9,270349,,0.6875,,,
9,270399,,0.6875,,,
9,270449,,0.71875,,,
9,270499,,0.6875,,,
9,270549,,0.625,,,
9,270599,,0.84375,,,
9,270649,,0.75,,,
9,270699,,0.6875,,,
9,270749,,0.75,,,
9,270799,,0.6875,,,
9,270849,,0.8125,,,
9,270899,,0.6875,,,
9,270949,,0.65625,,,
9,270999,,0.6875,,,
9,271049,,0.71875,,,
9,271099,,0.6875,,,
9,271149,,0.75,,,
9,271199,,0.71875,,,
9,271249,,0.8125,,,
9,271299,,0.8125,,,
9,271349,,0.75,,,
9,271399,,0.59375,,,
9,271449,,0.84375,,,
9,271499,,0.78125,,,
9,271549,,0.8125,,,
9,271599,,0.75,,,
9,271649,,0.71875,,,
9,271699,,0.84375,,,
9,271749,,0.53125,,,
9,271799,,0.75,,,
9,271849,,0.71875,,,
9,271899,,0.6875,,,
9,271949,,0.84375,,,
9,271999,,0.65625,,,
9,272049,,0.6875,,,
9,272099,,0.78125,,,
9,272149,,0.71875,,,
9,272199,,0.8125,,,
9,272249,,0.84375,,,
9,272299,,0.75,,,
9,272349,,0.625,,,
9,272399,,0.6875,,,
9,272449,,0.6875,,,
9,272499,,0.625,,,
9,272549,,0.6875,,,
9,272599,,0.6875,,,
9,272649,,0.8125,,,
9,272699,,0.8125,,,
9,272749,,0.84375,,,
9,272799,,0.75,,,
9,272849,,0.6875,,,
9,272899,,0.625,,,
9,272949,,0.75,,,
9,272999,,0.71875,,,
9,273049,,0.53125,,,
9,273099,,0.875,,,
9,273149,,0.6875,,,
9,273199,,0.6875,,,
9,273249,,0.71875,,,
9,273299,,0.78125,,,
9,273349,,0.75,,,
9,273399,,0.6875,,,
9,273449,,0.6875,,,
9,273499,,0.625,,,
9,273549,,0.625,,,
9,273599,,0.6875,,,
9,273649,,0.71875,,,
9,273699,,0.625,,,
9,273749,,0.75,,,
9,273799,,0.71875,,,
9,273849,,0.625,,,
9,273899,,0.59375,,,
9,273949,,0.6875,,,
9,273999,,0.84375,,,
9,274049,,0.59375,,,
9,274099,,0.625,,,
9,274149,,0.65625,,,
9,274199,,0.78125,,,
9,274249,,1.0,,,
9,274299,,0.65625,,,
9,274349,,0.78125,,,
9,274399,,0.75,,,
9,274449,,0.8125,,,
9,274499,,0.8125,,,
9,274549,,0.78125,,,
9,274599,,0.625,,,
9,274649,,0.71875,,,
9,274699,,0.8125,,,
9,274749,,0.65625,,,
9,274799,,0.71875,,,
9,274849,,0.71875,,,
9,274899,,0.78125,,,
9,274949,,0.65625,,,
9,274999,,0.65625,,,
9,275049,,0.78125,,,
9,275099,,0.71875,,,
9,275149,,0.75,,,
9,275199,,0.84375,,,
9,275249,,0.71875,,,
9,275299,,0.6875,,,
9,275349,,0.78125,,,
9,275399,,0.65625,,,
9,275449,,0.8125,,,
9,275499,,0.75,,,
9,275549,,0.78125,,,
9,275599,,0.65625,,,
9,275649,,0.875,,,
9,275699,,0.625,,,
9,275749,,0.65625,,,
9,275799,,0.78125,,,
9,275849,,0.71875,,,
9,275899,,0.78125,,,
9,275949,,0.8125,,,
9,275999,,0.6875,,,
9,276049,,0.75,,,
9,276099,,0.84375,,,
9,276149,,0.75,,,
9,276199,,0.6875,,,
9,276249,,0.78125,,,
9,276299,,0.8125,,,
9,276349,,0.71875,,,
9,276399,,0.78125,,,
9,276449,,0.71875,,,
9,276499,,0.78125,,,
9,276549,,0.59375,,,
9,276599,,0.75,,,
9,276649,,0.6875,,,
9,276699,,0.65625,,,
9,276749,,0.65625,,,
9,276799,,0.5625,,,
9,276849,,0.6875,,,
9,276899,,0.71875,,,
9,276949,,0.71875,,,
9,276999,,0.8125,,,
9,277049,,0.53125,,,
9,277099,,0.75,,,
9,277149,,0.5,,,
9,277199,,0.8125,,,
9,277249,,0.65625,,,
9,277299,,0.625,,,
9,277349,,0.8125,,,
9,277399,,0.71875,,,
9,277449,,0.78125,,,
9,277499,,0.6875,,,
9,277549,,0.78125,,,
9,277599,,0.65625,,,
9,277649,,0.71875,,,
9,277699,,0.6875,,,
9,277749,,0.78125,,,
9,277799,,0.65625,,,
9,277849,,0.71875,,,
9,277899,,0.875,,,
9,277949,,0.53125,,,
9,277999,,0.59375,,,
9,278049,,0.71875,,,
9,278099,,0.71875,,,
9,278149,,0.875,,,
9,278199,,0.78125,,,
9,278249,,0.78125,,,
9,278299,,0.6875,,,
9,278349,,0.84375,,,
9,278399,,0.6875,,,
9,278449,,0.78125,,,
9,278499,,0.8125,,,
9,278549,,0.84375,,,
9,278599,,0.71875,,,
9,278649,,0.71875,,,
9,278699,,0.625,,,
9,278749,,0.75,,,
9,278799,,0.75,,,
9,278849,,0.75,,,
9,278899,,0.75,,,
9,278949,,0.65625,,,
9,278999,,0.71875,,,
9,279049,,0.625,,,
9,279099,,0.6875,,,
9,279149,,0.875,,,
9,279199,,0.65625,,,
9,279249,,0.625,,,
9,279299,,0.6875,,,
9,279349,,0.65625,,,
9,279399,,0.78125,,,
9,279449,,0.8125,,,
9,279499,,0.6875,,,
9,279549,,0.65625,,,
9,279599,,0.8125,,,
9,279649,,0.6875,,,
9,279699,,0.5625,,,
9,279749,,0.875,,,
9,279799,,0.59375,,,
9,279849,,0.71875,,,
9,279899,,0.625,,,
9,279949,,0.71875,,,
9,279999,,0.78125,,,
9,280049,,0.625,,,
9,280099,,0.84375,,,
9,280149,,0.625,,,
9,280199,,0.78125,,,
9,280249,,0.71875,,,
9,280299,,0.71875,,,
9,280349,,0.6875,,,
9,280399,,0.53125,,,
9,280449,,0.6875,,,
9,280499,,0.8125,,,
9,280549,,0.71875,,,
9,280599,,0.71875,,,
9,280649,,0.78125,,,
9,280699,,0.75,,,
9,280749,,0.71875,,,
9,280799,,0.84375,,,
9,280849,,0.71875,,,
9,280899,,0.84375,,,
9,280949,,0.75,,,
9,280999,,0.75,,,
9,281049,,0.6875,,,
9,281099,,0.78125,,,
9,281149,,0.71875,,,
9,281199,,0.8125,,,
9,281249,,0.6875,,,
9,281299,,0.8125,,,
9,281349,,0.4375,,,
9,281399,,0.625,,,
9,281449,,0.8125,,,
9,281499,,0.71875,,,
9,281549,,0.65625,,,
9,281599,,0.6875,,,
9,281649,,0.8125,,,
9,281699,,0.71875,,,
9,281749,,0.6875,,,
9,281799,,0.71875,,,
9,281849,,0.78125,,,
9,281899,,0.5625,,,
9,281949,,0.78125,,,
9,281999,,0.75,,,
9,282049,,0.84375,,,
9,282099,,0.75,,,
9,282149,,0.75,,,
9,282199,,0.59375,,,
9,282249,,0.875,,,
9,282299,,0.6875,,,
9,282349,,0.75,,,
9,282399,,0.78125,,,
9,282449,,0.625,,,
9,282499,,0.8125,,,
9,282549,,0.65625,,,
9,282599,,0.75,,,
9,282649,,0.71875,,,
9,282699,,0.71875,,,
9,282749,,0.6875,,,
9,282799,,0.78125,,,
9,282849,,0.65625,,,
9,282899,,0.71875,,,
9,282949,,0.6875,,,
9,282999,,0.6875,,,
9,283049,,0.78125,,,
9,283099,,0.78125,,,
9,283149,,0.78125,,,
9,283199,,0.78125,,,
9,283249,,0.78125,,,
9,283299,,0.65625,,,
9,283349,,0.78125,,,
9,283399,,0.75,,,
9,283449,,0.71875,,,
9,283499,,0.71875,,,
9,283549,,0.71875,,,
9,283599,,0.65625,,,
9,283649,,0.78125,,,
9,283699,,0.71875,,,
9,283749,,0.75,,,
9,283799,,0.78125,,,
9,283849,,0.71875,,,
9,283899,,0.6875,,,
9,283949,,0.78125,,,
9,283999,,0.75,,,
9,284049,,0.75,,,
9,284099,,0.71875,,,
9,284149,,0.625,,,
9,284199,,0.75,,,
9,284249,,0.6875,,,
9,284299,,0.65625,,,
9,284349,,0.65625,,,
9,284399,,0.78125,,,
9,284449,,0.78125,,,
9,284499,,0.625,,,
9,284549,,0.75,,,
9,284599,,0.8125,,,
9,284649,,0.53125,,,
9,284699,,0.65625,,,
9,284749,,0.84375,,,
9,284799,,0.8125,,,
9,284849,,0.875,,,
9,284899,,0.8125,,,
9,284949,,0.71875,,,
9,284999,,0.65625,,,
9,285049,,0.625,,,
9,285099,,0.75,,,
9,285149,,0.71875,,,
9,285199,,0.78125,,,
9,285249,,0.75,,,
9,285299,,0.8125,,,
9,285349,,0.46875,,,
9,285399,,0.6875,,,
9,285449,,0.75,,,
9,285499,,0.71875,,,
9,285549,,0.65625,,,
9,285599,,0.75,,,
9,285649,,0.84375,,,
9,285699,,0.78125,,,
9,285749,,0.65625,,,
9,285799,,0.75,,,
9,285849,,0.84375,,,
9,285899,,0.625,,,
9,285949,,0.59375,,,
9,285999,,0.75,,,
9,286049,,0.8125,,,
9,286099,,0.6875,,,
9,286149,,0.90625,,,
9,286199,,0.875,,,
9,286249,,0.78125,,,
9,286299,,0.78125,,,
9,286349,,0.75,,,
9,286399,,0.71875,,,
9,286449,,0.78125,,,
9,286499,,0.75,,,
9,286549,,0.84375,,,
9,286599,,0.8125,,,
9,286649,,0.84375,,,
9,286699,,0.75,,,
9,286749,,0.71875,,,
9,286799,,0.71875,,,
9,286849,,0.78125,,,
9,286899,,0.71875,,,
9,286949,,0.6875,,,
9,286999,,0.65625,,,
9,287049,,0.75,,,
9,287099,,0.6875,,,
9,287149,,0.9375,,,
9,287199,,0.75,,,
9,287249,,0.75,,,
9,287299,,0.71875,,,
9,287349,,0.78125,,,
9,287369,,,,0.9381981492042542,1.5099718570709229
9,287369,0.7305662035942078,,0.6502302885055542,,
