epoch,step,train_accuracy_epoch,train_accuracy_step,train_loss,valid_accuracy,valid_loss
0,49,,0.25,,,
0,99,,0.5,,,
0,149,,0.25,,,
0,199,,0.75,,,
0,249,,0.75,,,
0,299,,0.25,,,
0,349,,0.25,,,
0,399,,0.625,,,
0,449,,0.375,,,
0,499,,0.625,,,
0,549,,0.625,,,
0,599,,0.5,,,
0,649,,0.5,,,
0,699,,0.375,,,
0,749,,0.625,,,
0,799,,0.5,,,
0,849,,0.625,,,
0,899,,0.625,,,
0,949,,0.5,,,
0,999,,0.75,,,
0,1049,,0.75,,,
0,1099,,0.625,,,
0,1149,,0.5,,,
0,1199,,0.75,,,
0,1249,,0.5,,,
0,1299,,0.75,,,
0,1349,,0.75,,,
0,1399,,0.25,,,
0,1449,,0.5,,,
0,1499,,0.5,,,
0,1549,,0.625,,,
0,1599,,0.75,,,
0,1649,,0.75,,,
0,1699,,0.5,,,
0,1749,,0.5,,,
0,1799,,0.625,,,
0,1849,,0.75,,,
0,1899,,0.75,,,
0,1949,,0.5,,,
0,1999,,0.625,,,
0,2049,,0.5,,,
0,2099,,0.5,,,
0,2149,,0.75,,,
0,2199,,0.5,,,
0,2249,,0.75,,,
0,2299,,0.75,,,
0,2349,,0.5,,,
0,2399,,0.625,,,
0,2449,,0.625,,,
0,2499,,0.625,,,
0,2549,,0.375,,,
0,2599,,0.625,,,
0,2649,,0.75,,,
0,2699,,0.75,,,
0,2749,,0.5,,,
0,2799,,0.75,,,
0,2849,,0.625,,,
0,2899,,0.625,,,
0,2949,,0.25,,,
0,2999,,0.375,,,
0,3049,,0.75,,,
0,3099,,0.75,,,
0,3149,,0.5,,,
0,3199,,0.5,,,
0,3249,,0.5,,,
0,3299,,0.5,,,
0,3349,,0.625,,,
0,3399,,0.75,,,
0,3449,,0.625,,,
0,3499,,0.625,,,
0,3549,,0.75,,,
0,3599,,0.5,,,
0,3649,,0.875,,,
0,3699,,0.75,,,
0,3749,,0.5,,,
0,3799,,1.0,,,
0,3849,,0.625,,,
0,3899,,0.5,,,
0,3949,,0.75,,,
0,3999,,0.5,,,
0,4049,,0.625,,,
0,4099,,0.5,,,
0,4149,,0.625,,,
0,4199,,0.875,,,
0,4249,,0.25,,,
0,4299,,0.625,,,
0,4349,,0.5,,,
0,4399,,0.5,,,
0,4449,,0.625,,,
0,4499,,0.5,,,
0,4549,,0.5,,,
0,4599,,0.625,,,
0,4649,,0.75,,,
0,4699,,0.625,,,
0,4749,,0.75,,,
0,4799,,0.875,,,
0,4849,,0.625,,,
0,4899,,0.375,,,
0,4949,,0.375,,,
0,4999,,0.75,,,
0,5049,,0.625,,,
0,5099,,0.5,,,
0,5149,,0.75,,,
0,5199,,0.625,,,
0,5249,,0.625,,,
0,5299,,0.5,,,
0,5349,,0.5,,,
0,5399,,0.5,,,
0,5449,,0.625,,,
0,5499,,0.5,,,
0,5549,,0.875,,,
0,5599,,0.5,,,
0,5649,,0.5,,,
0,5699,,0.25,,,
0,5749,,0.375,,,
0,5799,,0.5,,,
0,5849,,0.75,,,
0,5899,,0.75,,,
0,5949,,0.375,,,
0,5999,,0.375,,,
0,6049,,0.625,,,
0,6099,,0.625,,,
0,6149,,1.0,,,
0,6199,,0.5,,,
0,6249,,0.375,,,
0,6299,,0.75,,,
0,6349,,0.625,,,
0,6399,,0.625,,,
0,6449,,0.625,,,
0,6499,,0.375,,,
0,6549,,0.5,,,
0,6599,,0.625,,,
0,6649,,0.875,,,
0,6699,,0.75,,,
0,6749,,0.375,,,
0,6799,,0.75,,,
0,6849,,0.625,,,
0,6899,,0.375,,,
0,6949,,0.75,,,
0,6999,,0.75,,,
0,7049,,0.75,,,
0,7099,,0.625,,,
0,7149,,0.5,,,
0,7199,,0.625,,,
0,7249,,0.625,,,
0,7299,,0.75,,,
0,7349,,0.625,,,
0,7399,,0.75,,,
0,7449,,0.875,,,
0,7499,,0.5,,,
0,7549,,0.25,,,
0,7599,,0.375,,,
0,7649,,0.25,,,
0,7699,,0.625,,,
0,7749,,0.625,,,
0,7799,,0.25,,,
0,7849,,0.75,,,
0,7899,,0.625,,,
0,7949,,0.5,,,
0,7999,,0.5,,,
0,8049,,0.75,,,
0,8099,,0.625,,,
0,8149,,0.75,,,
0,8199,,0.75,,,
0,8249,,0.625,,,
0,8299,,1.0,,,
0,8349,,1.0,,,
0,8399,,0.75,,,
0,8449,,1.0,,,
0,8499,,0.625,,,
0,8549,,0.5,,,
0,8599,,0.75,,,
0,8649,,0.5,,,
0,8699,,0.875,,,
0,8749,,0.5,,,
0,8799,,0.75,,,
0,8849,,0.75,,,
0,8899,,0.625,,,
0,8949,,0.5,,,
0,8999,,0.75,,,
0,9049,,0.625,,,
0,9099,,0.875,,,
0,9149,,0.625,,,
0,9199,,0.75,,,
0,9249,,0.5,,,
0,9299,,0.625,,,
0,9349,,0.625,,,
0,9399,,0.25,,,
0,9449,,0.5,,,
0,9499,,0.625,,,
0,9549,,0.375,,,
0,9599,,0.625,,,
0,9649,,0.5,,,
0,9699,,0.5,,,
0,9749,,0.625,,,
0,9799,,0.5,,,
0,9849,,0.75,,,
0,9899,,0.625,,,
0,9949,,0.5,,,
0,9999,,0.625,,,
0,10049,,0.625,,,
0,10099,,0.5,,,
0,10149,,0.5,,,
0,10199,,0.5,,,
0,10249,,0.625,,,
0,10299,,0.5,,,
0,10349,,0.625,,,
0,10399,,0.625,,,
0,10449,,0.5,,,
0,10499,,0.75,,,
0,10549,,0.25,,,
0,10599,,0.875,,,
0,10649,,0.875,,,
0,10699,,0.75,,,
0,10749,,0.625,,,
0,10799,,1.0,,,
0,10849,,0.75,,,
0,10899,,0.375,,,
0,10949,,0.375,,,
0,10999,,0.75,,,
0,11049,,0.5,,,
0,11099,,0.5,,,
0,11149,,0.75,,,
0,11199,,0.875,,,
0,11249,,0.5,,,
0,11299,,0.875,,,
0,11349,,0.625,,,
0,11399,,0.5,,,
0,11449,,0.625,,,
0,11499,,0.5,,,
0,11549,,0.625,,,
0,11599,,0.5,,,
0,11649,,0.5,,,
0,11699,,0.5,,,
0,11749,,0.875,,,
0,11799,,0.75,,,
0,11849,,0.5,,,
0,11899,,0.875,,,
0,11949,,0.125,,,
0,11999,,0.875,,,
0,12049,,0.5,,,
0,12099,,0.75,,,
0,12149,,0.5,,,
0,12199,,0.625,,,
0,12249,,0.75,,,
0,12299,,0.625,,,
0,12349,,0.75,,,
0,12399,,0.75,,,
0,12449,,0.75,,,
0,12499,,0.5,,,
0,12549,,0.625,,,
0,12599,,0.75,,,
0,12649,,0.375,,,
0,12699,,0.625,,,
0,12749,,0.75,,,
0,12799,,0.625,,,
0,12849,,0.875,,,
0,12899,,0.5,,,
0,12949,,0.625,,,
0,12999,,0.75,,,
0,13049,,0.875,,,
0,13099,,0.75,,,
0,13149,,0.375,,,
0,13199,,0.25,,,
0,13249,,0.375,,,
0,13299,,0.5,,,
0,13349,,0.625,,,
0,13399,,0.75,,,
0,13449,,0.375,,,
0,13499,,0.875,,,
0,13549,,0.875,,,
0,13599,,0.75,,,
0,13649,,0.75,,,
0,13699,,0.875,,,
0,13749,,0.5,,,
0,13799,,0.5,,,
0,13849,,0.625,,,
0,13899,,0.625,,,
0,13949,,0.625,,,
0,13999,,0.25,,,
0,14049,,0.875,,,
0,14099,,0.625,,,
0,14149,,0.625,,,
0,14199,,0.625,,,
0,14249,,0.5,,,
0,14299,,0.5,,,
0,14349,,0.625,,,
0,14399,,0.75,,,
0,14449,,0.5,,,
0,14499,,0.625,,,
0,14549,,0.875,,,
0,14599,,0.75,,,
0,14649,,0.625,,,
0,14699,,0.875,,,
0,14749,,0.75,,,
0,14799,,0.75,,,
0,14849,,0.875,,,
0,14899,,0.875,,,
0,14949,,0.75,,,
0,14999,,0.625,,,
0,15049,,0.75,,,
0,15099,,0.625,,,
0,15149,,0.5,,,
0,15199,,0.75,,,
0,15249,,0.875,,,
0,15299,,0.5,,,
0,15349,,0.625,,,
0,15399,,0.75,,,
0,15449,,0.75,,,
0,15499,,0.75,,,
0,15549,,0.75,,,
0,15599,,0.5,,,
0,15649,,0.75,,,
0,15699,,0.5,,,
0,15749,,0.875,,,
0,15799,,0.5,,,
0,15849,,0.75,,,
0,15899,,0.875,,,
0,15949,,0.625,,,
0,15999,,0.875,,,
0,16049,,0.5,,,
0,16099,,1.0,,,
0,16149,,0.75,,,
0,16199,,0.625,,,
0,16249,,0.625,,,
0,16299,,0.625,,,
0,16349,,0.875,,,
0,16399,,0.625,,,
0,16449,,0.875,,,
0,16499,,0.625,,,
0,16549,,0.75,,,
0,16599,,0.625,,,
0,16649,,0.75,,,
0,16699,,0.625,,,
0,16749,,0.625,,,
0,16799,,0.5,,,
0,16849,,0.375,,,
0,16899,,0.75,,,
0,16949,,0.625,,,
0,16999,,0.5,,,
0,17049,,0.625,,,
0,17099,,0.75,,,
0,17149,,0.75,,,
0,17199,,0.875,,,
0,17249,,0.5,,,
0,17299,,0.75,,,
0,17349,,0.875,,,
0,17399,,0.75,,,
0,17449,,0.75,,,
0,17499,,0.625,,,
0,17549,,0.75,,,
0,17599,,0.875,,,
0,17649,,0.375,,,
0,17699,,0.625,,,
0,17749,,0.375,,,
0,17799,,0.625,,,
0,17849,,0.75,,,
0,17899,,0.75,,,
0,17949,,0.875,,,
0,17999,,0.75,,,
0,18049,,0.875,,,
0,18099,,0.75,,,
0,18149,,0.75,,,
0,18199,,0.625,,,
0,18249,,0.75,,,
0,18299,,0.875,,,
0,18349,,0.375,,,
0,18399,,0.375,,,
0,18449,,0.625,,,
0,18499,,0.75,,,
0,18549,,0.75,,,
0,18599,,0.875,,,
0,18649,,0.625,,,
0,18699,,0.75,,,
0,18749,,0.625,,,
0,18799,,1.0,,,
0,18849,,0.625,,,
0,18899,,0.875,,,
0,18949,,0.75,,,
0,18999,,0.5,,,
0,19049,,0.75,,,
0,19099,,0.625,,,
0,19149,,0.75,,,
0,19199,,0.75,,,
0,19249,,0.875,,,
0,19299,,1.0,,,
0,19349,,0.625,,,
0,19399,,0.75,,,
0,19449,,0.875,,,
0,19499,,0.875,,,
0,19549,,0.375,,,
0,19599,,0.875,,,
0,19649,,0.75,,,
0,19699,,0.5,,,
0,19749,,0.625,,,
0,19799,,0.5,,,
0,19849,,0.75,,,
0,19899,,0.75,,,
0,19949,,0.75,,,
0,19999,,0.875,,,
0,20049,,0.625,,,
0,20099,,0.75,,,
0,20149,,0.875,,,
0,20199,,0.375,,,
0,20249,,0.75,,,
0,20299,,0.5,,,
0,20349,,0.625,,,
0,20399,,0.375,,,
0,20449,,0.75,,,
0,20499,,0.75,,,
0,20549,,0.75,,,
0,20599,,0.75,,,
0,20649,,0.625,,,
0,20699,,0.5,,,
0,20749,,0.75,,,
0,20799,,0.875,,,
0,20849,,0.625,,,
0,20899,,0.875,,,
0,20949,,0.875,,,
0,20999,,0.875,,,
0,21049,,0.625,,,
0,21099,,0.5,,,
0,21149,,0.75,,,
0,21199,,0.625,,,
0,21249,,0.375,,,
0,21299,,0.75,,,
0,21349,,0.75,,,
0,21399,,0.75,,,
0,21449,,0.75,,,
0,21499,,0.875,,,
0,21549,,0.5,,,
0,21599,,0.75,,,
0,21649,,0.5,,,
0,21699,,0.75,,,
0,21749,,0.5,,,
0,21799,,0.625,,,
0,21849,,0.75,,,
0,21899,,1.0,,,
0,21949,,0.25,,,
0,21999,,0.375,,,
0,22049,,0.75,,,
0,22099,,0.625,,,
0,22149,,0.625,,,
0,22199,,0.875,,,
0,22249,,0.875,,,
0,22299,,0.625,,,
0,22349,,0.625,,,
0,22399,,0.75,,,
0,22449,,0.875,,,
0,22499,,0.75,,,
0,22549,,0.625,,,
0,22599,,0.75,,,
0,22649,,0.5,,,
0,22699,,0.875,,,
0,22749,,0.875,,,
0,22799,,0.625,,,
0,22849,,0.375,,,
0,22899,,0.375,,,
0,22949,,0.375,,,
0,22999,,0.5,,,
0,23049,,0.375,,,
0,23099,,0.875,,,
0,23149,,0.875,,,
0,23199,,0.875,,,
0,23249,,0.625,,,
0,23299,,0.5,,,
0,23349,,0.5,,,
0,23399,,0.5,,,
0,23449,,0.375,,,
0,23499,,0.625,,,
0,23549,,0.5,,,
0,23599,,0.25,,,
0,23649,,0.75,,,
0,23699,,0.625,,,
0,23749,,0.75,,,
0,23799,,0.625,,,
0,23849,,0.75,,,
0,23899,,0.625,,,
0,23949,,0.75,,,
0,23999,,0.625,,,
0,24049,,0.625,,,
0,24099,,0.75,,,
0,24149,,1.0,,,
0,24199,,0.75,,,
0,24249,,1.0,,,
0,24299,,0.625,,,
0,24349,,0.75,,,
0,24399,,0.5,,,
0,24449,,0.625,,,
0,24499,,0.875,,,
0,24549,,0.75,,,
0,24599,,0.625,,,
0,24649,,0.875,,,
0,24699,,0.625,,,
0,24749,,0.375,,,
0,24799,,0.5,,,
0,24849,,0.5,,,
0,24899,,0.5,,,
0,24949,,0.875,,,
0,24999,,0.625,,,
0,25049,,0.5,,,
0,25099,,0.75,,,
0,25149,,0.875,,,
0,25199,,0.75,,,
0,25249,,0.5,,,
0,25299,,0.5,,,
0,25349,,0.875,,,
0,25399,,0.5,,,
0,25449,,0.75,,,
0,25499,,0.5,,,
0,25549,,0.875,,,
0,25599,,0.625,,,
0,25649,,0.875,,,
0,25699,,0.875,,,
0,25749,,0.625,,,
0,25799,,0.375,,,
0,25849,,0.5,,,
0,25899,,0.5,,,
0,25949,,0.625,,,
0,25999,,0.75,,,
0,26049,,0.75,,,
0,26099,,0.75,,,
0,26149,,0.75,,,
0,26199,,0.625,,,
0,26249,,0.5,,,
0,26299,,0.875,,,
0,26349,,0.875,,,
0,26399,,0.75,,,
0,26449,,0.75,,,
0,26499,,0.75,,,
0,26549,,0.75,,,
0,26599,,0.5,,,
0,26649,,0.5,,,
0,26699,,0.5,,,
0,26749,,0.75,,,
0,26799,,0.75,,,
0,26849,,0.75,,,
0,26899,,0.875,,,
0,26949,,1.0,,,
0,26999,,0.5,,,
0,27049,,0.25,,,
0,27099,,0.5,,,
0,27149,,0.75,,,
0,27199,,0.375,,,
0,27249,,0.625,,,
0,27299,,1.0,,,
0,27349,,0.5,,,
0,27399,,0.5,,,
0,27449,,0.75,,,
0,27499,,0.5,,,
0,27549,,0.375,,,
0,27599,,1.0,,,
0,27649,,1.0,,,
0,27699,,0.75,,,
0,27749,,0.5,,,
0,27799,,0.5,,,
0,27849,,0.5,,,
0,27899,,0.625,,,
0,27949,,0.625,,,
0,27999,,0.875,,,
0,28049,,0.75,,,
0,28099,,0.5,,,
0,28149,,0.75,,,
0,28199,,0.5,,,
0,28249,,0.625,,,
0,28299,,0.5,,,
0,28349,,0.375,,,
0,28399,,0.875,,,
0,28449,,0.625,,,
0,28499,,0.5,,,
0,28549,,0.875,,,
0,28599,,0.75,,,
0,28649,,0.75,,,
0,28699,,0.75,,,
0,28749,,0.5,,,
0,28799,,0.625,,,
0,28849,,0.625,,,
0,28899,,0.75,,,
0,28949,,0.75,,,
0,28999,,0.875,,,
0,29049,,0.625,,,
0,29099,,0.625,,,
0,29149,,0.625,,,
0,29199,,0.875,,,
0,29249,,0.625,,,
0,29299,,0.375,,,
0,29349,,0.75,,,
0,29399,,0.75,,,
0,29449,,0.625,,,
0,29499,,0.5,,,
0,29549,,0.5,,,
0,29599,,0.75,,,
0,29649,,0.625,,,
0,29699,,0.5,,,
0,29749,,0.75,,,
0,29799,,0.75,,,
0,29849,,0.875,,,
0,29899,,0.75,,,
0,29949,,0.5,,,
0,29999,,0.375,,,
0,30049,,0.625,,,
0,30099,,0.375,,,
0,30149,,0.375,,,
0,30199,,0.75,,,
0,30249,,0.75,,,
0,30299,,0.625,,,
0,30349,,0.625,,,
0,30399,,0.75,,,
0,30449,,0.625,,,
0,30499,,0.875,,,
0,30549,,0.625,,,
0,30599,,0.875,,,
0,30649,,0.5,,,
0,30699,,0.625,,,
0,30749,,0.875,,,
0,30799,,0.5,,,
0,30849,,0.625,,,
0,30899,,0.625,,,
0,30949,,0.75,,,
0,30999,,0.75,,,
0,31049,,0.875,,,
0,31099,,0.75,,,
0,31149,,0.625,,,
0,31199,,0.625,,,
0,31249,,0.625,,,
0,31299,,0.75,,,
0,31349,,0.75,,,
0,31399,,0.625,,,
0,31449,,0.875,,,
0,31499,,0.625,,,
0,31549,,0.625,,,
0,31599,,0.375,,,
0,31649,,0.5,,,
0,31699,,0.5,,,
0,31749,,0.625,,,
0,31799,,1.0,,,
0,31849,,0.625,,,
0,31899,,0.75,,,
0,31949,,0.875,,,
0,31999,,0.5,,,
0,32049,,0.75,,,
0,32099,,0.5,,,
0,32149,,0.875,,,
0,32199,,0.875,,,
0,32249,,0.75,,,
0,32299,,0.75,,,
0,32349,,0.5,,,
0,32399,,0.875,,,
0,32449,,0.875,,,
0,32499,,0.875,,,
0,32549,,0.875,,,
0,32599,,0.625,,,
0,32649,,0.875,,,
0,32699,,0.875,,,
0,32749,,0.625,,,
0,32799,,0.75,,,
0,32849,,0.75,,,
0,32899,,0.75,,,
0,32949,,0.625,,,
0,32999,,0.5,,,
0,33049,,0.5,,,
0,33099,,0.75,,,
0,33149,,0.5,,,
0,33199,,0.625,,,
0,33249,,0.625,,,
0,33299,,0.75,,,
0,33349,,0.625,,,
0,33399,,0.75,,,
0,33449,,1.0,,,
0,33499,,0.5,,,
0,33549,,0.625,,,
0,33599,,0.75,,,
0,33649,,0.75,,,
0,33699,,0.75,,,
0,33749,,0.375,,,
0,33799,,0.625,,,
0,33849,,0.875,,,
0,33899,,0.625,,,
0,33949,,0.625,,,
0,33999,,0.625,,,
0,34049,,0.75,,,
0,34099,,0.625,,,
0,34149,,1.0,,,
0,34199,,0.5,,,
0,34249,,0.75,,,
0,34299,,0.75,,,
0,34349,,0.5,,,
0,34399,,0.625,,,
0,34449,,0.75,,,
0,34499,,1.0,,,
0,34549,,0.75,,,
0,34599,,0.75,,,
0,34649,,0.75,,,
0,34699,,0.5,,,
0,34749,,0.5,,,
0,34799,,0.5,,,
0,34849,,0.5,,,
0,34899,,0.5,,,
0,34949,,0.5,,,
0,34999,,0.375,,,
0,35049,,0.625,,,
0,35099,,0.875,,,
0,35149,,0.625,,,
0,35199,,0.875,,,
0,35249,,0.75,,,
0,35299,,0.875,,,
0,35349,,0.75,,,
0,35399,,0.625,,,
0,35449,,0.75,,,
0,35499,,0.75,,,
0,35549,,0.75,,,
0,35599,,0.625,,,
0,35649,,0.5,,,
0,35699,,0.625,,,
0,35749,,0.875,,,
0,35799,,0.375,,,
0,35849,,0.625,,,
0,35899,,0.625,,,
0,35949,,0.75,,,
0,35999,,0.75,,,
0,36049,,0.75,,,
0,36099,,0.75,,,
0,36149,,0.875,,,
0,36199,,0.75,,,
0,36249,,0.5,,,
0,36299,,0.875,,,
0,36349,,0.625,,,
0,36399,,0.5,,,
0,36449,,0.625,,,
0,36499,,0.5,,,
0,36549,,0.875,,,
0,36599,,0.5,,,
0,36649,,0.125,,,
0,36699,,0.5,,,
0,36749,,0.5,,,
0,36799,,0.625,,,
0,36849,,0.5,,,
0,36899,,0.375,,,
0,36949,,0.75,,,
0,36999,,0.625,,,
0,37049,,0.75,,,
0,37099,,1.0,,,
0,37149,,0.625,,,
0,37199,,0.625,,,
0,37249,,0.875,,,
0,37299,,0.375,,,
0,37349,,0.625,,,
0,37399,,0.75,,,
0,37449,,0.625,,,
0,37499,,0.875,,,
0,37549,,0.625,,,
0,37599,,0.625,,,
0,37649,,0.625,,,
0,37699,,0.625,,,
0,37749,,0.75,,,
0,37799,,0.875,,,
0,37849,,0.75,,,
0,37899,,1.0,,,
0,37949,,0.75,,,
0,37999,,0.625,,,
0,38049,,0.75,,,
0,38099,,0.625,,,
0,38149,,0.75,,,
0,38199,,0.75,,,
0,38249,,0.75,,,
0,38299,,0.75,,,
0,38349,,0.75,,,
0,38399,,0.375,,,
0,38449,,0.625,,,
0,38499,,0.375,,,
0,38549,,0.75,,,
0,38599,,0.5,,,
0,38649,,0.75,,,
0,38699,,0.75,,,
0,38749,,0.625,,,
0,38799,,0.875,,,
0,38849,,0.75,,,
0,38899,,0.75,,,
0,38949,,0.25,,,
0,38999,,0.75,,,
0,39049,,0.375,,,
0,39099,,0.625,,,
0,39149,,0.625,,,
0,39199,,0.625,,,
0,39249,,0.625,,,
0,39299,,0.875,,,
0,39349,,0.75,,,
0,39399,,0.625,,,
0,39449,,0.5,,,
0,39499,,0.875,,,
0,39549,,0.875,,,
0,39599,,0.75,,,
0,39649,,0.75,,,
0,39699,,0.75,,,
0,39749,,0.875,,,
0,39799,,0.75,,,
0,39849,,0.5,,,
0,39899,,0.75,,,
0,39949,,0.625,,,
0,39999,,1.0,,,
0,40049,,0.75,,,
0,40099,,0.625,,,
0,40149,,0.75,,,
0,40199,,0.375,,,
0,40249,,0.5,,,
0,40299,,0.875,,,
0,40349,,0.5,,,
0,40399,,1.0,,,
0,40449,,0.625,,,
0,40499,,0.875,,,
0,40549,,0.625,,,
0,40599,,0.5,,,
0,40649,,0.5,,,
0,40699,,0.875,,,
0,40749,,0.625,,,
0,40799,,0.75,,,
0,40849,,0.375,,,
0,40899,,0.625,,,
0,40949,,0.75,,,
0,40999,,0.75,,,
0,41049,,0.625,,,
0,41099,,0.625,,,
0,41149,,0.5,,,
0,41199,,0.75,,,
0,41249,,0.75,,,
0,41299,,0.75,,,
0,41349,,0.625,,,
0,41399,,0.625,,,
0,41449,,0.75,,,
0,41499,,1.0,,,
0,41549,,0.5,,,
0,41599,,0.75,,,
0,41649,,0.625,,,
0,41699,,0.75,,,
0,41749,,0.625,,,
0,41799,,0.75,,,
0,41849,,0.75,,,
0,41899,,0.625,,,
0,41949,,0.5,,,
0,41999,,0.75,,,
0,42049,,1.0,,,
0,42099,,0.75,,,
0,42149,,0.625,,,
0,42199,,0.75,,,
0,42249,,0.75,,,
0,42299,,0.5,,,
0,42349,,0.5,,,
0,42399,,0.875,,,
0,42449,,0.625,,,
0,42499,,0.875,,,
0,42549,,1.0,,,
0,42599,,0.75,,,
0,42649,,0.75,,,
0,42699,,0.75,,,
0,42749,,0.5,,,
0,42799,,0.625,,,
0,42849,,0.625,,,
0,42899,,0.625,,,
0,42949,,0.625,,,
0,42999,,0.75,,,
0,43049,,0.875,,,
0,43099,,0.75,,,
0,43149,,0.625,,,
0,43199,,0.875,,,
0,43249,,0.625,,,
0,43299,,0.75,,,
0,43349,,0.625,,,
0,43399,,1.0,,,
0,43449,,0.75,,,
0,43499,,0.875,,,
0,43549,,0.625,,,
0,43599,,0.5,,,
0,43649,,1.0,,,
0,43699,,0.75,,,
0,43749,,0.75,,,
0,43799,,1.0,,,
0,43849,,0.75,,,
0,43899,,0.875,,,
0,43949,,0.625,,,
0,43999,,0.625,,,
0,44049,,0.875,,,
0,44099,,0.625,,,
0,44149,,0.625,,,
0,44199,,0.625,,,
0,44249,,0.75,,,
0,44299,,0.75,,,
0,44349,,0.625,,,
0,44399,,0.625,,,
0,44449,,0.625,,,
0,44499,,0.125,,,
0,44549,,0.75,,,
0,44599,,0.625,,,
0,44649,,0.875,,,
0,44699,,0.625,,,
0,44749,,0.625,,,
0,44799,,0.875,,,
0,44849,,0.625,,,
0,44899,,0.875,,,
0,44949,,0.5,,,
0,44999,,0.875,,,
0,45049,,0.75,,,
0,45099,,1.0,,,
0,45149,,0.5,,,
0,45199,,0.375,,,
0,45249,,0.5,,,
0,45299,,1.0,,,
0,45349,,0.375,,,
0,45399,,0.625,,,
0,45449,,1.0,,,
0,45499,,0.375,,,
0,45549,,0.5,,,
0,45599,,0.5,,,
0,45649,,0.875,,,
0,45699,,0.625,,,
0,45749,,0.5,,,
0,45799,,0.875,,,
0,45849,,0.75,,,
0,45899,,1.0,,,
0,45949,,0.625,,,
0,45999,,0.875,,,
0,46049,,0.625,,,
0,46099,,0.5,,,
0,46149,,0.5,,,
0,46199,,0.625,,,
0,46249,,0.625,,,
0,46299,,0.625,,,
0,46349,,0.75,,,
0,46399,,0.875,,,
0,46449,,0.625,,,
0,46499,,0.875,,,
0,46549,,0.25,,,
0,46599,,0.875,,,
0,46649,,0.5,,,
0,46699,,0.875,,,
0,46749,,0.625,,,
0,46799,,0.75,,,
0,46849,,1.0,,,
0,46899,,0.75,,,
0,46949,,0.875,,,
0,46999,,0.75,,,
0,47049,,0.875,,,
0,47099,,0.5,,,
0,47149,,0.75,,,
0,47199,,0.75,,,
0,47249,,0.75,,,
0,47299,,0.625,,,
0,47349,,0.75,,,
0,47399,,0.625,,,
0,47449,,0.75,,,
0,47499,,0.75,,,
0,47549,,0.375,,,
0,47599,,0.625,,,
0,47649,,1.0,,,
0,47699,,0.875,,,
0,47749,,0.875,,,
0,47799,,0.5,,,
0,47849,,0.75,,,
0,47899,,0.75,,,
0,47949,,0.75,,,
0,47999,,0.75,,,
0,48049,,0.75,,,
0,48099,,0.625,,,
0,48149,,0.625,,,
0,48199,,0.75,,,
0,48249,,0.75,,,
0,48299,,0.875,,,
0,48349,,0.375,,,
0,48399,,0.625,,,
0,48449,,0.625,,,
0,48499,,0.75,,,
0,48549,,0.625,,,
0,48599,,0.75,,,
0,48649,,0.375,,,
0,48699,,0.75,,,
0,48749,,0.75,,,
0,48799,,0.75,,,
0,48849,,0.75,,,
0,48899,,0.625,,,
0,48949,,0.75,,,
0,48999,,0.625,,,
0,49049,,0.875,,,
0,49099,,0.75,,,
0,49149,,0.625,,,
0,49199,,0.75,,,
0,49249,,0.875,,,
0,49299,,0.625,,,
0,49349,,0.5,,,
0,49399,,0.625,,,
0,49449,,0.375,,,
0,49499,,0.625,,,
0,49549,,0.625,,,
0,49599,,0.875,,,
0,49649,,0.25,,,
0,49699,,0.75,,,
0,49749,,0.75,,,
0,49799,,0.625,,,
0,49849,,0.875,,,
0,49899,,0.875,,,
0,49949,,0.625,,,
0,49999,,0.75,,,
0,50049,,0.875,,,
0,50099,,0.875,,,
0,50149,,0.5,,,
0,50199,,0.875,,,
0,50249,,0.75,,,
0,50299,,1.0,,,
0,50349,,0.5,,,
0,50399,,0.75,,,
0,50449,,0.5,,,
0,50499,,0.75,,,
0,50549,,0.75,,,
0,50599,,0.875,,,
0,50649,,0.625,,,
0,50699,,0.5,,,
0,50749,,0.75,,,
0,50799,,0.75,,,
0,50849,,0.5,,,
0,50899,,0.375,,,
0,50949,,0.625,,,
0,50999,,0.625,,,
0,51049,,0.75,,,
0,51099,,0.625,,,
0,51149,,0.75,,,
0,51199,,0.5,,,
0,51249,,0.625,,,
0,51299,,0.625,,,
0,51349,,0.75,,,
0,51399,,0.5,,,
0,51449,,0.375,,,
0,51499,,0.625,,,
0,51549,,0.5,,,
0,51599,,0.75,,,
0,51649,,0.625,,,
0,51699,,0.75,,,
0,51749,,0.625,,,
0,51799,,0.5,,,
0,51849,,0.875,,,
0,51899,,0.5,,,
0,51949,,0.75,,,
0,51999,,0.75,,,
0,52049,,0.875,,,
0,52099,,0.75,,,
0,52149,,0.75,,,
0,52199,,0.875,,,
0,52249,,0.5,,,
0,52299,,0.875,,,
0,52349,,0.875,,,
0,52399,,0.875,,,
0,52449,,0.625,,,
0,52499,,1.0,,,
0,52549,,0.75,,,
0,52599,,0.625,,,
0,52649,,0.5,,,
0,52699,,0.5,,,
0,52749,,0.75,,,
0,52799,,0.875,,,
0,52849,,0.5,,,
0,52899,,0.5,,,
0,52949,,0.875,,,
0,52999,,0.75,,,
0,53049,,0.875,,,
0,53099,,0.875,,,
0,53149,,0.75,,,
0,53199,,0.625,,,
0,53249,,0.5,,,
0,53299,,0.75,,,
0,53349,,0.75,,,
0,53399,,0.5,,,
0,53449,,0.75,,,
0,53499,,1.0,,,
0,53549,,0.75,,,
0,53599,,0.875,,,
0,53649,,0.75,,,
0,53699,,0.5,,,
0,53749,,0.625,,,
0,53799,,0.375,,,
0,53849,,0.75,,,
0,53899,,0.75,,,
0,53949,,0.625,,,
0,53999,,0.625,,,
0,54049,,0.875,,,
0,54099,,0.875,,,
0,54149,,0.625,,,
0,54199,,0.5,,,
0,54249,,0.625,,,
0,54299,,0.875,,,
0,54349,,0.875,,,
0,54399,,0.75,,,
0,54449,,0.625,,,
0,54499,,0.5,,,
0,54549,,0.875,,,
0,54599,,0.625,,,
0,54649,,1.0,,,
0,54699,,0.75,,,
0,54749,,0.375,,,
0,54799,,0.625,,,
0,54849,,0.75,,,
0,54899,,0.75,,,
0,54949,,0.375,,,
0,54999,,0.625,,,
0,55049,,0.375,,,
0,55099,,0.625,,,
0,55149,,1.0,,,
0,55199,,0.875,,,
0,55249,,0.75,,,
0,55299,,0.5,,,
0,55349,,0.875,,,
0,55399,,0.875,,,
0,55449,,0.5,,,
0,55499,,0.75,,,
0,55549,,0.5,,,
0,55599,,0.25,,,
0,55649,,0.5,,,
0,55699,,0.75,,,
0,55749,,0.875,,,
0,55799,,0.625,,,
0,55849,,0.875,,,
0,55899,,0.75,,,
0,55949,,0.5,,,
0,55999,,0.625,,,
0,56049,,0.75,,,
0,56099,,0.75,,,
0,56149,,0.875,,,
0,56199,,0.625,,,
0,56249,,0.75,,,
0,56299,,0.875,,,
0,56349,,0.75,,,
0,56399,,0.875,,,
0,56449,,0.375,,,
0,56499,,0.75,,,
0,56549,,0.625,,,
0,56599,,0.625,,,
0,56649,,0.75,,,
0,56699,,0.625,,,
0,56749,,0.5,,,
0,56799,,0.875,,,
0,56849,,0.75,,,
0,56899,,0.875,,,
0,56949,,0.75,,,
0,56999,,0.5,,,
0,57049,,0.625,,,
0,57099,,1.0,,,
0,57149,,0.5,,,
0,57199,,0.875,,,
0,57249,,0.75,,,
0,57299,,0.75,,,
0,57349,,0.75,,,
0,57399,,0.625,,,
0,57449,,0.25,,,
0,57473,,,,0.03556390851736069,0.037955623120069504
0,57473,0.6674540042877197,,0.8046003580093384,,
1,57499,,0.625,,,
1,57549,,0.75,,,
1,57599,,0.875,,,
1,57649,,0.875,,,
1,57699,,0.625,,,
1,57749,,0.75,,,
1,57799,,0.625,,,
1,57849,,0.75,,,
1,57899,,0.75,,,
1,57949,,0.75,,,
1,57999,,0.625,,,
1,58049,,0.75,,,
1,58099,,0.75,,,
1,58149,,0.75,,,
1,58199,,0.625,,,
1,58249,,0.875,,,
1,58299,,0.75,,,
1,58349,,0.75,,,
1,58399,,0.5,,,
1,58449,,0.5,,,
1,58499,,0.75,,,
1,58549,,0.75,,,
1,58599,,1.0,,,
1,58649,,0.625,,,
1,58699,,0.625,,,
1,58749,,1.0,,,
1,58799,,1.0,,,
1,58849,,0.75,,,
1,58899,,0.375,,,
1,58949,,0.875,,,
1,58999,,0.875,,,
1,59049,,0.75,,,
1,59099,,0.75,,,
1,59149,,0.875,,,
1,59199,,0.75,,,
1,59249,,0.625,,,
1,59299,,0.75,,,
1,59349,,1.0,,,
1,59399,,0.625,,,
1,59449,,0.5,,,
1,59499,,0.625,,,
1,59549,,0.875,,,
1,59599,,0.75,,,
1,59649,,0.625,,,
1,59699,,0.5,,,
1,59749,,0.75,,,
1,59799,,0.625,,,
1,59849,,0.625,,,
1,59899,,0.625,,,
1,59949,,0.75,,,
1,59999,,0.625,,,
1,60049,,0.375,,,
1,60099,,0.375,,,
1,60149,,0.75,,,
1,60199,,0.625,,,
1,60249,,0.75,,,
1,60299,,0.625,,,
1,60349,,0.875,,,
1,60399,,0.875,,,
1,60449,,0.5,,,
1,60499,,0.5,,,
1,60549,,0.625,,,
1,60599,,0.75,,,
1,60649,,1.0,,,
1,60699,,1.0,,,
1,60749,,0.625,,,
1,60799,,0.75,,,
1,60849,,0.625,,,
1,60899,,0.625,,,
1,60949,,0.5,,,
1,60999,,0.625,,,
1,61049,,0.75,,,
1,61099,,0.875,,,
1,61149,,0.625,,,
1,61199,,1.0,,,
1,61249,,0.75,,,
1,61299,,0.75,,,
1,61349,,0.75,,,
1,61399,,1.0,,,
1,61449,,0.75,,,
1,61499,,1.0,,,
1,61549,,0.75,,,
1,61599,,0.75,,,
1,61649,,0.75,,,
1,61699,,0.625,,,
1,61749,,0.625,,,
1,61799,,0.875,,,
1,61849,,0.625,,,
1,61899,,0.875,,,
1,61949,,0.625,,,
1,61999,,0.625,,,
1,62049,,0.875,,,
1,62099,,0.625,,,
1,62149,,0.625,,,
1,62199,,0.625,,,
1,62249,,0.875,,,
1,62299,,0.125,,,
1,62349,,0.75,,,
1,62399,,0.625,,,
1,62449,,0.75,,,
1,62499,,0.5,,,
1,62549,,0.5,,,
1,62599,,0.75,,,
1,62649,,0.625,,,
1,62699,,0.625,,,
1,62749,,0.75,,,
1,62799,,0.625,,,
1,62849,,0.5,,,
1,62899,,0.75,,,
1,62949,,0.625,,,
1,62999,,0.625,,,
1,63049,,0.625,,,
1,63099,,0.875,,,
1,63149,,0.5,,,
1,63199,,0.625,,,
1,63249,,0.75,,,
1,63299,,0.625,,,
1,63349,,0.875,,,
1,63399,,0.625,,,
1,63449,,0.5,,,
1,63499,,0.625,,,
1,63549,,0.75,,,
1,63599,,0.625,,,
1,63649,,0.75,,,
1,63699,,0.625,,,
1,63749,,0.875,,,
1,63799,,0.875,,,
1,63849,,0.75,,,
1,63899,,0.375,,,
1,63949,,0.625,,,
1,63999,,0.875,,,
1,64049,,0.625,,,
1,64099,,0.75,,,
1,64149,,0.5,,,
1,64199,,0.625,,,
1,64249,,0.625,,,
1,64299,,0.625,,,
1,64349,,0.75,,,
1,64399,,0.75,,,
1,64449,,0.75,,,
1,64499,,0.5,,,
1,64549,,0.875,,,
1,64599,,0.75,,,
1,64649,,0.75,,,
1,64699,,0.375,,,
1,64749,,1.0,,,
1,64799,,0.375,,,
1,64849,,0.875,,,
1,64899,,1.0,,,
1,64949,,0.875,,,
1,64999,,0.75,,,
1,65049,,0.25,,,
1,65099,,0.75,,,
1,65149,,0.625,,,
1,65199,,0.875,,,
1,65249,,0.625,,,
1,65299,,0.5,,,
1,65349,,0.75,,,
1,65399,,0.5,,,
1,65449,,0.5,,,
1,65499,,0.375,,,
1,65549,,0.5,,,
1,65599,,0.875,,,
1,65649,,0.5,,,
1,65699,,0.75,,,
1,65749,,0.375,,,
1,65799,,1.0,,,
1,65849,,0.625,,,
1,65899,,0.875,,,
1,65949,,0.625,,,
1,65999,,0.625,,,
1,66049,,0.5,,,
1,66099,,0.875,,,
1,66149,,0.75,,,
1,66199,,0.75,,,
1,66249,,0.375,,,
1,66299,,0.5,,,
1,66349,,0.75,,,
1,66399,,0.875,,,
1,66449,,0.875,,,
1,66499,,0.75,,,
1,66549,,0.625,,,
1,66599,,0.375,,,
1,66649,,0.625,,,
1,66699,,0.5,,,
1,66749,,0.625,,,
1,66799,,0.625,,,
1,66849,,0.75,,,
1,66899,,0.625,,,
1,66949,,0.625,,,
1,66999,,0.75,,,
1,67049,,0.75,,,
1,67099,,0.75,,,
1,67149,,0.875,,,
1,67199,,0.75,,,
1,67249,,0.375,,,
1,67299,,0.875,,,
1,67349,,0.625,,,
1,67399,,0.625,,,
1,67449,,0.875,,,
1,67499,,0.5,,,
1,67549,,0.875,,,
1,67599,,0.625,,,
1,67649,,0.75,,,
1,67699,,0.75,,,
1,67749,,0.375,,,
1,67799,,0.625,,,
1,67849,,0.875,,,
1,67899,,0.75,,,
1,67949,,0.875,,,
1,67999,,0.75,,,
1,68049,,1.0,,,
1,68099,,0.625,,,
1,68149,,0.625,,,
1,68199,,0.875,,,
1,68249,,1.0,,,
1,68299,,0.625,,,
1,68349,,0.75,,,
1,68399,,0.75,,,
1,68449,,0.5,,,
1,68499,,0.875,,,
1,68549,,0.875,,,
1,68599,,0.5,,,
1,68649,,1.0,,,
1,68699,,0.625,,,
1,68749,,0.875,,,
1,68799,,0.75,,,
1,68849,,0.75,,,
1,68899,,1.0,,,
1,68949,,0.875,,,
1,68999,,0.75,,,
1,69049,,0.625,,,
1,69099,,0.75,,,
1,69149,,0.625,,,
1,69199,,0.5,,,
1,69249,,0.625,,,
1,69299,,0.75,,,
1,69349,,0.5,,,
1,69399,,0.75,,,
1,69449,,0.75,,,
1,69499,,0.875,,,
1,69549,,0.5,,,
1,69599,,0.25,,,
1,69649,,0.625,,,
1,69699,,0.5,,,
1,69749,,0.75,,,
1,69799,,0.625,,,
1,69849,,0.875,,,
1,69899,,0.75,,,
1,69949,,0.5,,,
1,69999,,0.75,,,
1,70049,,0.875,,,
1,70099,,0.5,,,
1,70149,,0.75,,,
1,70199,,0.875,,,
1,70249,,0.75,,,
1,70299,,0.625,,,
1,70349,,0.75,,,
1,70399,,0.875,,,
1,70449,,0.875,,,
1,70499,,0.75,,,
1,70549,,0.625,,,
1,70599,,0.5,,,
1,70649,,0.625,,,
1,70699,,0.625,,,
1,70749,,0.375,,,
1,70799,,0.75,,,
1,70849,,0.875,,,
1,70899,,0.5,,,
1,70949,,0.625,,,
1,70999,,0.875,,,
1,71049,,0.75,,,
1,71099,,0.375,,,
1,71149,,0.875,,,
1,71199,,0.625,,,
1,71249,,0.875,,,
1,71299,,0.875,,,
1,71349,,0.25,,,
1,71399,,0.5,,,
1,71449,,0.5,,,
1,71499,,0.875,,,
1,71549,,0.75,,,
1,71599,,0.875,,,
1,71649,,0.625,,,
1,71699,,0.5,,,
1,71749,,0.375,,,
1,71799,,0.5,,,
1,71849,,0.875,,,
1,71899,,0.875,,,
1,71949,,0.5,,,
1,71999,,0.75,,,
1,72049,,0.625,,,
1,72099,,0.625,,,
1,72149,,0.75,,,
1,72199,,0.5,,,
1,72249,,0.75,,,
1,72299,,0.75,,,
1,72349,,0.875,,,
1,72399,,1.0,,,
1,72449,,0.75,,,
1,72499,,0.75,,,
1,72549,,0.625,,,
1,72599,,0.5,,,
1,72649,,0.75,,,
1,72699,,0.75,,,
1,72749,,0.375,,,
1,72799,,0.75,,,
1,72849,,0.75,,,
1,72899,,0.625,,,
1,72949,,1.0,,,
1,72999,,0.25,,,
1,73049,,0.875,,,
1,73099,,0.625,,,
1,73149,,0.375,,,
1,73199,,0.875,,,
1,73249,,0.625,,,
1,73299,,0.875,,,
1,73349,,0.75,,,
1,73399,,0.75,,,
1,73449,,0.375,,,
1,73499,,0.625,,,
1,73549,,1.0,,,
1,73599,,0.625,,,
1,73649,,0.75,,,
1,73699,,0.75,,,
1,73749,,0.625,,,
1,73799,,0.5,,,
1,73849,,0.75,,,
1,73899,,0.875,,,
1,73949,,0.75,,,
1,73999,,0.5,,,
1,74049,,0.75,,,
1,74099,,0.75,,,
1,74149,,0.5,,,
1,74199,,0.75,,,
1,74249,,0.375,,,
1,74299,,0.5,,,
1,74349,,0.625,,,
1,74399,,0.375,,,
1,74449,,0.75,,,
1,74499,,0.875,,,
1,74549,,0.625,,,
1,74599,,0.375,,,
1,74649,,0.625,,,
1,74699,,0.875,,,
1,74749,,0.875,,,
1,74799,,0.625,,,
1,74849,,0.625,,,
1,74899,,0.875,,,
1,74949,,0.75,,,
1,74999,,0.625,,,
1,75049,,1.0,,,
1,75099,,1.0,,,
1,75149,,1.0,,,
1,75199,,0.5,,,
1,75249,,0.375,,,
1,75299,,1.0,,,
1,75349,,0.375,,,
1,75399,,0.875,,,
1,75449,,0.375,,,
1,75499,,0.5,,,
1,75549,,0.75,,,
1,75599,,0.625,,,
1,75649,,1.0,,,
1,75699,,1.0,,,
1,75749,,0.875,,,
1,75799,,0.75,,,
1,75849,,0.5,,,
1,75899,,0.75,,,
1,75949,,0.75,,,
1,75999,,0.625,,,
1,76049,,1.0,,,
1,76099,,0.875,,,
1,76149,,0.75,,,
1,76199,,0.75,,,
1,76249,,0.625,,,
1,76299,,0.625,,,
1,76349,,0.625,,,
1,76399,,0.875,,,
1,76449,,0.5,,,
1,76499,,0.625,,,
1,76549,,0.75,,,
1,76599,,0.75,,,
1,76649,,0.5,,,
1,76699,,0.625,,,
1,76749,,0.375,,,
1,76799,,1.0,,,
1,76849,,0.5,,,
1,76899,,0.75,,,
1,76949,,0.75,,,
1,76999,,0.625,,,
1,77049,,0.625,,,
1,77099,,0.625,,,
1,77149,,1.0,,,
1,77199,,0.75,,,
1,77249,,0.375,,,
1,77299,,0.75,,,
1,77349,,0.625,,,
1,77399,,0.625,,,
1,77449,,0.625,,,
1,77499,,0.625,,,
1,77549,,0.75,,,
1,77599,,0.5,,,
1,77649,,0.5,,,
1,77699,,0.5,,,
1,77749,,0.625,,,
1,77799,,0.75,,,
1,77849,,0.875,,,
1,77899,,0.5,,,
1,77949,,0.375,,,
1,77999,,0.375,,,
1,78049,,0.75,,,
1,78099,,0.625,,,
1,78149,,0.625,,,
1,78199,,0.75,,,
1,78249,,0.625,,,
1,78299,,0.875,,,
1,78349,,0.875,,,
1,78399,,0.875,,,
1,78449,,0.625,,,
1,78499,,0.625,,,
1,78549,,0.625,,,
1,78599,,0.875,,,
1,78649,,1.0,,,
1,78699,,0.625,,,
1,78749,,0.625,,,
1,78799,,0.75,,,
1,78849,,0.375,,,
1,78899,,0.75,,,
1,78949,,0.75,,,
1,78999,,0.875,,,
1,79049,,1.0,,,
1,79099,,0.625,,,
1,79149,,0.875,,,
1,79199,,0.625,,,
1,79249,,0.5,,,
1,79299,,0.75,,,
1,79349,,0.375,,,
1,79399,,0.5,,,
1,79449,,0.75,,,
1,79499,,0.5,,,
1,79549,,0.875,,,
1,79599,,0.25,,,
1,79649,,0.625,,,
1,79699,,0.75,,,
1,79749,,0.75,,,
1,79799,,0.875,,,
1,79849,,0.5,,,
1,79899,,0.625,,,
1,79949,,0.5,,,
1,79999,,0.5,,,
1,80049,,0.625,,,
1,80099,,0.625,,,
1,80149,,0.625,,,
1,80199,,0.625,,,
1,80249,,0.875,,,
1,80299,,0.75,,,
1,80349,,0.75,,,
1,80399,,0.75,,,
1,80449,,0.625,,,
1,80499,,0.625,,,
1,80549,,0.625,,,
1,80599,,0.875,,,
1,80649,,0.875,,,
1,80699,,0.5,,,
1,80749,,0.875,,,
1,80799,,0.875,,,
1,80849,,0.625,,,
1,80899,,0.75,,,
1,80949,,0.875,,,
1,80999,,0.75,,,
1,81049,,0.5,,,
1,81099,,0.625,,,
1,81149,,1.0,,,
1,81199,,0.625,,,
1,81249,,0.75,,,
1,81299,,0.625,,,
1,81349,,0.75,,,
1,81399,,0.625,,,
1,81449,,0.875,,,
1,81499,,0.5,,,
1,81549,,0.875,,,
1,81599,,0.625,,,
1,81649,,0.75,,,
1,81699,,0.875,,,
1,81749,,0.75,,,
1,81799,,0.75,,,
1,81849,,0.75,,,
1,81899,,0.75,,,
1,81949,,0.875,,,
1,81999,,0.25,,,
1,82049,,0.625,,,
1,82099,,0.5,,,
1,82149,,0.5,,,
1,82199,,0.75,,,
1,82249,,1.0,,,
1,82299,,0.875,,,
1,82349,,0.75,,,
1,82399,,0.75,,,
1,82449,,0.75,,,
1,82499,,0.875,,,
1,82549,,0.75,,,
1,82599,,0.625,,,
1,82649,,0.875,,,
1,82699,,0.625,,,
1,82749,,0.25,,,
1,82799,,0.5,,,
1,82849,,0.5,,,
1,82899,,0.875,,,
1,82949,,0.75,,,
1,82999,,0.75,,,
1,83049,,0.75,,,
1,83099,,0.875,,,
1,83149,,0.5,,,
1,83199,,0.5,,,
1,83249,,0.75,,,
1,83299,,0.75,,,
1,83349,,0.875,,,
1,83399,,0.875,,,
1,83449,,0.625,,,
1,83499,,0.375,,,
1,83549,,0.5,,,
1,83599,,0.75,,,
1,83649,,0.875,,,
1,83699,,0.625,,,
1,83749,,0.75,,,
1,83799,,0.625,,,
1,83849,,0.75,,,
1,83899,,0.625,,,
1,83949,,0.75,,,
1,83999,,0.75,,,
1,84049,,0.375,,,
1,84099,,0.75,,,
1,84149,,0.75,,,
1,84199,,0.5,,,
1,84249,,0.75,,,
1,84299,,0.75,,,
1,84349,,0.625,,,
1,84399,,0.75,,,
1,84449,,0.625,,,
1,84499,,0.625,,,
1,84549,,0.625,,,
1,84599,,0.75,,,
1,84649,,0.5,,,
1,84699,,0.875,,,
1,84749,,0.75,,,
1,84799,,0.75,,,
1,84849,,0.75,,,
1,84899,,0.875,,,
1,84949,,0.75,,,
1,84999,,0.875,,,
1,85049,,0.875,,,
1,85099,,0.5,,,
1,85149,,0.75,,,
1,85199,,0.625,,,
1,85249,,0.625,,,
1,85299,,1.0,,,
1,85349,,0.75,,,
1,85399,,0.625,,,
1,85449,,0.625,,,
1,85499,,0.75,,,
1,85549,,0.375,,,
1,85599,,0.625,,,
1,85649,,0.625,,,
1,85699,,0.5,,,
1,85749,,0.375,,,
1,85799,,0.75,,,
1,85849,,0.875,,,
1,85899,,1.0,,,
1,85949,,1.0,,,
1,85999,,0.375,,,
1,86049,,0.875,,,
1,86099,,0.625,,,
1,86149,,0.625,,,
1,86199,,0.875,,,
1,86249,,0.75,,,
1,86299,,0.25,,,
1,86349,,0.625,,,
1,86399,,0.75,,,
1,86449,,0.875,,,
1,86499,,0.875,,,
1,86549,,0.875,,,
1,86599,,0.625,,,
1,86649,,0.625,,,
1,86699,,0.75,,,
1,86749,,0.75,,,
1,86799,,0.875,,,
1,86849,,0.875,,,
1,86899,,0.375,,,
1,86949,,0.625,,,
1,86999,,0.625,,,
1,87049,,0.75,,,
1,87099,,0.375,,,
1,87149,,0.625,,,
1,87199,,0.5,,,
1,87249,,1.0,,,
1,87299,,0.875,,,
1,87349,,0.5,,,
1,87399,,0.75,,,
1,87449,,0.625,,,
1,87499,,1.0,,,
1,87549,,0.75,,,
1,87599,,0.5,,,
1,87649,,0.625,,,
1,87699,,0.75,,,
1,87749,,0.75,,,
1,87799,,0.375,,,
1,87849,,0.625,,,
1,87899,,0.875,,,
1,87949,,0.75,,,
1,87999,,0.625,,,
1,88049,,0.5,,,
1,88099,,0.75,,,
1,88149,,0.625,,,
1,88199,,0.75,,,
1,88249,,0.75,,,
1,88299,,0.5,,,
1,88349,,0.5,,,
1,88399,,0.75,,,
1,88449,,0.75,,,
1,88499,,0.5,,,
1,88549,,0.625,,,
1,88599,,0.75,,,
1,88649,,0.625,,,
1,88699,,0.75,,,
1,88749,,0.75,,,
1,88799,,0.625,,,
1,88849,,0.75,,,
1,88899,,0.875,,,
1,88949,,1.0,,,
1,88999,,1.0,,,
1,89049,,0.625,,,
1,89099,,0.625,,,
1,89149,,0.5,,,
1,89199,,0.625,,,
1,89249,,0.5,,,
1,89299,,0.375,,,
1,89349,,0.75,,,
1,89399,,0.625,,,
1,89449,,0.5,,,
1,89499,,0.625,,,
1,89549,,0.875,,,
1,89599,,0.625,,,
1,89649,,0.75,,,
1,89699,,0.75,,,
1,89749,,0.625,,,
1,89799,,0.75,,,
1,89849,,0.75,,,
1,89899,,0.375,,,
1,89949,,0.875,,,
1,89999,,0.75,,,
1,90049,,0.875,,,
1,90099,,0.625,,,
1,90149,,0.5,,,
1,90199,,0.75,,,
1,90249,,1.0,,,
1,90299,,0.75,,,
1,90349,,0.875,,,
1,90399,,0.5,,,
1,90449,,0.5,,,
1,90499,,0.5,,,
1,90549,,0.625,,,
1,90599,,0.875,,,
1,90649,,0.625,,,
1,90699,,0.125,,,
1,90749,,0.5,,,
1,90799,,0.75,,,
1,90849,,0.875,,,
1,90899,,1.0,,,
1,90949,,0.75,,,
1,90999,,0.625,,,
1,91049,,0.5,,,
1,91099,,0.625,,,
1,91149,,0.375,,,
1,91199,,0.875,,,
1,91249,,0.625,,,
1,91299,,0.625,,,
1,91349,,1.0,,,
1,91399,,0.625,,,
1,91449,,0.75,,,
1,91499,,0.875,,,
1,91549,,0.75,,,
1,91599,,0.5,,,
1,91649,,0.625,,,
1,91699,,0.5,,,
1,91749,,0.875,,,
1,91799,,0.625,,,
1,91849,,0.5,,,
1,91899,,0.75,,,
1,91949,,0.75,,,
1,91999,,0.75,,,
1,92049,,0.625,,,
1,92099,,0.75,,,
1,92149,,0.625,,,
1,92199,,0.625,,,
1,92249,,0.375,,,
1,92299,,0.75,,,
1,92349,,0.5,,,
1,92399,,0.625,,,
1,92449,,0.75,,,
1,92499,,1.0,,,
1,92549,,0.625,,,
1,92599,,0.75,,,
1,92649,,0.625,,,
1,92699,,0.875,,,
1,92749,,0.75,,,
1,92799,,0.625,,,
1,92849,,0.625,,,
1,92899,,0.75,,,
1,92949,,0.75,,,
1,92999,,0.75,,,
1,93049,,0.875,,,
1,93099,,0.75,,,
1,93149,,0.625,,,
1,93199,,0.5,,,
1,93249,,0.625,,,
1,93299,,0.75,,,
1,93349,,0.875,,,
1,93399,,0.625,,,
1,93449,,0.875,,,
1,93499,,0.375,,,
1,93549,,0.875,,,
1,93599,,0.625,,,
1,93649,,0.75,,,
1,93699,,0.75,,,
1,93749,,0.5,,,
1,93799,,0.875,,,
1,93849,,0.5,,,
1,93899,,0.625,,,
1,93949,,0.625,,,
1,93999,,0.875,,,
1,94049,,0.75,,,
1,94099,,0.875,,,
1,94149,,0.625,,,
1,94199,,0.375,,,
1,94249,,0.75,,,
1,94299,,0.5,,,
1,94349,,0.75,,,
1,94399,,0.875,,,
1,94449,,0.875,,,
1,94499,,0.625,,,
1,94549,,0.875,,,
1,94599,,0.75,,,
1,94649,,0.75,,,
1,94699,,0.75,,,
1,94749,,0.75,,,
1,94799,,0.875,,,
1,94849,,0.75,,,
1,94899,,0.75,,,
1,94949,,0.75,,,
1,94999,,0.875,,,
1,95049,,0.5,,,
1,95099,,0.75,,,
1,95149,,0.375,,,
1,95199,,0.875,,,
1,95249,,0.5,,,
1,95299,,0.75,,,
1,95349,,0.625,,,
1,95399,,0.5,,,
1,95449,,0.75,,,
1,95499,,0.75,,,
1,95549,,0.75,,,
1,95599,,0.875,,,
1,95649,,0.75,,,
1,95699,,1.0,,,
1,95749,,0.5,,,
1,95799,,0.625,,,
1,95849,,0.75,,,
1,95899,,0.5,,,
1,95949,,0.625,,,
1,95999,,1.0,,,
1,96049,,0.75,,,
1,96099,,0.375,,,
1,96149,,0.75,,,
1,96199,,0.625,,,
1,96249,,0.75,,,
1,96299,,0.75,,,
1,96349,,0.625,,,
1,96399,,0.625,,,
1,96449,,0.625,,,
1,96499,,0.75,,,
1,96549,,0.625,,,
1,96599,,0.625,,,
1,96649,,0.375,,,
1,96699,,0.5,,,
1,96749,,0.75,,,
1,96799,,0.875,,,
1,96849,,0.5,,,
1,96899,,0.375,,,
1,96949,,0.625,,,
1,96999,,0.5,,,
1,97049,,0.75,,,
1,97099,,0.75,,,
1,97149,,0.625,,,
1,97199,,0.625,,,
1,97249,,0.375,,,
1,97299,,0.625,,,
1,97349,,0.875,,,
1,97399,,0.625,,,
1,97449,,0.75,,,
1,97499,,0.625,,,
1,97549,,0.875,,,
1,97599,,0.75,,,
1,97649,,0.625,,,
1,97699,,0.625,,,
1,97749,,0.625,,,
1,97799,,0.75,,,
1,97849,,0.75,,,
1,97899,,0.75,,,
1,97949,,0.5,,,
1,97999,,0.75,,,
1,98049,,0.625,,,
1,98099,,0.875,,,
1,98149,,0.875,,,
1,98199,,0.625,,,
1,98249,,0.75,,,
1,98299,,0.875,,,
1,98349,,0.625,,,
1,98399,,0.75,,,
1,98449,,0.625,,,
1,98499,,0.75,,,
1,98549,,0.75,,,
1,98599,,0.75,,,
1,98649,,0.75,,,
1,98699,,0.875,,,
1,98749,,0.75,,,
1,98799,,0.625,,,
1,98849,,0.875,,,
1,98899,,0.75,,,
1,98949,,0.625,,,
1,98999,,0.5,,,
1,99049,,0.625,,,
1,99099,,0.625,,,
1,99149,,0.875,,,
1,99199,,0.75,,,
1,99249,,1.0,,,
1,99299,,0.625,,,
1,99349,,0.75,,,
1,99399,,0.75,,,
1,99449,,0.5,,,
1,99499,,0.625,,,
1,99549,,0.75,,,
1,99599,,0.875,,,
1,99649,,0.75,,,
1,99699,,0.5,,,
1,99749,,0.75,,,
1,99799,,0.625,,,
1,99849,,0.875,,,
1,99899,,0.75,,,
1,99949,,0.75,,,
1,99999,,0.375,,,
1,100049,,0.875,,,
1,100099,,0.5,,,
1,100149,,0.75,,,
1,100199,,0.5,,,
1,100249,,0.375,,,
1,100299,,0.625,,,
1,100349,,0.75,,,
1,100399,,0.5,,,
1,100449,,0.75,,,
1,100499,,0.375,,,
1,100549,,0.75,,,
1,100599,,0.875,,,
1,100649,,0.625,,,
1,100699,,0.625,,,
1,100749,,0.625,,,
1,100799,,0.625,,,
1,100849,,0.625,,,
1,100899,,0.75,,,
1,100949,,0.875,,,
1,100999,,0.375,,,
1,101049,,0.75,,,
1,101099,,0.375,,,
1,101149,,0.875,,,
1,101199,,0.625,,,
1,101249,,0.625,,,
1,101299,,1.0,,,
1,101349,,0.75,,,
1,101399,,0.875,,,
1,101449,,0.625,,,
1,101499,,0.625,,,
1,101549,,0.375,,,
1,101599,,0.75,,,
1,101649,,0.875,,,
1,101699,,0.875,,,
1,101749,,0.625,,,
1,101799,,0.75,,,
1,101849,,1.0,,,
1,101899,,0.625,,,
1,101949,,0.75,,,
1,101999,,0.875,,,
1,102049,,0.5,,,
1,102099,,0.75,,,
1,102149,,0.875,,,
1,102199,,0.375,,,
1,102249,,0.75,,,
1,102299,,0.375,,,
1,102349,,1.0,,,
1,102399,,1.0,,,
1,102449,,0.875,,,
1,102499,,0.625,,,
1,102549,,0.625,,,
1,102599,,0.875,,,
1,102649,,0.875,,,
1,102699,,0.625,,,
1,102749,,0.75,,,
1,102799,,0.75,,,
1,102849,,0.375,,,
1,102899,,0.75,,,
1,102949,,0.625,,,
1,102999,,0.75,,,
1,103049,,0.75,,,
1,103099,,0.75,,,
1,103149,,0.5,,,
1,103199,,0.875,,,
1,103249,,0.5,,,
1,103299,,0.75,,,
1,103349,,0.75,,,
1,103399,,0.75,,,
1,103449,,0.25,,,
1,103499,,0.5,,,
1,103549,,0.875,,,
1,103599,,0.375,,,
1,103649,,0.75,,,
1,103699,,0.875,,,
1,103749,,0.875,,,
1,103799,,0.875,,,
1,103849,,0.625,,,
1,103899,,0.625,,,
1,103949,,0.75,,,
1,103999,,1.0,,,
1,104049,,0.75,,,
1,104099,,0.75,,,
1,104149,,0.625,,,
1,104199,,0.75,,,
1,104249,,0.625,,,
1,104299,,0.875,,,
1,104349,,0.875,,,
1,104399,,0.75,,,
1,104449,,0.75,,,
1,104499,,0.75,,,
1,104549,,0.875,,,
1,104599,,0.625,,,
1,104649,,0.5,,,
1,104699,,0.5,,,
1,104749,,0.625,,,
1,104799,,0.75,,,
1,104849,,0.5,,,
1,104899,,0.75,,,
1,104949,,0.875,,,
1,104999,,0.625,,,
1,105049,,1.0,,,
1,105099,,0.5,,,
1,105149,,0.625,,,
1,105199,,0.625,,,
1,105249,,0.75,,,
1,105299,,0.875,,,
1,105349,,0.75,,,
1,105399,,0.625,,,
1,105449,,0.75,,,
1,105499,,0.625,,,
1,105549,,0.5,,,
1,105599,,0.75,,,
1,105649,,0.75,,,
1,105699,,0.625,,,
1,105749,,0.75,,,
1,105799,,0.75,,,
1,105849,,0.625,,,
1,105899,,0.5,,,
1,105949,,0.875,,,
1,105999,,0.75,,,
1,106049,,0.625,,,
1,106099,,0.5,,,
1,106149,,0.75,,,
1,106199,,0.75,,,
1,106249,,0.375,,,
1,106299,,1.0,,,
1,106349,,0.625,,,
1,106399,,0.875,,,
1,106449,,0.25,,,
1,106499,,0.875,,,
1,106549,,0.375,,,
1,106599,,0.5,,,
1,106649,,0.875,,,
1,106699,,0.75,,,
1,106749,,0.625,,,
1,106799,,0.75,,,
1,106849,,0.875,,,
1,106899,,0.5,,,
1,106949,,1.0,,,
1,106999,,0.625,,,
1,107049,,0.75,,,
1,107099,,0.875,,,
1,107149,,0.875,,,
1,107199,,0.75,,,
1,107249,,1.0,,,
1,107299,,0.625,,,
1,107349,,0.875,,,
1,107399,,0.875,,,
1,107449,,0.5,,,
1,107499,,0.75,,,
1,107549,,0.75,,,
1,107599,,0.625,,,
1,107649,,0.875,,,
1,107699,,0.75,,,
1,107749,,0.875,,,
1,107799,,0.625,,,
1,107849,,0.875,,,
1,107899,,0.625,,,
1,107949,,1.0,,,
1,107999,,0.75,,,
1,108049,,0.75,,,
1,108099,,0.375,,,
1,108149,,0.75,,,
1,108199,,1.0,,,
1,108249,,0.625,,,
1,108299,,0.875,,,
1,108349,,0.75,,,
1,108399,,0.875,,,
1,108449,,0.625,,,
1,108499,,0.375,,,
1,108549,,0.75,,,
1,108599,,0.875,,,
1,108649,,0.625,,,
1,108699,,0.625,,,
1,108749,,0.5,,,
1,108799,,0.5,,,
1,108849,,0.5,,,
1,108899,,0.375,,,
1,108949,,0.5,,,
1,108999,,0.5,,,
1,109049,,0.5,,,
1,109099,,0.875,,,
1,109149,,0.875,,,
1,109199,,0.75,,,
1,109249,,0.875,,,
1,109299,,0.875,,,
1,109349,,0.875,,,
1,109399,,0.625,,,
1,109449,,0.875,,,
1,109499,,0.625,,,
1,109549,,0.5,,,
1,109599,,0.75,,,
1,109649,,0.875,,,
1,109699,,0.875,,,
1,109749,,1.0,,,
1,109799,,0.75,,,
1,109849,,0.75,,,
1,109899,,0.875,,,
1,109949,,0.625,,,
1,109999,,0.625,,,
1,110049,,0.875,,,
1,110099,,0.625,,,
1,110149,,0.5,,,
1,110199,,0.625,,,
1,110249,,0.75,,,
1,110299,,0.25,,,
1,110349,,0.75,,,
1,110399,,0.375,,,
1,110449,,1.0,,,
1,110499,,0.625,,,
1,110549,,0.75,,,
1,110599,,0.625,,,
1,110649,,0.75,,,
1,110699,,0.5,,,
1,110749,,1.0,,,
1,110799,,0.25,,,
1,110849,,0.75,,,
1,110899,,0.25,,,
1,110949,,0.75,,,
1,110999,,0.875,,,
1,111049,,0.875,,,
1,111099,,0.875,,,
1,111149,,0.25,,,
1,111199,,0.75,,,
1,111249,,0.875,,,
1,111299,,0.875,,,
1,111349,,0.75,,,
1,111399,,0.625,,,
1,111449,,0.75,,,
1,111499,,0.625,,,
1,111549,,0.5,,,
1,111599,,0.625,,,
1,111649,,0.75,,,
1,111699,,0.75,,,
1,111749,,0.75,,,
1,111799,,0.625,,,
1,111849,,0.75,,,
1,111899,,0.875,,,
1,111949,,0.75,,,
1,111999,,1.0,,,
1,112049,,0.625,,,
1,112099,,0.75,,,
1,112149,,0.25,,,
1,112199,,0.375,,,
1,112249,,0.75,,,
1,112299,,0.5,,,
1,112349,,0.375,,,
1,112399,,0.75,,,
1,112449,,0.625,,,
1,112499,,0.75,,,
1,112549,,0.5,,,
1,112599,,0.875,,,
1,112649,,0.625,,,
1,112699,,0.875,,,
1,112749,,0.75,,,
1,112799,,0.625,,,
1,112849,,0.875,,,
1,112899,,0.625,,,
1,112949,,1.0,,,
1,112999,,0.5,,,
1,113049,,0.75,,,
1,113099,,0.75,,,
1,113149,,0.75,,,
1,113199,,1.0,,,
1,113249,,0.625,,,
1,113299,,0.75,,,
1,113349,,0.625,,,
1,113399,,0.875,,,
1,113449,,0.375,,,
1,113499,,0.75,,,
1,113549,,0.75,,,
1,113599,,0.75,,,
1,113649,,0.5,,,
1,113699,,0.75,,,
1,113749,,0.625,,,
1,113799,,0.75,,,
1,113849,,0.75,,,
1,113899,,0.75,,,
1,113949,,0.875,,,
1,113999,,0.875,,,
1,114049,,0.75,,,
1,114099,,0.5,,,
1,114149,,0.5,,,
1,114199,,0.875,,,
1,114249,,0.75,,,
1,114299,,0.875,,,
1,114349,,1.0,,,
1,114399,,0.625,,,
1,114449,,0.5,,,
1,114499,,0.625,,,
1,114549,,0.75,,,
1,114599,,0.75,,,
1,114649,,0.5,,,
1,114699,,0.75,,,
1,114749,,0.625,,,
1,114799,,0.625,,,
1,114849,,0.75,,,
1,114899,,1.0,,,
1,114947,,,,0.07100602239370346,nan
1,114947,0.6928393840789795,,0.7401441335678101,,
2,114949,,0.75,,,
2,114999,,0.875,,,
2,115049,,0.625,,,
2,115099,,0.875,,,
2,115149,,0.625,,,
2,115199,,0.625,,,
2,115249,,0.75,,,
2,115299,,0.625,,,
2,115349,,0.875,,,
2,115399,,0.625,,,
2,115449,,0.875,,,
2,115499,,0.75,,,
2,115549,,0.625,,,
2,115599,,0.375,,,
2,115649,,0.75,,,
2,115699,,0.625,,,
2,115749,,0.75,,,
2,115799,,0.5,,,
2,115849,,0.75,,,
2,115899,,0.125,,,
2,115949,,0.625,,,
2,115999,,0.875,,,
2,116049,,0.625,,,
2,116099,,0.875,,,
2,116149,,0.875,,,
2,116199,,0.5,,,
2,116249,,0.875,,,
2,116299,,0.625,,,
2,116349,,0.5,,,
2,116399,,0.75,,,
2,116449,,0.5,,,
2,116499,,0.875,,,
2,116549,,0.5,,,
2,116599,,0.875,,,
2,116649,,0.75,,,
2,116699,,0.75,,,
2,116749,,0.875,,,
2,116799,,0.625,,,
2,116849,,0.875,,,
2,116899,,0.875,,,
2,116949,,0.75,,,
2,116999,,0.75,,,
2,117049,,0.75,,,
2,117099,,1.0,,,
2,117149,,0.875,,,
2,117199,,0.75,,,
2,117249,,0.625,,,
2,117299,,0.5,,,
2,117349,,0.875,,,
2,117399,,0.75,,,
2,117449,,0.75,,,
2,117499,,0.5,,,
2,117549,,0.5,,,
2,117599,,0.875,,,
2,117649,,0.25,,,
2,117699,,0.875,,,
2,117749,,0.625,,,
2,117799,,0.875,,,
2,117849,,0.875,,,
2,117899,,0.625,,,
2,117949,,1.0,,,
2,117999,,0.875,,,
2,118049,,0.75,,,
2,118099,,0.75,,,
2,118149,,1.0,,,
2,118199,,0.75,,,
2,118249,,0.75,,,
2,118299,,0.875,,,
2,118349,,0.625,,,
2,118399,,0.875,,,
2,118449,,0.5,,,
2,118499,,0.625,,,
2,118549,,0.875,,,
2,118599,,0.875,,,
2,118649,,0.75,,,
2,118699,,0.5,,,
2,118749,,0.75,,,
2,118799,,0.75,,,
2,118849,,0.625,,,
2,118899,,0.625,,,
2,118949,,0.75,,,
2,118999,,0.625,,,
2,119049,,0.75,,,
2,119099,,0.375,,,
2,119149,,0.625,,,
2,119199,,0.5,,,
2,119249,,0.5,,,
2,119299,,0.5,,,
2,119349,,0.75,,,
2,119399,,0.625,,,
2,119449,,0.875,,,
2,119499,,0.75,,,
2,119549,,0.875,,,
2,119599,,0.75,,,
2,119649,,0.625,,,
2,119699,,0.625,,,
2,119749,,0.625,,,
2,119799,,0.75,,,
2,119849,,0.75,,,
2,119899,,0.75,,,
2,119949,,0.75,,,
2,119999,,1.0,,,
2,120049,,0.625,,,
2,120099,,0.375,,,
2,120149,,0.75,,,
2,120199,,0.875,,,
2,120249,,0.625,,,
2,120299,,0.625,,,
2,120349,,0.75,,,
2,120399,,0.5,,,
2,120449,,0.625,,,
2,120499,,0.75,,,
2,120549,,0.625,,,
2,120599,,0.625,,,
2,120649,,1.0,,,
2,120699,,0.5,,,
2,120749,,0.5,,,
2,120799,,0.25,,,
2,120849,,0.625,,,
2,120899,,0.75,,,
2,120949,,0.75,,,
2,120999,,0.875,,,
2,121049,,0.875,,,
2,121099,,0.75,,,
2,121149,,0.75,,,
2,121199,,0.875,,,
2,121249,,0.375,,,
2,121299,,0.75,,,
2,121349,,0.875,,,
2,121399,,0.625,,,
2,121449,,0.875,,,
2,121499,,0.75,,,
2,121549,,0.625,,,
2,121599,,0.75,,,
2,121649,,0.75,,,
2,121699,,0.75,,,
2,121749,,0.375,,,
2,121799,,0.75,,,
2,121849,,0.75,,,
2,121899,,0.625,,,
2,121949,,0.75,,,
2,121999,,0.75,,,
2,122049,,0.875,,,
2,122099,,0.625,,,
2,122149,,0.375,,,
2,122199,,0.75,,,
2,122249,,0.875,,,
2,122299,,0.625,,,
2,122349,,0.75,,,
2,122399,,0.375,,,
2,122449,,0.625,,,
2,122499,,0.625,,,
2,122549,,0.5,,,
2,122599,,0.75,,,
2,122649,,0.625,,,
2,122699,,0.75,,,
2,122749,,0.375,,,
2,122799,,0.625,,,
2,122849,,0.75,,,
2,122899,,0.875,,,
2,122949,,0.625,,,
2,122999,,0.5,,,
2,123049,,0.375,,,
2,123099,,0.625,,,
2,123149,,0.875,,,
2,123199,,0.75,,,
2,123249,,0.875,,,
2,123299,,0.75,,,
2,123349,,0.625,,,
2,123399,,0.625,,,
2,123449,,0.375,,,
2,123499,,0.75,,,
2,123549,,1.0,,,
2,123599,,0.75,,,
2,123649,,0.875,,,
2,123699,,0.875,,,
2,123749,,0.625,,,
2,123799,,0.875,,,
2,123849,,0.875,,,
2,123899,,0.625,,,
2,123949,,0.75,,,
2,123999,,0.375,,,
2,124049,,0.625,,,
2,124099,,0.625,,,
2,124149,,0.625,,,
2,124199,,0.625,,,
2,124249,,0.875,,,
2,124299,,0.375,,,
2,124349,,0.5,,,
2,124399,,0.625,,,
2,124449,,0.75,,,
2,124499,,0.5,,,
2,124549,,0.875,,,
2,124599,,0.5,,,
2,124649,,0.875,,,
2,124699,,0.375,,,
2,124749,,0.5,,,
2,124799,,0.875,,,
2,124849,,0.875,,,
2,124899,,0.875,,,
2,124949,,0.75,,,
2,124999,,0.75,,,
2,125049,,0.875,,,
2,125099,,0.625,,,
2,125149,,0.375,,,
2,125199,,0.5,,,
2,125249,,0.875,,,
2,125299,,0.375,,,
2,125349,,0.375,,,
2,125399,,0.75,,,
2,125449,,0.875,,,
2,125499,,0.375,,,
2,125549,,0.75,,,
2,125599,,0.625,,,
2,125649,,1.0,,,
2,125699,,0.75,,,
2,125749,,0.625,,,
2,125799,,0.875,,,
2,125849,,0.75,,,
2,125899,,0.5,,,
2,125949,,0.75,,,
2,125999,,0.75,,,
2,126049,,0.875,,,
2,126099,,0.875,,,
2,126149,,0.5,,,
2,126199,,0.875,,,
2,126249,,0.625,,,
2,126299,,0.625,,,
2,126349,,0.625,,,
2,126399,,0.875,,,
2,126449,,0.5,,,
2,126499,,0.75,,,
2,126549,,0.625,,,
2,126599,,0.625,,,
2,126649,,0.75,,,
2,126699,,0.5,,,
2,126749,,1.0,,,
2,126799,,0.875,,,
2,126849,,0.875,,,
2,126899,,0.875,,,
2,126949,,0.625,,,
2,126999,,0.75,,,
2,127049,,0.75,,,
2,127099,,0.75,,,
2,127149,,0.875,,,
2,127199,,0.625,,,
2,127249,,0.75,,,
2,127299,,0.875,,,
2,127349,,0.75,,,
2,127399,,0.875,,,
2,127449,,0.875,,,
2,127499,,0.625,,,
2,127549,,0.625,,,
2,127599,,0.75,,,
2,127649,,1.0,,,
2,127699,,0.625,,,
2,127749,,0.75,,,
2,127799,,0.75,,,
2,127849,,0.625,,,
2,127899,,0.625,,,
2,127949,,0.875,,,
2,127999,,0.5,,,
2,128049,,0.75,,,
2,128099,,0.75,,,
2,128149,,0.625,,,
2,128199,,0.625,,,
2,128249,,0.875,,,
2,128299,,0.75,,,
2,128349,,0.25,,,
2,128399,,0.625,,,
2,128449,,0.875,,,
2,128499,,1.0,,,
2,128549,,0.625,,,
2,128599,,0.75,,,
2,128649,,0.75,,,
2,128699,,0.75,,,
2,128749,,1.0,,,
2,128799,,0.75,,,
2,128849,,0.875,,,
2,128899,,1.0,,,
2,128949,,0.875,,,
2,128999,,0.625,,,
2,129049,,0.875,,,
2,129099,,0.5,,,
2,129149,,0.5,,,
2,129199,,0.5,,,
2,129249,,0.75,,,
2,129299,,1.0,,,
2,129349,,0.5,,,
2,129399,,0.75,,,
2,129449,,0.875,,,
2,129499,,0.875,,,
2,129549,,0.625,,,
2,129599,,0.875,,,
2,129649,,0.625,,,
2,129699,,0.875,,,
2,129749,,0.625,,,
2,129799,,0.75,,,
2,129849,,0.625,,,
2,129899,,0.875,,,
2,129949,,0.5,,,
2,129999,,0.625,,,
2,130049,,0.25,,,
2,130099,,0.5,,,
2,130149,,0.75,,,
2,130199,,0.875,,,
2,130249,,0.375,,,
2,130299,,0.625,,,
2,130349,,0.75,,,
2,130399,,0.625,,,
2,130449,,1.0,,,
2,130499,,0.75,,,
2,130549,,0.875,,,
2,130599,,1.0,,,
2,130649,,0.5,,,
2,130699,,0.75,,,
2,130749,,0.75,,,
2,130799,,0.5,,,
2,130849,,0.375,,,
2,130899,,0.625,,,
2,130949,,0.75,,,
2,130999,,0.75,,,
2,131049,,0.5,,,
2,131099,,0.875,,,
2,131149,,0.625,,,
2,131199,,0.25,,,
2,131249,,0.875,,,
2,131299,,0.75,,,
2,131349,,0.875,,,
2,131399,,0.375,,,
2,131449,,0.75,,,
2,131499,,0.75,,,
2,131549,,0.625,,,
2,131599,,0.75,,,
2,131649,,0.875,,,
2,131699,,0.875,,,
2,131749,,0.5,,,
2,131799,,0.625,,,
2,131849,,0.625,,,
2,131899,,0.375,,,
2,131949,,0.5,,,
2,131999,,1.0,,,
2,132049,,0.75,,,
2,132099,,0.375,,,
2,132149,,0.75,,,
2,132199,,0.625,,,
2,132249,,0.625,,,
2,132299,,0.75,,,
2,132349,,1.0,,,
2,132399,,0.625,,,
2,132449,,0.75,,,
2,132499,,0.375,,,
2,132549,,0.75,,,
2,132599,,0.75,,,
2,132649,,0.75,,,
2,132699,,0.875,,,
2,132749,,0.5,,,
2,132799,,0.75,,,
2,132849,,0.375,,,
2,132899,,1.0,,,
2,132949,,1.0,,,
2,132999,,0.875,,,
2,133049,,0.75,,,
2,133099,,0.625,,,
2,133149,,0.75,,,
2,133199,,0.625,,,
2,133249,,0.875,,,
2,133299,,0.75,,,
2,133349,,0.875,,,
2,133399,,0.75,,,
2,133449,,0.75,,,
2,133499,,0.625,,,
2,133549,,0.75,,,
2,133599,,0.625,,,
2,133649,,1.0,,,
2,133699,,0.5,,,
2,133749,,0.875,,,
2,133799,,0.625,,,
2,133849,,0.75,,,
2,133899,,0.5,,,
2,133949,,0.875,,,
2,133999,,1.0,,,
2,134049,,0.875,,,
2,134099,,1.0,,,
2,134149,,0.75,,,
2,134199,,0.75,,,
2,134249,,0.375,,,
2,134299,,0.5,,,
2,134349,,0.5,,,
2,134399,,1.0,,,
2,134449,,0.75,,,
2,134499,,0.625,,,
2,134549,,0.5,,,
2,134599,,0.875,,,
2,134649,,0.875,,,
2,134699,,0.625,,,
2,134749,,0.625,,,
2,134799,,0.875,,,
2,134849,,0.75,,,
2,134899,,0.75,,,
2,134949,,0.75,,,
2,134999,,1.0,,,
2,135049,,0.5,,,
2,135099,,0.75,,,
2,135149,,0.625,,,
2,135199,,0.875,,,
2,135249,,0.625,,,
2,135299,,0.875,,,
2,135349,,0.875,,,
2,135399,,0.5,,,
2,135449,,0.5,,,
2,135499,,0.875,,,
2,135549,,0.75,,,
2,135599,,0.75,,,
2,135649,,0.875,,,
2,135699,,0.875,,,
2,135749,,0.625,,,
2,135799,,0.875,,,
2,135849,,0.75,,,
2,135899,,0.875,,,
2,135949,,0.75,,,
2,135999,,0.875,,,
2,136049,,0.625,,,
2,136099,,0.625,,,
2,136149,,0.75,,,
2,136199,,0.875,,,
2,136249,,0.875,,,
2,136299,,1.0,,,
2,136349,,0.5,,,
2,136399,,0.75,,,
2,136449,,0.875,,,
2,136499,,0.625,,,
2,136549,,0.75,,,
2,136599,,0.75,,,
2,136649,,0.875,,,
2,136699,,0.375,,,
2,136749,,0.75,,,
2,136799,,0.75,,,
2,136849,,0.75,,,
2,136899,,0.625,,,
2,136949,,0.5,,,
2,136999,,0.75,,,
2,137049,,0.75,,,
2,137099,,0.875,,,
2,137149,,0.875,,,
2,137199,,1.0,,,
2,137249,,0.5,,,
2,137299,,0.5,,,
2,137349,,0.75,,,
2,137399,,0.375,,,
2,137449,,0.5,,,
2,137499,,0.625,,,
2,137549,,1.0,,,
2,137599,,0.875,,,
2,137649,,1.0,,,
2,137699,,0.75,,,
2,137749,,0.5,,,
2,137799,,0.625,,,
2,137849,,0.875,,,
2,137899,,0.5,,,
2,137949,,1.0,,,
2,137999,,0.5,,,
2,138049,,0.875,,,
2,138099,,0.625,,,
2,138149,,1.0,,,
2,138199,,0.625,,,
2,138249,,0.625,,,
2,138299,,0.625,,,
2,138349,,0.625,,,
2,138399,,0.625,,,
2,138449,,0.5,,,
2,138499,,0.875,,,
2,138549,,0.875,,,
2,138599,,0.875,,,
2,138649,,0.5,,,
2,138699,,0.625,,,
2,138749,,0.375,,,
2,138799,,0.625,,,
2,138849,,0.75,,,
2,138899,,0.625,,,
2,138949,,0.625,,,
2,138999,,0.875,,,
2,139049,,0.375,,,
2,139099,,0.875,,,
2,139149,,0.875,,,
2,139199,,0.5,,,
2,139249,,0.875,,,
2,139299,,0.75,,,
2,139349,,0.5,,,
2,139399,,1.0,,,
2,139449,,0.75,,,
2,139499,,0.875,,,
2,139549,,0.625,,,
2,139599,,0.625,,,
2,139649,,0.75,,,
2,139699,,0.75,,,
2,139749,,0.75,,,
2,139799,,0.75,,,
2,139849,,0.75,,,
2,139899,,0.75,,,
2,139949,,0.625,,,
2,139999,,0.875,,,
2,140049,,0.375,,,
2,140099,,0.875,,,
2,140149,,0.75,,,
2,140199,,0.625,,,
2,140249,,0.75,,,
2,140299,,0.75,,,
2,140349,,0.75,,,
2,140399,,0.5,,,
2,140449,,0.875,,,
2,140499,,0.875,,,
2,140549,,0.375,,,
2,140599,,0.75,,,
2,140649,,0.75,,,
2,140699,,0.625,,,
2,140749,,0.875,,,
2,140799,,0.75,,,
2,140849,,0.75,,,
2,140899,,1.0,,,
2,140949,,0.5,,,
2,140999,,0.375,,,
2,141049,,0.75,,,
2,141099,,0.625,,,
2,141149,,0.625,,,
2,141199,,0.5,,,
2,141249,,0.75,,,
2,141299,,0.625,,,
2,141349,,0.75,,,
2,141399,,0.5,,,
2,141449,,0.375,,,
2,141499,,0.625,,,
2,141549,,0.75,,,
2,141599,,0.625,,,
2,141649,,0.75,,,
2,141699,,0.625,,,
2,141749,,0.625,,,
2,141799,,0.75,,,
2,141849,,0.75,,,
2,141899,,0.75,,,
2,141949,,0.75,,,
2,141999,,0.75,,,
2,142049,,0.75,,,
2,142099,,0.75,,,
2,142149,,0.75,,,
2,142199,,0.625,,,
2,142249,,0.875,,,
2,142299,,0.5,,,
2,142349,,0.875,,,
2,142399,,0.125,,,
2,142449,,0.5,,,
2,142499,,0.625,,,
2,142549,,0.625,,,
2,142599,,0.75,,,
2,142649,,0.875,,,
2,142699,,0.875,,,
2,142749,,0.75,,,
2,142799,,0.625,,,
2,142849,,0.375,,,
2,142899,,0.875,,,
2,142949,,0.625,,,
2,142999,,0.625,,,
2,143049,,0.625,,,
2,143099,,0.625,,,
2,143149,,0.625,,,
2,143199,,0.5,,,
2,143249,,0.625,,,
2,143299,,0.625,,,
2,143349,,0.75,,,
2,143399,,0.625,,,
2,143449,,0.625,,,
2,143499,,0.5,,,
2,143549,,0.625,,,
2,143599,,0.875,,,
2,143649,,0.875,,,
2,143699,,0.75,,,
2,143749,,0.75,,,
2,143799,,0.5,,,
2,143849,,0.75,,,
2,143899,,1.0,,,
2,143949,,0.75,,,
2,143999,,0.375,,,
2,144049,,0.75,,,
2,144099,,0.875,,,
2,144149,,0.75,,,
2,144199,,0.5,,,
2,144249,,0.625,,,
2,144299,,1.0,,,
2,144349,,0.75,,,
2,144399,,0.75,,,
2,144449,,0.625,,,
2,144499,,0.625,,,
2,144549,,0.625,,,
2,144599,,1.0,,,
2,144649,,0.375,,,
2,144699,,0.75,,,
2,144749,,0.75,,,
2,144799,,0.625,,,
2,144849,,0.75,,,
2,144899,,0.75,,,
2,144949,,0.75,,,
2,144999,,0.625,,,
2,145049,,0.75,,,
2,145099,,0.75,,,
2,145149,,0.875,,,
2,145199,,0.25,,,
2,145249,,0.875,,,
2,145299,,0.875,,,
2,145349,,0.75,,,
2,145399,,0.75,,,
2,145449,,0.5,,,
2,145499,,0.5,,,
2,145549,,0.625,,,
2,145599,,0.625,,,
2,145649,,0.5,,,
2,145699,,0.5,,,
2,145749,,0.75,,,
2,145799,,0.75,,,
2,145849,,0.5,,,
2,145899,,0.625,,,
2,145949,,0.5,,,
2,145999,,0.75,,,
2,146049,,0.625,,,
2,146099,,0.875,,,
2,146149,,0.75,,,
2,146199,,0.875,,,
2,146249,,0.375,,,
2,146299,,0.625,,,
2,146349,,0.75,,,
2,146399,,0.75,,,
2,146449,,0.625,,,
2,146499,,0.5,,,
2,146549,,0.75,,,
2,146599,,0.75,,,
2,146649,,0.625,,,
2,146699,,0.875,,,
2,146749,,0.625,,,
2,146799,,0.75,,,
2,146849,,0.75,,,
2,146899,,0.75,,,
2,146949,,0.75,,,
2,146999,,0.875,,,
2,147049,,0.375,,,
2,147099,,0.75,,,
2,147149,,0.75,,,
2,147199,,0.875,,,
2,147249,,0.75,,,
2,147299,,0.875,,,
2,147349,,0.75,,,
2,147399,,0.75,,,
2,147449,,0.75,,,
2,147499,,0.875,,,
2,147549,,0.625,,,
2,147599,,0.75,,,
2,147649,,0.625,,,
2,147699,,1.0,,,
2,147749,,0.625,,,
2,147799,,0.625,,,
2,147849,,0.875,,,
2,147899,,0.75,,,
2,147949,,0.625,,,
2,147999,,0.625,,,
2,148049,,0.75,,,
2,148099,,0.75,,,
2,148149,,0.625,,,
2,148199,,0.625,,,
2,148249,,0.75,,,
2,148299,,0.875,,,
2,148349,,1.0,,,
2,148399,,0.75,,,
2,148449,,0.75,,,
2,148499,,0.875,,,
2,148549,,1.0,,,
2,148599,,0.875,,,
2,148649,,0.625,,,
2,148699,,0.75,,,
2,148749,,0.375,,,
2,148799,,0.625,,,
2,148849,,0.5,,,
2,148899,,0.875,,,
2,148949,,0.375,,,
2,148999,,0.375,,,
2,149049,,0.75,,,
2,149099,,0.875,,,
2,149149,,0.375,,,
2,149199,,0.625,,,
2,149249,,0.75,,,
2,149299,,0.75,,,
2,149349,,0.75,,,
2,149399,,0.5,,,
2,149449,,0.625,,,
2,149499,,0.75,,,
2,149549,,0.875,,,
2,149599,,0.625,,,
2,149649,,0.625,,,
2,149699,,0.75,,,
2,149749,,0.625,,,
2,149799,,0.75,,,
2,149849,,0.875,,,
2,149899,,0.75,,,
2,149949,,0.75,,,
2,149999,,0.5,,,
2,150049,,0.5,,,
2,150099,,0.625,,,
2,150149,,0.875,,,
2,150199,,0.75,,,
2,150249,,1.0,,,
2,150299,,0.875,,,
2,150349,,0.75,,,
2,150399,,0.375,,,
2,150449,,0.625,,,
2,150499,,0.75,,,
2,150549,,1.0,,,
2,150599,,0.5,,,
2,150649,,0.75,,,
2,150699,,0.5,,,
2,150749,,1.0,,,
2,150799,,0.75,,,
2,150849,,0.625,,,
2,150899,,0.5,,,
2,150949,,0.75,,,
2,150999,,0.875,,,
2,151049,,0.75,,,
2,151099,,0.75,,,
2,151149,,0.625,,,
2,151199,,0.5,,,
2,151249,,0.5,,,
2,151299,,0.875,,,
2,151349,,0.625,,,
2,151399,,0.75,,,
2,151449,,0.875,,,
2,151499,,0.75,,,
2,151549,,0.625,,,
2,151599,,0.75,,,
2,151649,,0.75,,,
2,151699,,0.625,,,
2,151749,,0.5,,,
2,151799,,0.875,,,
2,151849,,0.5,,,
2,151899,,0.625,,,
2,151949,,0.625,,,
2,151999,,0.75,,,
2,152049,,0.875,,,
2,152099,,0.375,,,
2,152149,,0.75,,,
2,152199,,0.5,,,
2,152249,,0.5,,,
2,152299,,0.75,,,
2,152349,,1.0,,,
2,152399,,0.75,,,
2,152449,,0.625,,,
2,152499,,0.5,,,
2,152549,,0.375,,,
2,152599,,0.625,,,
2,152649,,0.875,,,
2,152699,,0.625,,,
2,152749,,1.0,,,
2,152799,,1.0,,,
2,152849,,0.75,,,
2,152899,,0.5,,,
2,152949,,0.875,,,
2,152999,,0.625,,,
2,153049,,0.75,,,
2,153099,,0.75,,,
2,153149,,1.0,,,
2,153199,,0.625,,,
2,153249,,0.75,,,
2,153299,,0.625,,,
2,153349,,0.75,,,
2,153399,,0.625,,,
2,153449,,0.75,,,
2,153499,,0.875,,,
2,153549,,0.75,,,
2,153599,,0.5,,,
2,153649,,0.625,,,
2,153699,,0.625,,,
2,153749,,0.375,,,
2,153799,,0.875,,,
2,153849,,1.0,,,
2,153899,,0.625,,,
2,153949,,1.0,,,
2,153999,,0.875,,,
2,154049,,0.75,,,
2,154099,,0.75,,,
2,154149,,0.5,,,
2,154199,,0.75,,,
2,154249,,1.0,,,
2,154299,,0.625,,,
2,154349,,0.875,,,
2,154399,,0.875,,,
2,154449,,0.625,,,
2,154499,,0.75,,,
2,154549,,0.375,,,
2,154599,,0.625,,,
2,154649,,1.0,,,
2,154699,,0.75,,,
2,154749,,0.375,,,
2,154799,,0.625,,,
2,154849,,0.625,,,
2,154899,,0.75,,,
2,154949,,0.625,,,
2,154999,,0.375,,,
2,155049,,1.0,,,
2,155099,,0.5,,,
2,155149,,0.5,,,
2,155199,,0.625,,,
2,155249,,0.625,,,
2,155299,,0.875,,,
2,155349,,0.5,,,
2,155399,,0.875,,,
2,155449,,0.875,,,
2,155499,,0.625,,,
2,155549,,0.625,,,
2,155599,,0.75,,,
2,155649,,0.75,,,
2,155699,,0.625,,,
2,155749,,0.75,,,
2,155799,,0.75,,,
2,155849,,0.625,,,
2,155899,,0.375,,,
2,155949,,0.75,,,
2,155999,,0.875,,,
2,156049,,0.875,,,
2,156099,,0.75,,,
2,156149,,0.625,,,
2,156199,,0.625,,,
2,156249,,0.75,,,
2,156299,,0.75,,,
2,156349,,0.875,,,
2,156399,,0.75,,,
2,156449,,0.5,,,
2,156499,,0.75,,,
2,156549,,1.0,,,
2,156599,,0.875,,,
2,156649,,0.625,,,
2,156699,,0.5,,,
2,156749,,0.75,,,
2,156799,,0.625,,,
2,156849,,0.625,,,
2,156899,,1.0,,,
2,156949,,0.75,,,
2,156999,,0.75,,,
2,157049,,0.875,,,
2,157099,,1.0,,,
2,157149,,0.625,,,
2,157199,,0.75,,,
2,157249,,0.75,,,
2,157299,,1.0,,,
2,157349,,0.625,,,
2,157399,,0.625,,,
2,157449,,1.0,,,
2,157499,,0.875,,,
2,157549,,1.0,,,
2,157599,,0.625,,,
2,157649,,1.0,,,
2,157699,,0.625,,,
2,157749,,0.875,,,
2,157799,,0.75,,,
2,157849,,0.625,,,
2,157899,,0.875,,,
2,157949,,0.875,,,
2,157999,,0.75,,,
2,158049,,0.625,,,
2,158099,,1.0,,,
2,158149,,0.375,,,
2,158199,,0.625,,,
2,158249,,1.0,,,
2,158299,,0.75,,,
2,158349,,0.875,,,
2,158399,,0.875,,,
2,158449,,0.625,,,
2,158499,,0.875,,,
2,158549,,0.75,,,
2,158599,,0.75,,,
2,158649,,0.75,,,
2,158699,,0.625,,,
2,158749,,0.625,,,
2,158799,,0.375,,,
2,158849,,0.625,,,
2,158899,,0.875,,,
2,158949,,0.75,,,
2,158999,,0.5,,,
2,159049,,0.5,,,
2,159099,,0.75,,,
2,159149,,0.75,,,
2,159199,,0.75,,,
2,159249,,0.625,,,
2,159299,,0.75,,,
2,159349,,0.75,,,
2,159399,,0.875,,,
2,159449,,0.5,,,
2,159499,,0.875,,,
2,159549,,0.875,,,
2,159599,,0.625,,,
2,159649,,0.5,,,
2,159699,,0.625,,,
2,159749,,0.625,,,
2,159799,,0.75,,,
2,159849,,0.75,,,
2,159899,,0.75,,,
2,159949,,0.75,,,
2,159999,,0.25,,,
2,160049,,0.625,,,
2,160099,,0.625,,,
2,160149,,0.625,,,
2,160199,,0.75,,,
2,160249,,0.5,,,
2,160299,,0.625,,,
2,160349,,0.375,,,
2,160399,,0.75,,,
2,160449,,0.75,,,
2,160499,,0.625,,,
2,160549,,0.625,,,
2,160599,,1.0,,,
2,160649,,0.875,,,
2,160699,,0.5,,,
2,160749,,0.625,,,
2,160799,,0.875,,,
2,160849,,0.75,,,
2,160899,,0.5,,,
2,160949,,0.625,,,
2,160999,,0.75,,,
2,161049,,0.875,,,
2,161099,,0.625,,,
2,161149,,0.875,,,
2,161199,,0.5,,,
2,161249,,0.875,,,
2,161299,,0.625,,,
2,161349,,0.75,,,
2,161399,,0.875,,,
2,161449,,0.5,,,
2,161499,,0.75,,,
2,161549,,0.875,,,
2,161599,,0.875,,,
2,161649,,0.75,,,
2,161699,,0.625,,,
2,161749,,0.75,,,
2,161799,,0.5,,,
2,161849,,0.625,,,
2,161899,,0.625,,,
2,161949,,0.75,,,
2,161999,,0.625,,,
2,162049,,0.75,,,
2,162099,,1.0,,,
2,162149,,0.625,,,
2,162199,,0.25,,,
2,162249,,0.75,,,
2,162299,,0.375,,,
2,162349,,0.875,,,
2,162399,,0.5,,,
2,162449,,1.0,,,
2,162499,,0.875,,,
2,162549,,0.75,,,
2,162599,,0.75,,,
2,162649,,0.375,,,
2,162699,,0.625,,,
2,162749,,0.75,,,
2,162799,,0.625,,,
2,162849,,0.75,,,
2,162899,,0.75,,,
2,162949,,0.875,,,
2,162999,,0.5,,,
2,163049,,0.625,,,
2,163099,,0.5,,,
2,163149,,0.625,,,
2,163199,,0.75,,,
2,163249,,0.375,,,
2,163299,,0.75,,,
2,163349,,0.5,,,
2,163399,,0.625,,,
2,163449,,0.75,,,
2,163499,,0.75,,,
2,163549,,0.875,,,
2,163599,,0.5,,,
2,163649,,1.0,,,
2,163699,,0.75,,,
2,163749,,0.75,,,
2,163799,,0.75,,,
2,163849,,0.625,,,
2,163899,,0.75,,,
2,163949,,0.5,,,
2,163999,,0.875,,,
2,164049,,0.375,,,
2,164099,,0.875,,,
2,164149,,0.625,,,
2,164199,,0.75,,,
2,164249,,0.875,,,
2,164299,,1.0,,,
2,164349,,0.625,,,
2,164399,,1.0,,,
2,164449,,0.625,,,
2,164499,,0.625,,,
2,164549,,0.875,,,
2,164599,,0.75,,,
2,164649,,0.75,,,
2,164699,,0.75,,,
2,164749,,0.5,,,
2,164799,,0.25,,,
2,164849,,0.75,,,
2,164899,,0.625,,,
2,164949,,0.375,,,
2,164999,,0.875,,,
2,165049,,1.0,,,
2,165099,,0.5,,,
2,165149,,0.75,,,
2,165199,,0.625,,,
2,165249,,0.75,,,
2,165299,,0.75,,,
2,165349,,0.875,,,
2,165399,,0.625,,,
2,165449,,0.625,,,
2,165499,,0.875,,,
2,165549,,0.875,,,
2,165599,,0.875,,,
2,165649,,0.625,,,
2,165699,,0.75,,,
2,165749,,0.75,,,
2,165799,,0.75,,,
2,165849,,0.625,,,
2,165899,,0.75,,,
2,165949,,0.75,,,
2,165999,,0.75,,,
2,166049,,1.0,,,
2,166099,,0.5,,,
2,166149,,0.5,,,
2,166199,,0.875,,,
2,166249,,0.875,,,
2,166299,,0.75,,,
2,166349,,0.75,,,
2,166399,,0.875,,,
2,166449,,0.75,,,
2,166499,,1.0,,,
2,166549,,0.625,,,
2,166599,,0.75,,,
2,166649,,0.625,,,
2,166699,,0.875,,,
2,166749,,0.75,,,
2,166799,,0.75,,,
2,166849,,0.625,,,
2,166899,,0.5,,,
2,166949,,0.25,,,
2,166999,,0.875,,,
2,167049,,0.875,,,
2,167099,,0.625,,,
2,167149,,0.5,,,
2,167199,,0.875,,,
2,167249,,0.875,,,
2,167299,,0.75,,,
2,167349,,0.625,,,
2,167399,,0.75,,,
2,167449,,0.875,,,
2,167499,,0.625,,,
2,167549,,0.625,,,
2,167599,,0.75,,,
2,167649,,0.75,,,
2,167699,,0.875,,,
2,167749,,0.375,,,
2,167799,,0.625,,,
2,167849,,0.625,,,
2,167899,,0.875,,,
2,167949,,0.5,,,
2,167999,,0.875,,,
2,168049,,0.75,,,
2,168099,,0.875,,,
2,168149,,0.75,,,
2,168199,,0.875,,,
2,168249,,0.375,,,
2,168299,,0.875,,,
2,168349,,0.5,,,
2,168399,,0.75,,,
2,168449,,0.375,,,
2,168499,,0.75,,,
2,168549,,0.875,,,
2,168599,,0.875,,,
2,168649,,0.5,,,
2,168699,,0.75,,,
2,168749,,0.75,,,
2,168799,,0.625,,,
2,168849,,0.875,,,
2,168899,,0.75,,,
2,168949,,0.625,,,
2,168999,,0.75,,,
2,169049,,0.875,,,
2,169099,,0.5,,,
2,169149,,0.75,,,
2,169199,,0.75,,,
2,169249,,0.75,,,
2,169299,,1.0,,,
2,169349,,0.625,,,
2,169399,,1.0,,,
2,169449,,0.625,,,
2,169499,,0.375,,,
2,169549,,0.5,,,
2,169599,,0.625,,,
2,169649,,0.875,,,
2,169699,,1.0,,,
2,169749,,0.75,,,
2,169799,,0.75,,,
2,169849,,0.875,,,
2,169899,,0.625,,,
2,169949,,0.75,,,
2,169999,,0.75,,,
2,170049,,0.5,,,
2,170099,,0.75,,,
2,170149,,0.625,,,
2,170199,,0.75,,,
2,170249,,0.875,,,
2,170299,,0.625,,,
2,170349,,0.625,,,
2,170399,,0.75,,,
2,170449,,0.75,,,
2,170499,,0.75,,,
2,170549,,0.625,,,
2,170599,,0.625,,,
2,170649,,0.875,,,
2,170699,,0.625,,,
2,170749,,0.875,,,
2,170799,,0.75,,,
2,170849,,0.75,,,
2,170899,,0.75,,,
2,170949,,0.5,,,
2,170999,,0.75,,,
2,171049,,0.625,,,
2,171099,,0.625,,,
2,171149,,0.75,,,
2,171199,,0.625,,,
2,171249,,0.625,,,
2,171299,,0.75,,,
2,171349,,1.0,,,
2,171399,,0.75,,,
2,171449,,0.75,,,
2,171499,,0.875,,,
2,171549,,0.625,,,
2,171599,,0.625,,,
2,171649,,0.625,,,
2,171699,,0.75,,,
2,171749,,0.875,,,
2,171799,,0.75,,,
2,171849,,0.875,,,
2,171899,,0.75,,,
2,171949,,0.625,,,
2,171999,,0.875,,,
2,172049,,0.75,,,
2,172099,,0.625,,,
2,172149,,0.625,,,
2,172199,,1.0,,,
2,172249,,0.625,,,
2,172299,,0.625,,,
2,172349,,0.625,,,
2,172399,,0.75,,,
2,172421,,,,0.07057973742485046,nan
2,172421,0.6993988752365112,,0.7251474857330322,,
3,172449,,0.75,,,
3,172499,,0.75,,,
3,172549,,0.75,,,
3,172599,,0.875,,,
3,172649,,0.875,,,
3,172699,,0.875,,,
3,172749,,0.875,,,
3,172799,,0.5,,,
3,172849,,0.875,,,
3,172899,,0.75,,,
3,172949,,0.625,,,
3,172999,,0.625,,,
3,173049,,0.375,,,
3,173099,,1.0,,,
3,173149,,0.625,,,
3,173199,,0.875,,,
3,173249,,0.75,,,
3,173299,,0.75,,,
3,173349,,0.5,,,
3,173399,,0.875,,,
3,173449,,0.875,,,
3,173499,,0.375,,,
3,173549,,1.0,,,
3,173599,,0.25,,,
3,173649,,0.75,,,
3,173699,,0.875,,,
3,173749,,0.875,,,
3,173799,,0.75,,,
3,173849,,0.75,,,
3,173899,,0.875,,,
3,173949,,0.5,,,
3,173999,,0.75,,,
3,174049,,0.625,,,
3,174099,,0.5,,,
3,174149,,0.625,,,
3,174199,,0.75,,,
3,174249,,0.875,,,
3,174299,,0.5,,,
3,174349,,0.75,,,
3,174399,,0.625,,,
3,174449,,0.625,,,
3,174499,,0.375,,,
3,174549,,0.5,,,
3,174599,,0.625,,,
3,174649,,0.5,,,
3,174699,,0.875,,,
3,174749,,0.75,,,
3,174799,,0.75,,,
3,174849,,1.0,,,
3,174899,,0.75,,,
3,174949,,0.875,,,
3,174999,,0.5,,,
3,175049,,0.625,,,
3,175099,,0.625,,,
3,175149,,0.875,,,
3,175199,,0.75,,,
3,175249,,0.375,,,
3,175299,,0.625,,,
3,175349,,0.75,,,
3,175399,,0.625,,,
3,175449,,0.625,,,
3,175499,,0.75,,,
3,175549,,0.5,,,
3,175599,,0.875,,,
3,175649,,0.875,,,
3,175699,,0.375,,,
3,175749,,0.875,,,
3,175799,,0.875,,,
3,175849,,1.0,,,
3,175899,,0.125,,,
3,175949,,0.875,,,
3,175999,,0.5,,,
3,176049,,0.75,,,
3,176099,,0.875,,,
3,176149,,0.75,,,
3,176199,,0.75,,,
3,176249,,0.5,,,
3,176299,,0.875,,,
3,176349,,0.5,,,
3,176399,,0.875,,,
3,176449,,0.875,,,
3,176499,,0.5,,,
3,176549,,0.625,,,
3,176599,,0.875,,,
3,176649,,0.625,,,
3,176699,,0.5,,,
3,176749,,0.5,,,
3,176799,,0.75,,,
3,176849,,0.625,,,
3,176899,,0.5,,,
3,176949,,0.625,,,
3,176999,,0.625,,,
3,177049,,0.5,,,
3,177099,,0.75,,,
3,177149,,0.875,,,
3,177199,,0.5,,,
3,177249,,0.5,,,
3,177299,,0.75,,,
3,177349,,0.75,,,
3,177399,,0.875,,,
3,177449,,0.875,,,
3,177499,,0.625,,,
3,177549,,0.75,,,
3,177599,,0.375,,,
3,177649,,0.75,,,
3,177699,,0.5,,,
3,177749,,0.625,,,
3,177799,,0.5,,,
3,177849,,1.0,,,
3,177899,,0.75,,,
3,177949,,0.75,,,
3,177999,,0.875,,,
3,178049,,0.625,,,
3,178099,,0.625,,,
3,178149,,0.5,,,
3,178199,,0.75,,,
3,178249,,0.5,,,
3,178299,,0.625,,,
3,178349,,0.75,,,
3,178399,,0.75,,,
3,178449,,0.75,,,
3,178499,,0.75,,,
3,178549,,0.5,,,
3,178599,,0.75,,,
3,178649,,0.75,,,
3,178699,,0.625,,,
3,178749,,0.75,,,
3,178799,,0.75,,,
3,178849,,0.625,,,
3,178899,,0.75,,,
3,178949,,0.625,,,
3,178999,,0.625,,,
3,179049,,0.75,,,
3,179099,,0.5,,,
3,179149,,0.375,,,
3,179199,,0.375,,,
3,179249,,0.75,,,
3,179299,,0.375,,,
3,179349,,0.5,,,
3,179399,,0.875,,,
3,179449,,0.625,,,
3,179499,,0.75,,,
3,179549,,0.625,,,
3,179599,,0.75,,,
3,179649,,0.625,,,
3,179699,,0.625,,,
3,179749,,0.625,,,
3,179799,,0.75,,,
3,179849,,0.75,,,
3,179899,,0.75,,,
3,179949,,0.875,,,
3,179999,,0.75,,,
3,180049,,0.375,,,
3,180099,,0.5,,,
3,180149,,0.75,,,
3,180199,,0.75,,,
3,180249,,0.625,,,
3,180299,,1.0,,,
3,180349,,0.625,,,
3,180399,,1.0,,,
3,180449,,0.625,,,
3,180499,,0.5,,,
3,180549,,0.625,,,
3,180599,,0.75,,,
3,180649,,0.75,,,
3,180699,,0.875,,,
3,180749,,0.625,,,
3,180799,,0.5,,,
3,180849,,0.625,,,
3,180899,,0.75,,,
3,180949,,0.875,,,
3,180999,,0.75,,,
3,181049,,0.5,,,
3,181099,,1.0,,,
3,181149,,0.625,,,
3,181199,,1.0,,,
3,181249,,0.625,,,
3,181299,,0.75,,,
3,181349,,0.625,,,
3,181399,,0.875,,,
3,181449,,0.625,,,
3,181499,,0.875,,,
3,181549,,0.625,,,
3,181599,,0.875,,,
3,181649,,0.25,,,
3,181699,,0.625,,,
3,181749,,0.625,,,
3,181799,,0.75,,,
3,181849,,0.75,,,
3,181899,,0.75,,,
3,181949,,0.5,,,
3,181999,,0.625,,,
3,182049,,0.75,,,
3,182099,,0.625,,,
3,182149,,0.625,,,
3,182199,,0.75,,,
3,182249,,0.75,,,
3,182299,,0.75,,,
3,182349,,0.75,,,
3,182399,,0.75,,,
3,182449,,0.75,,,
3,182499,,0.875,,,
3,182549,,0.625,,,
3,182599,,0.75,,,
3,182649,,0.25,,,
3,182699,,0.5,,,
3,182749,,0.5,,,
3,182799,,0.75,,,
3,182849,,0.75,,,
3,182899,,0.875,,,
3,182949,,0.375,,,
3,182999,,0.875,,,
3,183049,,0.625,,,
3,183099,,0.625,,,
3,183149,,0.875,,,
3,183199,,0.375,,,
3,183249,,0.875,,,
3,183299,,0.75,,,
3,183349,,0.875,,,
3,183399,,0.875,,,
3,183449,,0.75,,,
3,183499,,0.75,,,
3,183549,,0.75,,,
3,183599,,0.625,,,
3,183649,,0.75,,,
3,183699,,0.75,,,
3,183749,,0.75,,,
3,183799,,1.0,,,
3,183849,,0.75,,,
3,183899,,1.0,,,
3,183949,,0.625,,,
3,183999,,0.875,,,
3,184049,,0.875,,,
3,184099,,0.375,,,
3,184149,,0.75,,,
3,184199,,0.625,,,
3,184249,,0.625,,,
3,184299,,0.875,,,
3,184349,,0.375,,,
3,184399,,0.875,,,
3,184449,,0.5,,,
3,184499,,0.75,,,
3,184549,,0.75,,,
3,184599,,0.75,,,
3,184649,,0.875,,,
3,184699,,0.75,,,
3,184749,,0.625,,,
3,184799,,0.25,,,
3,184849,,0.75,,,
3,184899,,0.875,,,
3,184949,,0.75,,,
3,184999,,0.75,,,
3,185049,,0.75,,,
3,185099,,0.625,,,
3,185149,,0.875,,,
3,185199,,0.625,,,
3,185249,,0.875,,,
3,185299,,0.625,,,
3,185349,,0.625,,,
3,185399,,0.375,,,
3,185449,,0.875,,,
3,185499,,0.75,,,
3,185549,,1.0,,,
3,185599,,0.375,,,
3,185649,,0.75,,,
3,185699,,0.875,,,
3,185749,,0.375,,,
3,185799,,0.75,,,
3,185849,,0.625,,,
3,185899,,0.625,,,
3,185949,,0.875,,,
3,185999,,0.75,,,
3,186049,,0.5,,,
3,186099,,0.75,,,
3,186149,,1.0,,,
3,186199,,0.75,,,
3,186249,,0.625,,,
3,186299,,0.625,,,
3,186349,,0.375,,,
3,186399,,0.625,,,
3,186449,,0.875,,,
3,186499,,0.625,,,
3,186549,,0.625,,,
3,186599,,0.75,,,
3,186649,,0.75,,,
3,186699,,0.625,,,
3,186749,,1.0,,,
3,186799,,0.625,,,
3,186849,,0.75,,,
3,186899,,0.625,,,
3,186949,,0.625,,,
3,186999,,0.875,,,
3,187049,,0.75,,,
3,187099,,0.5,,,
3,187149,,0.375,,,
3,187199,,0.75,,,
3,187249,,0.875,,,
3,187299,,0.5,,,
3,187349,,0.75,,,
3,187399,,0.625,,,
3,187449,,0.625,,,
3,187499,,0.625,,,
3,187549,,0.75,,,
3,187599,,1.0,,,
3,187649,,0.75,,,
3,187699,,0.75,,,
3,187749,,0.875,,,
3,187799,,0.75,,,
3,187849,,0.5,,,
3,187899,,0.875,,,
3,187949,,0.75,,,
3,187999,,0.5,,,
3,188049,,0.625,,,
3,188099,,0.5,,,
3,188149,,0.625,,,
3,188199,,0.625,,,
3,188249,,0.75,,,
3,188299,,0.5,,,
3,188349,,1.0,,,
3,188399,,0.625,,,
3,188449,,0.625,,,
3,188499,,1.0,,,
3,188549,,0.75,,,
3,188599,,0.75,,,
3,188649,,0.625,,,
3,188699,,0.875,,,
3,188749,,0.75,,,
3,188799,,0.875,,,
3,188849,,0.5,,,
3,188899,,0.625,,,
3,188949,,0.75,,,
3,188999,,1.0,,,
3,189049,,0.625,,,
3,189099,,1.0,,,
3,189149,,0.75,,,
3,189199,,0.875,,,
3,189249,,0.5,,,
3,189299,,0.75,,,
3,189349,,0.75,,,
3,189399,,0.875,,,
3,189449,,0.625,,,
3,189499,,0.75,,,
3,189549,,0.75,,,
3,189599,,0.75,,,
3,189649,,0.875,,,
3,189699,,0.625,,,
3,189749,,0.625,,,
3,189799,,0.875,,,
3,189849,,0.625,,,
3,189899,,0.625,,,
3,189949,,0.875,,,
3,189999,,0.875,,,
3,190049,,0.75,,,
3,190099,,0.625,,,
3,190149,,0.625,,,
3,190199,,0.875,,,
3,190249,,0.625,,,
3,190299,,0.75,,,
3,190349,,0.875,,,
3,190399,,0.875,,,
3,190449,,0.75,,,
3,190499,,1.0,,,
3,190549,,0.625,,,
3,190599,,0.625,,,
3,190649,,0.375,,,
3,190699,,0.75,,,
3,190749,,0.5,,,
3,190799,,0.875,,,
3,190849,,0.25,,,
3,190899,,0.875,,,
3,190949,,0.875,,,
3,190999,,0.5,,,
3,191049,,0.875,,,
3,191099,,0.625,,,
3,191149,,0.75,,,
3,191199,,0.75,,,
3,191249,,0.375,,,
3,191299,,0.625,,,
3,191349,,0.75,,,
3,191399,,0.5,,,
3,191449,,0.75,,,
3,191499,,0.875,,,
3,191549,,0.625,,,
3,191599,,0.875,,,
3,191649,,0.625,,,
3,191699,,0.875,,,
3,191749,,0.625,,,
3,191799,,0.75,,,
3,191849,,0.875,,,
3,191899,,0.875,,,
3,191949,,0.625,,,
3,191999,,0.875,,,
3,192049,,0.625,,,
3,192099,,0.75,,,
3,192149,,0.625,,,
3,192199,,0.875,,,
3,192249,,1.0,,,
3,192299,,0.875,,,
3,192349,,0.75,,,
3,192399,,1.0,,,
3,192449,,0.875,,,
3,192499,,0.625,,,
3,192549,,0.875,,,
3,192599,,0.75,,,
3,192649,,0.75,,,
3,192699,,0.875,,,
3,192749,,0.75,,,
3,192799,,0.625,,,
3,192849,,0.625,,,
3,192899,,0.375,,,
3,192949,,0.625,,,
3,192999,,0.5,,,
3,193049,,0.75,,,
3,193099,,0.75,,,
3,193149,,0.75,,,
3,193199,,0.875,,,
3,193249,,0.75,,,
3,193299,,1.0,,,
3,193349,,1.0,,,
3,193399,,0.75,,,
3,193449,,0.5,,,
3,193499,,0.75,,,
3,193549,,0.25,,,
3,193599,,0.625,,,
3,193649,,0.5,,,
3,193699,,0.75,,,
3,193749,,0.75,,,
3,193799,,0.625,,,
3,193849,,0.75,,,
3,193899,,0.5,,,
3,193949,,0.875,,,
3,193999,,0.875,,,
3,194049,,0.5,,,
3,194099,,0.75,,,
3,194149,,0.75,,,
3,194199,,0.75,,,
3,194249,,0.75,,,
3,194299,,0.5,,,
3,194349,,0.625,,,
3,194399,,0.375,,,
3,194449,,0.875,,,
3,194499,,0.375,,,
3,194549,,0.625,,,
3,194599,,0.75,,,
3,194649,,0.625,,,
3,194699,,0.75,,,
3,194749,,0.875,,,
3,194799,,0.75,,,
3,194849,,0.625,,,
3,194899,,0.375,,,
3,194949,,1.0,,,
3,194999,,0.625,,,
3,195049,,0.75,,,
3,195099,,0.875,,,
3,195149,,0.875,,,
3,195199,,0.75,,,
3,195249,,0.75,,,
3,195299,,0.625,,,
3,195349,,0.375,,,
3,195399,,0.625,,,
3,195449,,1.0,,,
3,195499,,0.625,,,
3,195549,,1.0,,,
3,195599,,0.625,,,
3,195649,,0.875,,,
3,195699,,0.5,,,
3,195749,,0.75,,,
3,195799,,0.875,,,
3,195849,,0.75,,,
3,195899,,0.5,,,
3,195949,,0.875,,,
3,195999,,0.625,,,
3,196049,,0.75,,,
3,196099,,0.75,,,
3,196149,,0.625,,,
3,196199,,0.625,,,
3,196249,,0.75,,,
3,196299,,0.75,,,
3,196349,,0.875,,,
3,196399,,0.875,,,
3,196449,,0.625,,,
3,196499,,0.875,,,
3,196549,,0.75,,,
3,196599,,0.75,,,
3,196649,,0.75,,,
3,196699,,0.25,,,
3,196749,,0.875,,,
3,196799,,0.625,,,
3,196849,,0.75,,,
3,196899,,0.875,,,
3,196949,,0.75,,,
3,196999,,0.875,,,
3,197049,,0.75,,,
3,197099,,0.625,,,
3,197149,,0.625,,,
3,197199,,0.75,,,
3,197249,,0.75,,,
3,197299,,0.875,,,
3,197349,,0.5,,,
3,197399,,0.75,,,
3,197449,,0.875,,,
3,197499,,0.625,,,
3,197549,,0.75,,,
3,197599,,0.5,,,
3,197649,,0.875,,,
3,197699,,0.625,,,
3,197749,,0.875,,,
3,197799,,0.625,,,
3,197849,,0.75,,,
3,197899,,0.625,,,
3,197949,,0.625,,,
3,197999,,0.75,,,
3,198049,,1.0,,,
3,198099,,0.625,,,
3,198149,,0.625,,,
3,198199,,0.75,,,
3,198249,,0.75,,,
3,198299,,0.75,,,
3,198349,,0.75,,,
3,198399,,0.625,,,
3,198449,,0.625,,,
3,198499,,0.75,,,
3,198549,,0.75,,,
3,198599,,0.75,,,
3,198649,,0.625,,,
3,198699,,0.875,,,
3,198749,,0.625,,,
3,198799,,0.625,,,
3,198849,,0.25,,,
3,198899,,0.875,,,
3,198949,,0.625,,,
3,198999,,0.375,,,
3,199049,,0.875,,,
3,199099,,0.375,,,
3,199149,,0.5,,,
3,199199,,0.875,,,
3,199249,,0.75,,,
3,199299,,0.5,,,
3,199349,,0.625,,,
3,199399,,0.75,,,
3,199449,,0.5,,,
3,199499,,0.625,,,
3,199549,,0.625,,,
3,199599,,0.625,,,
3,199649,,0.5,,,
3,199699,,0.875,,,
3,199749,,0.625,,,
3,199799,,0.875,,,
3,199849,,0.875,,,
3,199899,,0.5,,,
3,199949,,0.5,,,
3,199999,,1.0,,,
3,200049,,0.75,,,
3,200099,,0.875,,,
3,200149,,0.5,,,
3,200199,,0.625,,,
3,200249,,0.625,,,
3,200299,,0.625,,,
3,200349,,0.625,,,
3,200399,,0.5,,,
3,200449,,0.75,,,
3,200499,,0.875,,,
3,200549,,0.75,,,
3,200599,,0.375,,,
3,200649,,0.625,,,
3,200699,,0.625,,,
3,200749,,1.0,,,
3,200799,,0.625,,,
3,200849,,0.625,,,
3,200899,,0.875,,,
3,200949,,0.625,,,
3,200999,,0.75,,,
3,201049,,0.625,,,
3,201099,,0.5,,,
3,201149,,0.625,,,
3,201199,,0.375,,,
3,201249,,0.625,,,
3,201299,,0.875,,,
3,201349,,0.5,,,
3,201399,,0.625,,,
3,201449,,1.0,,,
3,201499,,0.875,,,
3,201549,,0.625,,,
3,201599,,0.875,,,
3,201649,,0.5,,,
3,201699,,0.625,,,
3,201749,,1.0,,,
3,201799,,0.625,,,
3,201849,,0.5,,,
3,201899,,0.625,,,
3,201949,,0.625,,,
3,201999,,0.75,,,
3,202049,,0.875,,,
3,202099,,0.75,,,
3,202149,,0.75,,,
3,202199,,1.0,,,
3,202249,,0.375,,,
3,202299,,0.5,,,
3,202349,,0.625,,,
3,202399,,0.75,,,
3,202449,,0.75,,,
3,202499,,0.625,,,
3,202549,,0.625,,,
3,202599,,0.75,,,
3,202649,,0.375,,,
3,202699,,0.375,,,
3,202749,,0.625,,,
3,202799,,1.0,,,
3,202849,,0.625,,,
3,202899,,0.625,,,
3,202949,,0.75,,,
3,202999,,0.5,,,
3,203049,,0.875,,,
3,203099,,0.5,,,
3,203149,,0.75,,,
3,203199,,1.0,,,
3,203249,,1.0,,,
3,203299,,0.5,,,
3,203349,,0.875,,,
3,203399,,0.5,,,
3,203449,,0.75,,,
3,203499,,0.625,,,
3,203549,,0.5,,,
3,203599,,0.75,,,
3,203649,,1.0,,,
3,203699,,0.625,,,
3,203749,,0.5,,,
3,203799,,0.5,,,
3,203849,,0.625,,,
3,203899,,0.25,,,
3,203949,,0.625,,,
3,203999,,0.5,,,
3,204049,,0.75,,,
3,204099,,1.0,,,
3,204149,,0.75,,,
3,204199,,0.75,,,
3,204249,,0.75,,,
3,204299,,0.75,,,
3,204349,,0.75,,,
3,204399,,0.875,,,
3,204449,,0.75,,,
3,204499,,0.75,,,
3,204549,,0.75,,,
3,204599,,0.75,,,
3,204649,,0.625,,,
3,204699,,0.75,,,
3,204749,,0.375,,,
3,204799,,0.5,,,
3,204849,,0.75,,,
3,204899,,0.875,,,
3,204949,,0.625,,,
3,204999,,0.875,,,
3,205049,,1.0,,,
3,205099,,0.25,,,
3,205149,,1.0,,,
3,205199,,0.5,,,
3,205249,,0.5,,,
3,205299,,0.875,,,
3,205349,,0.75,,,
3,205399,,0.625,,,
3,205449,,0.75,,,
3,205499,,0.75,,,
3,205549,,0.75,,,
3,205599,,0.625,,,
3,205649,,0.625,,,
3,205699,,0.5,,,
3,205749,,0.625,,,
3,205799,,0.875,,,
3,205849,,0.875,,,
3,205899,,0.75,,,
3,205949,,0.875,,,
3,205999,,0.75,,,
3,206049,,0.875,,,
3,206099,,1.0,,,
3,206149,,0.75,,,
3,206199,,0.75,,,
3,206249,,0.75,,,
3,206299,,0.75,,,
3,206349,,0.625,,,
3,206399,,0.625,,,
3,206449,,0.625,,,
3,206499,,0.625,,,
3,206549,,0.625,,,
3,206599,,0.625,,,
3,206649,,0.875,,,
3,206699,,0.625,,,
3,206749,,0.625,,,
3,206799,,0.875,,,
3,206849,,0.75,,,
3,206899,,0.5,,,
3,206949,,0.875,,,
3,206999,,0.625,,,
3,207049,,0.75,,,
3,207099,,0.75,,,
3,207149,,0.625,,,
3,207199,,0.875,,,
3,207249,,0.75,,,
3,207299,,0.625,,,
3,207349,,0.875,,,
3,207399,,0.75,,,
3,207449,,0.75,,,
3,207499,,0.875,,,
3,207549,,0.75,,,
3,207599,,0.875,,,
3,207649,,0.5,,,
3,207699,,0.75,,,
3,207749,,0.75,,,
3,207799,,0.625,,,
3,207849,,0.625,,,
3,207899,,0.5,,,
3,207949,,0.875,,,
3,207999,,0.75,,,
3,208049,,0.5,,,
3,208099,,0.75,,,
3,208149,,0.75,,,
3,208199,,0.75,,,
3,208249,,1.0,,,
3,208299,,0.75,,,
3,208349,,1.0,,,
3,208399,,0.75,,,
3,208449,,0.5,,,
3,208499,,0.625,,,
3,208549,,0.875,,,
3,208599,,0.5,,,
3,208649,,0.75,,,
3,208699,,0.625,,,
3,208749,,0.75,,,
3,208799,,0.625,,,
3,208849,,0.625,,,
3,208899,,0.375,,,
3,208949,,0.875,,,
3,208999,,0.75,,,
3,209049,,0.75,,,
3,209099,,0.75,,,
3,209149,,1.0,,,
3,209199,,0.625,,,
3,209249,,0.25,,,
3,209299,,0.875,,,
3,209349,,0.875,,,
3,209399,,0.625,,,
3,209449,,0.875,,,
3,209499,,0.875,,,
3,209549,,0.625,,,
3,209599,,0.75,,,
3,209649,,0.75,,,
3,209699,,0.75,,,
3,209749,,0.625,,,
3,209799,,0.5,,,
3,209849,,0.5,,,
3,209899,,0.75,,,
3,209949,,0.75,,,
3,209999,,0.75,,,
3,210049,,0.625,,,
3,210099,,0.75,,,
3,210149,,0.75,,,
3,210199,,0.625,,,
3,210249,,0.625,,,
3,210299,,0.625,,,
3,210349,,0.875,,,
3,210399,,0.875,,,
3,210449,,0.75,,,
3,210499,,0.75,,,
3,210549,,0.625,,,
3,210599,,0.875,,,
3,210649,,0.5,,,
3,210699,,0.625,,,
3,210749,,0.625,,,
3,210799,,0.625,,,
3,210849,,0.75,,,
3,210899,,0.75,,,
3,210949,,0.5,,,
3,210999,,0.75,,,
3,211049,,0.625,,,
3,211099,,0.75,,,
3,211149,,0.625,,,
3,211199,,0.75,,,
3,211249,,0.625,,,
3,211299,,0.875,,,
3,211349,,0.625,,,
3,211399,,0.625,,,
3,211449,,0.5,,,
3,211499,,0.75,,,
3,211549,,0.5,,,
3,211599,,0.875,,,
3,211649,,0.75,,,
3,211699,,0.75,,,
3,211749,,0.625,,,
3,211799,,0.875,,,
3,211849,,0.875,,,
3,211899,,0.875,,,
3,211949,,0.625,,,
3,211999,,0.75,,,
3,212049,,0.75,,,
3,212099,,0.75,,,
3,212149,,0.875,,,
3,212199,,0.875,,,
3,212249,,0.875,,,
3,212299,,0.75,,,
3,212349,,0.75,,,
3,212399,,0.875,,,
3,212449,,0.625,,,
3,212499,,0.625,,,
3,212549,,0.75,,,
3,212599,,0.625,,,
3,212649,,1.0,,,
3,212699,,0.75,,,
3,212749,,0.625,,,
3,212799,,0.875,,,
3,212849,,0.875,,,
3,212899,,0.625,,,
3,212949,,0.75,,,
3,212999,,0.5,,,
3,213049,,0.75,,,
3,213099,,0.75,,,
3,213149,,1.0,,,
3,213199,,0.875,,,
3,213249,,0.625,,,
3,213299,,0.375,,,
3,213349,,0.625,,,
3,213399,,0.75,,,
3,213449,,0.5,,,
3,213499,,0.625,,,
3,213549,,0.625,,,
3,213599,,0.875,,,
3,213649,,0.625,,,
3,213699,,1.0,,,
3,213749,,0.875,,,
3,213799,,0.625,,,
3,213849,,0.75,,,
3,213899,,0.75,,,
3,213949,,1.0,,,
3,213999,,0.625,,,
3,214049,,0.5,,,
3,214099,,0.625,,,
3,214149,,0.875,,,
3,214199,,0.625,,,
3,214249,,0.875,,,
3,214299,,0.5,,,
3,214349,,0.375,,,
3,214399,,0.875,,,
3,214449,,0.375,,,
3,214499,,1.0,,,
3,214549,,0.875,,,
3,214599,,0.875,,,
3,214649,,1.0,,,
3,214699,,0.75,,,
3,214749,,0.75,,,
3,214799,,0.625,,,
3,214849,,0.75,,,
3,214899,,0.5,,,
3,214949,,0.875,,,
3,214999,,0.625,,,
3,215049,,0.375,,,
3,215099,,0.5,,,
3,215149,,0.5,,,
3,215199,,0.75,,,
3,215249,,0.75,,,
3,215299,,0.5,,,
3,215349,,1.0,,,
3,215399,,0.875,,,
3,215449,,0.875,,,
3,215499,,0.5,,,
3,215549,,0.875,,,
3,215599,,0.625,,,
3,215649,,0.875,,,
3,215699,,0.625,,,
3,215749,,0.875,,,
3,215799,,0.625,,,
3,215849,,0.75,,,
3,215899,,0.375,,,
3,215949,,0.625,,,
3,215999,,0.625,,,
3,216049,,0.75,,,
3,216099,,0.5,,,
3,216149,,0.75,,,
3,216199,,1.0,,,
3,216249,,0.75,,,
3,216299,,0.625,,,
3,216349,,0.625,,,
3,216399,,0.875,,,
3,216449,,0.875,,,
3,216499,,0.75,,,
3,216549,,0.75,,,
3,216599,,0.75,,,
3,216649,,0.875,,,
3,216699,,1.0,,,
3,216749,,0.75,,,
3,216799,,0.5,,,
3,216849,,1.0,,,
3,216899,,0.5,,,
3,216949,,0.625,,,
3,216999,,0.625,,,
3,217049,,0.625,,,
3,217099,,0.875,,,
3,217149,,0.75,,,
3,217199,,0.875,,,
3,217249,,0.875,,,
3,217299,,0.625,,,
3,217349,,0.5,,,
3,217399,,0.625,,,
3,217449,,0.375,,,
3,217499,,0.875,,,
3,217549,,0.5,,,
3,217599,,0.75,,,
3,217649,,0.5,,,
3,217699,,0.875,,,
3,217749,,0.875,,,
3,217799,,0.75,,,
3,217849,,0.75,,,
3,217899,,0.75,,,
3,217949,,0.875,,,
3,217999,,0.75,,,
3,218049,,0.625,,,
3,218099,,0.875,,,
3,218149,,0.75,,,
3,218199,,0.75,,,
3,218249,,0.625,,,
3,218299,,0.375,,,
3,218349,,0.875,,,
3,218399,,0.75,,,
3,218449,,0.625,,,
3,218499,,0.5,,,
3,218549,,0.75,,,
3,218599,,0.625,,,
3,218649,,0.875,,,
3,218699,,1.0,,,
3,218749,,0.5,,,
3,218799,,0.875,,,
3,218849,,0.625,,,
3,218899,,0.625,,,
3,218949,,0.625,,,
3,218999,,0.75,,,
3,219049,,0.75,,,
3,219099,,0.5,,,
3,219149,,0.375,,,
3,219199,,0.375,,,
3,219249,,0.75,,,
3,219299,,0.875,,,
3,219349,,0.625,,,
3,219399,,0.75,,,
3,219449,,0.5,,,
3,219499,,0.5,,,
3,219549,,0.625,,,
3,219599,,0.625,,,
3,219649,,0.75,,,
3,219699,,0.75,,,
3,219749,,0.75,,,
3,219799,,0.5,,,
3,219849,,0.625,,,
3,219899,,0.625,,,
3,219949,,0.875,,,
3,219999,,0.875,,,
3,220049,,0.75,,,
3,220099,,0.5,,,
3,220149,,1.0,,,
3,220199,,0.625,,,
3,220249,,0.5,,,
3,220299,,0.875,,,
3,220349,,0.75,,,
3,220399,,0.875,,,
3,220449,,0.75,,,
3,220499,,0.75,,,
3,220549,,0.625,,,
3,220599,,0.75,,,
3,220649,,0.625,,,
3,220699,,0.875,,,
3,220749,,0.75,,,
3,220799,,0.625,,,
3,220849,,0.75,,,
3,220899,,0.75,,,
3,220949,,0.625,,,
3,220999,,1.0,,,
3,221049,,0.875,,,
3,221099,,0.875,,,
3,221149,,0.875,,,
3,221199,,0.375,,,
3,221249,,0.75,,,
3,221299,,0.75,,,
3,221349,,0.625,,,
3,221399,,0.75,,,
3,221449,,0.625,,,
3,221499,,0.25,,,
3,221549,,0.625,,,
3,221599,,0.75,,,
3,221649,,0.375,,,
3,221699,,0.75,,,
3,221749,,0.75,,,
3,221799,,0.5,,,
3,221849,,0.75,,,
3,221899,,0.75,,,
3,221949,,0.5,,,
3,221999,,0.375,,,
3,222049,,0.625,,,
3,222099,,0.75,,,
3,222149,,0.75,,,
3,222199,,0.75,,,
3,222249,,0.625,,,
3,222299,,0.875,,,
3,222349,,1.0,,,
3,222399,,0.75,,,
3,222449,,0.5,,,
3,222499,,0.625,,,
3,222549,,0.625,,,
3,222599,,0.5,,,
3,222649,,0.625,,,
3,222699,,0.75,,,
3,222749,,1.0,,,
3,222799,,0.375,,,
3,222849,,0.375,,,
3,222899,,0.875,,,
3,222949,,0.625,,,
3,222999,,0.875,,,
3,223049,,1.0,,,
3,223099,,0.625,,,
3,223149,,0.625,,,
3,223199,,0.75,,,
3,223249,,0.875,,,
3,223299,,0.75,,,
3,223349,,0.625,,,
3,223399,,0.5,,,
3,223449,,0.75,,,
3,223499,,0.875,,,
3,223549,,0.625,,,
3,223599,,0.875,,,
3,223649,,0.625,,,
3,223699,,0.375,,,
3,223749,,0.75,,,
3,223799,,0.75,,,
3,223849,,0.5,,,
3,223899,,0.625,,,
3,223949,,0.625,,,
3,223999,,0.375,,,
3,224049,,0.75,,,
3,224099,,0.875,,,
3,224149,,0.875,,,
3,224199,,0.75,,,
3,224249,,0.75,,,
3,224299,,1.0,,,
3,224349,,0.875,,,
3,224399,,0.375,,,
3,224449,,0.875,,,
3,224499,,0.5,,,
3,224549,,0.625,,,
3,224599,,0.5,,,
3,224649,,0.5,,,
3,224699,,0.625,,,
3,224749,,0.75,,,
3,224799,,0.75,,,
3,224849,,0.875,,,
3,224899,,0.75,,,
3,224949,,1.0,,,
3,224999,,0.625,,,
3,225049,,0.625,,,
3,225099,,0.625,,,
3,225149,,0.875,,,
3,225199,,1.0,,,
3,225249,,0.875,,,
3,225299,,0.75,,,
3,225349,,0.375,,,
3,225399,,0.625,,,
3,225449,,0.625,,,
3,225499,,0.25,,,
3,225549,,0.5,,,
3,225599,,0.5,,,
3,225649,,0.875,,,
3,225699,,0.5,,,
3,225749,,0.5,,,
3,225799,,0.625,,,
3,225849,,0.75,,,
3,225899,,0.5,,,
3,225949,,0.75,,,
3,225999,,0.875,,,
3,226049,,0.75,,,
3,226099,,0.75,,,
3,226149,,0.875,,,
3,226199,,0.25,,,
3,226249,,0.625,,,
3,226299,,0.75,,,
3,226349,,0.375,,,
3,226399,,0.75,,,
3,226449,,0.75,,,
3,226499,,0.625,,,
3,226549,,0.75,,,
3,226599,,0.75,,,
3,226649,,0.625,,,
3,226699,,0.375,,,
3,226749,,0.625,,,
3,226799,,0.625,,,
3,226849,,0.75,,,
3,226899,,0.75,,,
3,226949,,1.0,,,
3,226999,,0.5,,,
3,227049,,0.625,,,
3,227099,,0.625,,,
3,227149,,0.375,,,
3,227199,,0.625,,,
3,227249,,0.625,,,
3,227299,,0.125,,,
3,227349,,0.875,,,
3,227399,,0.875,,,
3,227449,,0.625,,,
3,227499,,0.875,,,
3,227549,,0.625,,,
3,227599,,0.625,,,
3,227649,,0.375,,,
3,227699,,0.75,,,
3,227749,,0.875,,,
3,227799,,0.625,,,
3,227849,,0.75,,,
3,227899,,0.875,,,
3,227949,,0.875,,,
3,227999,,0.5,,,
3,228049,,0.5,,,
3,228099,,1.0,,,
3,228149,,1.0,,,
3,228199,,0.875,,,
3,228249,,0.625,,,
3,228299,,0.5,,,
3,228349,,0.625,,,
3,228399,,0.375,,,
3,228449,,0.75,,,
3,228499,,0.75,,,
3,228549,,0.5,,,
3,228599,,0.75,,,
3,228649,,0.75,,,
3,228699,,0.75,,,
3,228749,,0.875,,,
3,228799,,0.625,,,
3,228849,,0.5,,,
3,228899,,0.75,,,
3,228949,,0.5,,,
3,228999,,0.75,,,
3,229049,,0.875,,,
3,229099,,0.75,,,
3,229149,,0.625,,,
3,229199,,0.5,,,
3,229249,,0.875,,,
3,229299,,0.75,,,
3,229349,,0.625,,,
3,229399,,0.625,,,
3,229449,,0.625,,,
3,229499,,0.5,,,
3,229549,,0.125,,,
3,229599,,0.75,,,
3,229649,,0.625,,,
3,229699,,0.625,,,
3,229749,,0.75,,,
3,229799,,0.75,,,
3,229849,,0.75,,,
3,229895,,,,0.07088422775268555,nan
3,229895,0.7033767700195312,,0.717404842376709,,
4,229899,,0.75,,,
4,229949,,0.875,,,
4,229999,,0.875,,,
4,230049,,0.75,,,
4,230099,,0.75,,,
4,230149,,0.625,,,
4,230199,,0.875,,,
4,230249,,0.875,,,
4,230299,,0.75,,,
4,230349,,0.75,,,
4,230399,,0.75,,,
4,230449,,0.375,,,
4,230499,,0.75,,,
4,230549,,0.625,,,
4,230599,,0.625,,,
4,230649,,0.625,,,
4,230699,,0.75,,,
4,230749,,0.625,,,
4,230799,,0.75,,,
4,230849,,0.75,,,
4,230899,,0.875,,,
4,230949,,0.625,,,
4,230999,,0.5,,,
4,231049,,1.0,,,
4,231099,,0.625,,,
4,231149,,0.75,,,
4,231199,,0.5,,,
4,231249,,0.875,,,
4,231299,,1.0,,,
4,231349,,0.75,,,
4,231399,,0.75,,,
4,231449,,0.75,,,
4,231499,,1.0,,,
4,231549,,0.625,,,
4,231599,,0.375,,,
4,231649,,0.75,,,
4,231699,,0.875,,,
4,231749,,0.75,,,
4,231799,,0.375,,,
4,231849,,0.75,,,
4,231899,,0.625,,,
4,231949,,0.75,,,
4,231999,,0.75,,,
4,232049,,0.75,,,
4,232099,,0.625,,,
4,232149,,0.75,,,
4,232199,,0.75,,,
4,232249,,0.875,,,
4,232299,,0.75,,,
4,232349,,0.625,,,
4,232399,,0.875,,,
4,232449,,0.375,,,
4,232499,,0.75,,,
4,232549,,0.5,,,
4,232599,,0.75,,,
4,232649,,0.875,,,
4,232699,,0.75,,,
4,232749,,0.625,,,
4,232799,,0.75,,,
4,232849,,0.625,,,
4,232899,,0.625,,,
4,232949,,0.5,,,
4,232999,,0.875,,,
4,233049,,0.625,,,
4,233099,,0.75,,,
4,233149,,0.75,,,
4,233199,,0.875,,,
4,233249,,0.75,,,
4,233299,,0.75,,,
4,233349,,0.875,,,
4,233399,,0.875,,,
4,233449,,0.5,,,
4,233499,,0.75,,,
4,233549,,0.75,,,
4,233599,,0.625,,,
4,233649,,1.0,,,
4,233699,,0.875,,,
4,233749,,0.875,,,
4,233799,,0.75,,,
4,233849,,0.625,,,
4,233899,,0.5,,,
4,233949,,0.75,,,
4,233999,,0.625,,,
4,234049,,0.625,,,
4,234099,,0.875,,,
4,234149,,0.375,,,
4,234199,,0.875,,,
4,234249,,0.625,,,
4,234299,,0.875,,,
4,234349,,0.75,,,
4,234399,,0.625,,,
4,234449,,0.375,,,
4,234499,,0.625,,,
4,234549,,0.875,,,
4,234599,,0.625,,,
4,234649,,0.25,,,
4,234699,,0.375,,,
4,234749,,0.625,,,
4,234799,,0.875,,,
4,234849,,0.75,,,
4,234899,,0.625,,,
4,234949,,0.375,,,
4,234999,,0.75,,,
4,235049,,0.75,,,
4,235099,,0.75,,,
4,235149,,0.75,,,
4,235199,,0.375,,,
4,235249,,0.75,,,
4,235299,,0.875,,,
4,235349,,0.625,,,
4,235399,,0.75,,,
4,235449,,0.875,,,
4,235499,,0.625,,,
4,235549,,0.75,,,
4,235599,,0.75,,,
4,235649,,0.5,,,
4,235699,,0.625,,,
4,235749,,0.375,,,
4,235799,,0.875,,,
4,235849,,0.875,,,
4,235899,,0.75,,,
4,235949,,0.75,,,
4,235999,,0.75,,,
4,236049,,0.75,,,
4,236099,,0.75,,,
4,236149,,0.625,,,
4,236199,,0.875,,,
4,236249,,0.75,,,
4,236299,,0.625,,,
4,236349,,0.5,,,
4,236399,,0.875,,,
4,236449,,0.875,,,
4,236499,,0.625,,,
4,236549,,0.625,,,
4,236599,,0.5,,,
4,236649,,0.875,,,
4,236699,,0.75,,,
4,236749,,0.5,,,
4,236799,,0.75,,,
4,236849,,0.375,,,
4,236899,,0.625,,,
4,236949,,0.5,,,
4,236999,,0.625,,,
4,237049,,0.875,,,
4,237099,,1.0,,,
4,237149,,0.625,,,
4,237199,,0.625,,,
4,237249,,0.875,,,
4,237299,,1.0,,,
4,237349,,0.25,,,
4,237399,,1.0,,,
4,237449,,0.75,,,
4,237499,,0.875,,,
4,237549,,0.625,,,
4,237599,,0.625,,,
4,237649,,0.75,,,
4,237699,,0.75,,,
4,237749,,0.625,,,
4,237799,,0.875,,,
4,237849,,0.625,,,
4,237899,,0.625,,,
4,237949,,1.0,,,
4,237999,,0.625,,,
4,238049,,0.75,,,
4,238099,,0.625,,,
4,238149,,0.75,,,
4,238199,,0.75,,,
4,238249,,0.625,,,
4,238299,,0.75,,,
4,238349,,0.5,,,
4,238399,,0.75,,,
4,238449,,1.0,,,
4,238499,,0.625,,,
4,238549,,0.75,,,
4,238599,,1.0,,,
4,238649,,1.0,,,
4,238699,,0.5,,,
4,238749,,0.625,,,
4,238799,,1.0,,,
4,238849,,0.625,,,
4,238899,,0.75,,,
4,238949,,0.5,,,
4,238999,,0.5,,,
4,239049,,0.5,,,
4,239099,,0.75,,,
4,239149,,0.875,,,
4,239199,,0.75,,,
4,239249,,0.625,,,
4,239299,,0.625,,,
4,239349,,0.5,,,
4,239399,,0.75,,,
4,239449,,0.5,,,
4,239499,,0.5,,,
4,239549,,0.875,,,
4,239599,,0.875,,,
4,239649,,0.625,,,
4,239699,,0.375,,,
4,239749,,0.625,,,
4,239799,,0.625,,,
4,239849,,0.875,,,
4,239899,,0.875,,,
4,239949,,0.5,,,
4,239999,,0.75,,,
4,240049,,0.625,,,
4,240099,,0.625,,,
4,240149,,0.75,,,
4,240199,,0.875,,,
4,240249,,0.625,,,
4,240299,,0.625,,,
4,240349,,0.625,,,
4,240399,,0.75,,,
4,240449,,0.375,,,
4,240499,,0.875,,,
4,240549,,0.625,,,
4,240599,,1.0,,,
4,240649,,0.5,,,
4,240699,,0.75,,,
4,240749,,0.875,,,
4,240799,,0.75,,,
4,240849,,0.875,,,
4,240899,,0.625,,,
4,240949,,0.875,,,
4,240999,,0.5,,,
4,241049,,0.5,,,
4,241099,,1.0,,,
4,241149,,0.75,,,
4,241199,,0.625,,,
4,241249,,0.875,,,
4,241299,,0.5,,,
4,241349,,0.375,,,
4,241399,,0.875,,,
4,241449,,0.5,,,
4,241499,,0.75,,,
4,241549,,0.75,,,
4,241599,,1.0,,,
4,241649,,0.875,,,
4,241699,,0.75,,,
4,241749,,0.875,,,
4,241799,,0.75,,,
4,241849,,0.5,,,
4,241899,,0.375,,,
4,241949,,0.875,,,
4,241999,,0.625,,,
4,242049,,1.0,,,
4,242099,,0.625,,,
4,242149,,0.75,,,
4,242199,,1.0,,,
4,242249,,0.625,,,
4,242299,,0.25,,,
4,242349,,0.625,,,
4,242399,,1.0,,,
4,242449,,0.75,,,
4,242499,,0.875,,,
4,242549,,0.625,,,
4,242599,,0.875,,,
4,242649,,0.625,,,
4,242699,,0.625,,,
4,242749,,0.75,,,
4,242799,,0.875,,,
4,242849,,0.625,,,
4,242899,,0.5,,,
4,242949,,1.0,,,
4,242999,,0.625,,,
4,243049,,0.5,,,
4,243099,,0.625,,,
4,243149,,0.875,,,
4,243199,,0.875,,,
4,243249,,0.875,,,
4,243299,,0.875,,,
4,243349,,0.75,,,
4,243399,,0.875,,,
4,243449,,0.875,,,
4,243499,,0.5,,,
4,243549,,0.75,,,
4,243599,,1.0,,,
4,243649,,0.75,,,
4,243699,,0.75,,,
4,243749,,1.0,,,
4,243799,,0.625,,,
4,243849,,0.625,,,
4,243899,,0.75,,,
4,243949,,0.75,,,
4,243999,,0.75,,,
4,244049,,0.375,,,
4,244099,,0.625,,,
4,244149,,0.375,,,
4,244199,,0.625,,,
4,244249,,0.75,,,
4,244299,,0.5,,,
4,244349,,0.875,,,
4,244399,,0.75,,,
4,244449,,1.0,,,
4,244499,,1.0,,,
4,244549,,0.625,,,
4,244599,,1.0,,,
4,244649,,0.75,,,
4,244699,,0.875,,,
4,244749,,0.375,,,
4,244799,,0.75,,,
4,244849,,0.875,,,
4,244899,,1.0,,,
4,244949,,0.875,,,
4,244999,,0.75,,,
4,245049,,0.75,,,
4,245099,,0.75,,,
4,245149,,0.5,,,
4,245199,,0.875,,,
4,245249,,0.75,,,
4,245299,,0.625,,,
4,245349,,0.375,,,
4,245399,,0.625,,,
4,245449,,0.5,,,
4,245499,,1.0,,,
4,245549,,0.75,,,
4,245599,,0.75,,,
4,245649,,0.5,,,
4,245699,,0.75,,,
4,245749,,0.875,,,
4,245799,,0.875,,,
4,245849,,0.625,,,
4,245899,,0.5,,,
4,245949,,0.375,,,
4,245999,,0.625,,,
4,246049,,0.5,,,
4,246099,,0.75,,,
4,246149,,0.75,,,
4,246199,,0.625,,,
4,246249,,0.875,,,
4,246299,,0.5,,,
4,246349,,0.875,,,
4,246399,,0.75,,,
4,246449,,0.625,,,
4,246499,,0.625,,,
4,246549,,0.875,,,
4,246599,,0.875,,,
4,246649,,0.5,,,
4,246699,,0.875,,,
4,246749,,0.375,,,
4,246799,,0.5,,,
4,246849,,0.875,,,
4,246899,,0.75,,,
4,246949,,1.0,,,
4,246999,,0.625,,,
4,247049,,0.5,,,
4,247099,,0.625,,,
4,247149,,0.5,,,
4,247199,,0.875,,,
4,247249,,0.5,,,
4,247299,,0.75,,,
4,247349,,0.5,,,
4,247399,,0.75,,,
4,247449,,0.875,,,
4,247499,,0.625,,,
4,247549,,0.75,,,
4,247599,,0.625,,,
4,247649,,0.625,,,
4,247699,,1.0,,,
4,247749,,0.75,,,
4,247799,,0.625,,,
4,247849,,0.625,,,
4,247899,,0.75,,,
4,247949,,0.875,,,
4,247999,,0.75,,,
4,248049,,0.75,,,
4,248099,,0.625,,,
4,248149,,0.375,,,
4,248199,,0.375,,,
4,248249,,0.75,,,
4,248299,,0.625,,,
4,248349,,1.0,,,
4,248399,,0.5,,,
4,248449,,0.625,,,
4,248499,,0.5,,,
4,248549,,0.375,,,
4,248599,,1.0,,,
4,248649,,0.875,,,
4,248699,,0.875,,,
4,248749,,0.875,,,
4,248799,,0.625,,,
4,248849,,0.875,,,
4,248899,,0.75,,,
4,248949,,0.75,,,
4,248999,,0.875,,,
4,249049,,0.5,,,
4,249099,,0.875,,,
4,249149,,0.375,,,
4,249199,,0.625,,,
4,249249,,0.75,,,
4,249299,,0.5,,,
4,249349,,0.625,,,
4,249399,,0.625,,,
4,249449,,0.625,,,
4,249499,,0.625,,,
4,249549,,0.75,,,
4,249599,,0.625,,,
4,249649,,0.625,,,
4,249699,,0.875,,,
4,249749,,1.0,,,
4,249799,,1.0,,,
4,249849,,0.875,,,
4,249899,,0.625,,,
4,249949,,0.75,,,
4,249999,,0.375,,,
4,250049,,0.625,,,
4,250099,,0.625,,,
4,250149,,0.625,,,
4,250199,,0.75,,,
4,250249,,0.75,,,
4,250299,,0.875,,,
4,250349,,0.375,,,
4,250399,,0.75,,,
4,250449,,0.75,,,
4,250499,,0.75,,,
4,250549,,0.5,,,
4,250599,,0.625,,,
4,250649,,0.5,,,
4,250699,,1.0,,,
4,250749,,0.75,,,
4,250799,,0.625,,,
4,250849,,0.875,,,
4,250899,,0.875,,,
4,250949,,0.625,,,
4,250999,,0.875,,,
4,251049,,0.75,,,
4,251099,,0.5,,,
4,251149,,0.875,,,
4,251199,,0.875,,,
4,251249,,0.625,,,
4,251299,,0.5,,,
4,251349,,0.875,,,
4,251399,,0.625,,,
4,251449,,0.75,,,
4,251499,,0.875,,,
4,251549,,0.625,,,
4,251599,,0.75,,,
4,251649,,0.625,,,
4,251699,,0.625,,,
4,251749,,0.75,,,
4,251799,,0.75,,,
4,251849,,0.75,,,
4,251899,,0.75,,,
4,251949,,0.75,,,
4,251999,,0.75,,,
4,252049,,0.75,,,
4,252099,,0.75,,,
4,252149,,0.875,,,
4,252199,,0.75,,,
4,252249,,0.375,,,
4,252299,,0.625,,,
4,252349,,0.875,,,
4,252399,,0.625,,,
4,252449,,0.625,,,
4,252499,,0.75,,,
4,252549,,0.5,,,
4,252599,,0.375,,,
4,252649,,0.875,,,
4,252699,,0.5,,,
4,252749,,0.625,,,
4,252799,,0.875,,,
4,252849,,0.75,,,
4,252899,,0.75,,,
4,252949,,0.75,,,
4,252999,,0.625,,,
4,253049,,0.5,,,
4,253099,,0.625,,,
4,253149,,0.875,,,
4,253199,,0.625,,,
4,253249,,0.625,,,
4,253299,,0.625,,,
4,253349,,0.875,,,
4,253399,,0.625,,,
4,253449,,0.75,,,
4,253499,,0.75,,,
4,253549,,0.75,,,
4,253599,,0.625,,,
4,253649,,0.875,,,
4,253699,,0.625,,,
4,253749,,0.5,,,
4,253799,,1.0,,,
4,253849,,0.375,,,
4,253899,,0.75,,,
4,253949,,0.75,,,
4,253999,,0.75,,,
4,254049,,0.625,,,
4,254099,,0.625,,,
4,254149,,0.875,,,
4,254199,,0.75,,,
4,254249,,0.75,,,
4,254299,,0.75,,,
4,254349,,0.375,,,
4,254399,,0.75,,,
4,254449,,0.75,,,
4,254499,,0.625,,,
4,254549,,0.875,,,
4,254599,,0.5,,,
4,254649,,1.0,,,
4,254699,,0.75,,,
4,254749,,0.625,,,
4,254799,,0.625,,,
4,254849,,0.75,,,
4,254899,,0.75,,,
4,254949,,0.75,,,
4,254999,,1.0,,,
4,255049,,0.625,,,
4,255099,,0.25,,,
4,255149,,0.875,,,
4,255199,,0.75,,,
4,255249,,0.625,,,
4,255299,,0.625,,,
4,255349,,1.0,,,
4,255399,,0.75,,,
4,255449,,1.0,,,
4,255499,,0.625,,,
4,255549,,0.875,,,
4,255599,,0.875,,,
4,255649,,0.75,,,
4,255699,,0.75,,,
4,255749,,0.875,,,
4,255799,,0.875,,,
4,255849,,0.875,,,
4,255899,,0.75,,,
4,255949,,0.875,,,
4,255999,,0.75,,,
4,256049,,0.75,,,
4,256099,,0.75,,,
4,256149,,0.75,,,
4,256199,,0.625,,,
4,256249,,0.75,,,
4,256299,,0.75,,,
4,256349,,0.75,,,
4,256399,,0.75,,,
4,256449,,0.75,,,
4,256499,,0.875,,,
4,256549,,0.75,,,
4,256599,,0.5,,,
4,256649,,0.75,,,
4,256699,,0.75,,,
4,256749,,0.75,,,
4,256799,,0.875,,,
4,256849,,0.625,,,
4,256899,,0.375,,,
4,256949,,0.625,,,
4,256999,,0.75,,,
4,257049,,0.625,,,
4,257099,,0.5,,,
4,257149,,0.875,,,
4,257199,,0.75,,,
4,257249,,1.0,,,
4,257299,,1.0,,,
4,257349,,0.875,,,
4,257399,,0.625,,,
4,257449,,0.625,,,
4,257499,,0.5,,,
4,257549,,0.5,,,
4,257599,,1.0,,,
4,257649,,0.625,,,
4,257699,,0.25,,,
4,257749,,0.625,,,
4,257799,,0.625,,,
4,257849,,0.625,,,
4,257899,,0.75,,,
4,257949,,0.875,,,
4,257999,,0.5,,,
4,258049,,0.625,,,
4,258099,,0.625,,,
4,258149,,0.625,,,
4,258199,,0.5,,,
4,258249,,0.75,,,
4,258299,,1.0,,,
4,258349,,0.625,,,
4,258399,,1.0,,,
4,258449,,0.875,,,
4,258499,,0.5,,,
4,258549,,0.625,,,
4,258599,,1.0,,,
4,258649,,0.75,,,
4,258699,,0.75,,,
4,258749,,0.5,,,
4,258799,,0.875,,,
4,258849,,0.875,,,
4,258899,,1.0,,,
4,258949,,0.875,,,
4,258999,,0.75,,,
4,259049,,0.875,,,
4,259099,,0.75,,,
4,259149,,0.625,,,
4,259199,,0.625,,,
4,259249,,0.75,,,
4,259299,,0.625,,,
4,259349,,0.75,,,
4,259399,,0.75,,,
4,259449,,0.875,,,
4,259499,,0.5,,,
4,259549,,0.875,,,
4,259599,,0.75,,,
4,259649,,0.125,,,
4,259699,,0.875,,,
4,259749,,0.875,,,
4,259799,,0.625,,,
4,259849,,1.0,,,
4,259899,,0.875,,,
4,259949,,0.75,,,
4,259999,,0.875,,,
4,260049,,0.875,,,
4,260099,,0.625,,,
4,260149,,0.5,,,
4,260199,,1.0,,,
4,260249,,0.875,,,
4,260299,,0.375,,,
4,260349,,1.0,,,
4,260399,,1.0,,,
4,260449,,0.375,,,
4,260499,,0.75,,,
4,260549,,0.375,,,
4,260599,,0.875,,,
4,260649,,0.625,,,
4,260699,,0.5,,,
4,260749,,0.375,,,
4,260799,,0.75,,,
4,260849,,0.75,,,
4,260899,,0.625,,,
4,260949,,0.75,,,
4,260999,,0.625,,,
4,261049,,0.625,,,
4,261099,,0.625,,,
4,261149,,0.625,,,
4,261199,,0.75,,,
4,261249,,0.875,,,
4,261299,,0.625,,,
4,261349,,0.5,,,
4,261399,,1.0,,,
4,261449,,1.0,,,
4,261499,,0.625,,,
4,261549,,0.875,,,
4,261599,,0.75,,,
4,261649,,0.5,,,
4,261699,,0.875,,,
4,261749,,0.875,,,
4,261799,,0.875,,,
4,261849,,0.5,,,
4,261899,,0.625,,,
4,261949,,0.625,,,
4,261999,,0.625,,,
4,262049,,0.375,,,
4,262099,,0.625,,,
4,262149,,0.875,,,
4,262199,,0.75,,,
4,262249,,0.5,,,
4,262299,,0.5,,,
4,262349,,0.625,,,
4,262399,,0.625,,,
4,262449,,0.875,,,
4,262499,,0.5,,,
4,262549,,0.75,,,
4,262599,,0.75,,,
4,262649,,0.625,,,
4,262699,,0.375,,,
4,262749,,0.75,,,
4,262799,,0.875,,,
4,262849,,0.625,,,
4,262899,,0.5,,,
4,262949,,0.75,,,
4,262999,,0.625,,,
4,263049,,0.625,,,
4,263099,,0.75,,,
4,263149,,0.75,,,
4,263199,,0.625,,,
4,263249,,0.625,,,
4,263299,,0.75,,,
4,263349,,0.375,,,
4,263399,,0.625,,,
4,263449,,0.75,,,
4,263499,,0.875,,,
4,263549,,0.625,,,
4,263599,,0.5,,,
4,263649,,0.625,,,
4,263699,,0.375,,,
4,263749,,0.75,,,
4,263799,,0.875,,,
4,263849,,0.875,,,
4,263899,,0.75,,,
4,263949,,0.875,,,
4,263999,,0.875,,,
4,264049,,0.625,,,
4,264099,,0.625,,,
4,264149,,0.625,,,
4,264199,,0.75,,,
4,264249,,0.625,,,
4,264299,,1.0,,,
4,264349,,0.5,,,
4,264399,,0.5,,,
4,264449,,0.875,,,
4,264499,,0.75,,,
4,264549,,0.5,,,
4,264599,,0.75,,,
4,264649,,0.625,,,
4,264699,,0.875,,,
4,264749,,0.5,,,
4,264799,,0.5,,,
4,264849,,0.75,,,
4,264899,,0.625,,,
4,264949,,1.0,,,
4,264999,,0.5,,,
4,265049,,1.0,,,
4,265099,,0.375,,,
4,265149,,0.75,,,
4,265199,,0.625,,,
4,265249,,0.75,,,
4,265299,,0.625,,,
4,265349,,0.875,,,
4,265399,,0.875,,,
4,265449,,0.625,,,
4,265499,,0.75,,,
4,265549,,0.75,,,
4,265599,,0.875,,,
4,265649,,0.625,,,
4,265699,,0.5,,,
4,265749,,0.5,,,
4,265799,,0.625,,,
4,265849,,0.5,,,
4,265899,,0.5,,,
4,265949,,0.625,,,
4,265999,,0.75,,,
4,266049,,0.375,,,
4,266099,,0.625,,,
4,266149,,0.75,,,
4,266199,,0.875,,,
4,266249,,0.75,,,
4,266299,,0.625,,,
4,266349,,0.5,,,
4,266399,,0.875,,,
4,266449,,0.375,,,
4,266499,,0.75,,,
4,266549,,0.5,,,
4,266599,,0.375,,,
4,266649,,0.75,,,
4,266699,,0.75,,,
4,266749,,0.75,,,
4,266799,,0.75,,,
4,266849,,0.5,,,
4,266899,,0.625,,,
4,266949,,0.875,,,
4,266999,,0.75,,,
4,267049,,0.5,,,
4,267099,,0.875,,,
4,267149,,1.0,,,
4,267199,,0.75,,,
4,267249,,0.875,,,
4,267299,,0.75,,,
4,267349,,0.75,,,
4,267399,,0.625,,,
4,267449,,1.0,,,
4,267499,,0.75,,,
4,267549,,1.0,,,
4,267599,,0.375,,,
4,267649,,0.75,,,
4,267699,,1.0,,,
4,267749,,0.875,,,
4,267799,,0.875,,,
4,267849,,0.75,,,
4,267899,,0.625,,,
4,267949,,0.5,,,
4,267999,,0.875,,,
4,268049,,0.625,,,
4,268099,,0.875,,,
4,268149,,0.75,,,
4,268199,,0.875,,,
4,268249,,1.0,,,
4,268299,,1.0,,,
4,268349,,0.625,,,
4,268399,,0.875,,,
4,268449,,0.875,,,
4,268499,,0.75,,,
4,268549,,0.875,,,
4,268599,,0.625,,,
4,268649,,0.75,,,
4,268699,,0.625,,,
4,268749,,0.875,,,
4,268799,,0.75,,,
4,268849,,0.75,,,
4,268899,,0.25,,,
4,268949,,0.875,,,
4,268999,,0.625,,,
4,269049,,0.375,,,
4,269099,,0.75,,,
4,269149,,0.75,,,
4,269199,,0.75,,,
4,269249,,0.375,,,
4,269299,,1.0,,,
4,269349,,0.625,,,
4,269399,,0.5,,,
4,269449,,0.5,,,
4,269499,,0.625,,,
4,269549,,0.875,,,
4,269599,,0.875,,,
4,269649,,0.75,,,
4,269699,,0.5,,,
4,269749,,0.75,,,
4,269799,,0.5,,,
4,269849,,0.625,,,
4,269899,,0.625,,,
4,269949,,0.5,,,
4,269999,,0.5,,,
4,270049,,0.5,,,
4,270099,,0.75,,,
4,270149,,0.75,,,
4,270199,,0.875,,,
4,270249,,0.875,,,
4,270299,,0.5,,,
4,270349,,0.625,,,
4,270399,,0.875,,,
4,270449,,0.625,,,
4,270499,,0.75,,,
4,270549,,0.5,,,
4,270599,,0.75,,,
4,270649,,0.625,,,
4,270699,,0.75,,,
4,270749,,0.625,,,
4,270799,,0.625,,,
4,270849,,0.875,,,
4,270899,,0.625,,,
4,270949,,0.75,,,
4,270999,,0.625,,,
4,271049,,0.875,,,
4,271099,,0.5,,,
4,271149,,0.875,,,
4,271199,,0.875,,,
4,271249,,0.625,,,
4,271299,,0.625,,,
4,271349,,0.75,,,
4,271399,,0.5,,,
4,271449,,0.75,,,
4,271499,,0.625,,,
4,271549,,0.75,,,
4,271599,,0.375,,,
4,271649,,0.5,,,
4,271699,,0.375,,,
4,271749,,0.625,,,
4,271799,,0.875,,,
4,271849,,0.5,,,
4,271899,,0.625,,,
4,271949,,0.625,,,
4,271999,,1.0,,,
4,272049,,0.5,,,
4,272099,,0.5,,,
4,272149,,0.625,,,
4,272199,,0.625,,,
4,272249,,0.75,,,
4,272299,,0.625,,,
4,272349,,0.75,,,
4,272399,,0.625,,,
4,272449,,0.875,,,
4,272499,,0.625,,,
4,272549,,0.5,,,
4,272599,,0.75,,,
4,272649,,0.5,,,
4,272699,,0.75,,,
4,272749,,0.875,,,
4,272799,,0.875,,,
4,272849,,0.875,,,
4,272899,,0.625,,,
4,272949,,0.625,,,
4,272999,,0.375,,,
4,273049,,0.875,,,
4,273099,,0.5,,,
4,273149,,0.625,,,
4,273199,,0.875,,,
4,273249,,0.75,,,
4,273299,,0.875,,,
4,273349,,0.5,,,
4,273399,,0.75,,,
4,273449,,0.625,,,
4,273499,,0.875,,,
4,273549,,0.625,,,
4,273599,,0.75,,,
4,273649,,0.375,,,
4,273699,,0.75,,,
4,273749,,0.875,,,
4,273799,,0.875,,,
4,273849,,0.875,,,
4,273899,,0.75,,,
4,273949,,0.625,,,
4,273999,,0.875,,,
4,274049,,0.75,,,
4,274099,,0.625,,,
4,274149,,0.625,,,
4,274199,,0.5,,,
4,274249,,0.25,,,
4,274299,,0.5,,,
4,274349,,0.5,,,
4,274399,,0.875,,,
4,274449,,0.875,,,
4,274499,,0.625,,,
4,274549,,0.625,,,
4,274599,,0.625,,,
4,274649,,0.625,,,
4,274699,,0.75,,,
4,274749,,0.875,,,
4,274799,,0.375,,,
4,274849,,0.625,,,
4,274899,,0.625,,,
4,274949,,0.875,,,
4,274999,,0.5,,,
4,275049,,0.625,,,
4,275099,,0.625,,,
4,275149,,0.75,,,
4,275199,,0.75,,,
4,275249,,0.75,,,
4,275299,,0.875,,,
4,275349,,0.375,,,
4,275399,,0.625,,,
4,275449,,0.75,,,
4,275499,,0.625,,,
4,275549,,0.5,,,
4,275599,,0.5,,,
4,275649,,0.625,,,
4,275699,,0.875,,,
4,275749,,0.5,,,
4,275799,,0.375,,,
4,275849,,0.875,,,
4,275899,,0.625,,,
4,275949,,0.875,,,
4,275999,,0.875,,,
4,276049,,0.5,,,
4,276099,,0.5,,,
4,276149,,0.5,,,
4,276199,,0.5,,,
4,276249,,0.625,,,
4,276299,,0.75,,,
4,276349,,0.75,,,
4,276399,,1.0,,,
4,276449,,1.0,,,
4,276499,,0.75,,,
4,276549,,0.75,,,
4,276599,,0.625,,,
4,276649,,0.75,,,
4,276699,,0.875,,,
4,276749,,0.625,,,
4,276799,,0.875,,,
4,276849,,0.625,,,
4,276899,,0.75,,,
4,276949,,0.375,,,
4,276999,,0.375,,,
4,277049,,1.0,,,
4,277099,,0.875,,,
4,277149,,0.875,,,
4,277199,,0.5,,,
4,277249,,0.875,,,
4,277299,,0.75,,,
4,277349,,0.5,,,
4,277399,,0.875,,,
4,277449,,0.875,,,
4,277499,,0.625,,,
4,277549,,0.875,,,
4,277599,,0.625,,,
4,277649,,0.625,,,
4,277699,,0.625,,,
4,277749,,0.5,,,
4,277799,,0.625,,,
4,277849,,1.0,,,
4,277899,,0.875,,,
4,277949,,0.875,,,
4,277999,,0.25,,,
4,278049,,1.0,,,
4,278099,,0.625,,,
4,278149,,0.875,,,
4,278199,,1.0,,,
4,278249,,0.875,,,
4,278299,,1.0,,,
4,278349,,0.5,,,
4,278399,,0.625,,,
4,278449,,0.875,,,
4,278499,,0.75,,,
4,278549,,0.375,,,
4,278599,,0.75,,,
4,278649,,0.5,,,
4,278699,,0.75,,,
4,278749,,0.75,,,
4,278799,,0.875,,,
4,278849,,0.75,,,
4,278899,,0.75,,,
4,278949,,0.625,,,
4,278999,,0.875,,,
4,279049,,0.875,,,
4,279099,,1.0,,,
4,279149,,0.75,,,
4,279199,,0.625,,,
4,279249,,0.75,,,
4,279299,,0.625,,,
4,279349,,0.75,,,
4,279399,,0.625,,,
4,279449,,0.75,,,
4,279499,,0.625,,,
4,279549,,0.75,,,
4,279599,,0.625,,,
4,279649,,0.75,,,
4,279699,,0.875,,,
4,279749,,0.75,,,
4,279799,,0.5,,,
4,279849,,0.875,,,
4,279899,,0.5,,,
4,279949,,0.625,,,
4,279999,,0.5,,,
4,280049,,0.75,,,
4,280099,,0.5,,,
4,280149,,0.5,,,
4,280199,,0.5,,,
4,280249,,0.75,,,
4,280299,,0.5,,,
4,280349,,0.625,,,
4,280399,,0.75,,,
4,280449,,0.625,,,
4,280499,,0.5,,,
4,280549,,0.875,,,
4,280599,,0.875,,,
4,280649,,0.75,,,
4,280699,,0.5,,,
4,280749,,0.625,,,
4,280799,,0.5,,,
4,280849,,0.75,,,
4,280899,,0.75,,,
4,280949,,0.75,,,
4,280999,,0.75,,,
4,281049,,0.625,,,
4,281099,,0.625,,,
4,281149,,0.625,,,
4,281199,,0.625,,,
4,281249,,0.625,,,
4,281299,,0.875,,,
4,281349,,0.5,,,
4,281399,,1.0,,,
4,281449,,0.75,,,
4,281499,,0.5,,,
4,281549,,0.625,,,
4,281599,,0.75,,,
4,281649,,0.75,,,
4,281699,,0.75,,,
4,281749,,0.75,,,
4,281799,,0.75,,,
4,281849,,0.75,,,
4,281899,,0.5,,,
4,281949,,0.375,,,
4,281999,,0.75,,,
4,282049,,0.75,,,
4,282099,,0.75,,,
4,282149,,0.625,,,
4,282199,,0.75,,,
4,282249,,0.875,,,
4,282299,,0.625,,,
4,282349,,0.875,,,
4,282399,,0.875,,,
4,282449,,0.75,,,
4,282499,,0.75,,,
4,282549,,0.25,,,
4,282599,,0.5,,,
4,282649,,0.875,,,
4,282699,,0.75,,,
4,282749,,0.375,,,
4,282799,,0.75,,,
4,282849,,0.75,,,
4,282899,,0.875,,,
4,282949,,0.625,,,
4,282999,,0.625,,,
4,283049,,0.625,,,
4,283099,,0.625,,,
4,283149,,0.625,,,
4,283199,,0.875,,,
4,283249,,0.625,,,
4,283299,,0.375,,,
4,283349,,0.625,,,
4,283399,,0.5,,,
4,283449,,0.375,,,
4,283499,,0.875,,,
4,283549,,0.75,,,
4,283599,,0.75,,,
4,283649,,0.625,,,
4,283699,,0.375,,,
4,283749,,0.625,,,
4,283799,,0.5,,,
4,283849,,0.625,,,
4,283899,,0.5,,,
4,283949,,0.75,,,
4,283999,,0.625,,,
4,284049,,0.625,,,
4,284099,,0.625,,,
4,284149,,0.875,,,
4,284199,,0.5,,,
4,284249,,0.75,,,
4,284299,,0.625,,,
4,284349,,0.375,,,
4,284399,,0.75,,,
4,284449,,0.5,,,
4,284499,,0.75,,,
4,284549,,0.75,,,
4,284599,,0.375,,,
4,284649,,0.625,,,
4,284699,,0.625,,,
4,284749,,1.0,,,
4,284799,,1.0,,,
4,284849,,0.75,,,
4,284899,,0.5,,,
4,284949,,0.625,,,
4,284999,,0.625,,,
4,285049,,0.375,,,
4,285099,,0.625,,,
4,285149,,1.0,,,
4,285199,,0.875,,,
4,285249,,0.625,,,
4,285299,,0.75,,,
4,285349,,0.625,,,
4,285399,,0.625,,,
4,285449,,0.75,,,
4,285499,,0.625,,,
4,285549,,0.75,,,
4,285599,,0.875,,,
4,285649,,0.25,,,
4,285699,,0.5,,,
4,285749,,0.875,,,
4,285799,,0.75,,,
4,285849,,0.875,,,
4,285899,,0.75,,,
4,285949,,0.75,,,
4,285999,,0.875,,,
4,286049,,0.875,,,
4,286099,,0.5,,,
4,286149,,0.75,,,
4,286199,,0.5,,,
4,286249,,0.5,,,
4,286299,,0.875,,,
4,286349,,0.75,,,
4,286399,,0.625,,,
4,286449,,0.5,,,
4,286499,,0.625,,,
4,286549,,0.875,,,
4,286599,,0.75,,,
4,286649,,0.75,,,
4,286699,,0.375,,,
4,286749,,1.0,,,
4,286799,,0.5,,,
4,286849,,0.625,,,
4,286899,,0.5,,,
4,286949,,0.625,,,
4,286999,,0.625,,,
4,287049,,1.0,,,
4,287099,,0.875,,,
4,287149,,0.625,,,
4,287199,,0.75,,,
4,287249,,0.625,,,
4,287299,,0.75,,,
4,287349,,0.875,,,
4,287369,,,,0.07105822116136551,nan
4,287369,0.7063868045806885,,0.7122942209243774,,
5,287399,,0.625,,,
5,287449,,0.5,,,
5,287499,,0.75,,,
5,287549,,1.0,,,
5,287599,,0.875,,,
5,287649,,0.75,,,
5,287699,,0.5,,,
5,287749,,0.875,,,
5,287799,,0.375,,,
5,287849,,0.625,,,
5,287899,,0.75,,,
5,287949,,0.75,,,
5,287999,,0.75,,,
5,288049,,0.625,,,
5,288099,,0.75,,,
5,288149,,0.75,,,
5,288199,,0.75,,,
5,288249,,1.0,,,
5,288299,,0.75,,,
5,288349,,0.875,,,
5,288399,,0.625,,,
5,288449,,0.75,,,
5,288499,,0.75,,,
5,288549,,0.625,,,
5,288599,,1.0,,,
5,288649,,0.625,,,
5,288699,,0.5,,,
5,288749,,0.875,,,
5,288799,,0.625,,,
5,288849,,0.875,,,
5,288899,,0.875,,,
5,288949,,0.875,,,
5,288999,,0.875,,,
5,289049,,0.75,,,
5,289099,,0.625,,,
5,289149,,0.625,,,
5,289199,,0.5,,,
5,289249,,0.625,,,
5,289299,,0.75,,,
5,289349,,0.75,,,
5,289399,,0.875,,,
5,289449,,0.75,,,
5,289499,,0.625,,,
5,289549,,0.875,,,
5,289599,,0.875,,,
5,289649,,0.625,,,
5,289699,,0.875,,,
5,289749,,0.625,,,
5,289799,,0.875,,,
5,289849,,0.75,,,
5,289899,,0.75,,,
5,289949,,0.75,,,
5,289999,,0.5,,,
5,290049,,0.5,,,
5,290099,,0.875,,,
5,290149,,0.5,,,
5,290199,,0.75,,,
5,290249,,0.75,,,
5,290299,,0.625,,,
5,290349,,0.75,,,
5,290399,,0.625,,,
5,290449,,0.75,,,
5,290499,,0.875,,,
5,290549,,0.5,,,
5,290599,,0.875,,,
5,290649,,0.875,,,
5,290699,,1.0,,,
5,290749,,0.625,,,
5,290799,,0.625,,,
5,290849,,0.625,,,
5,290899,,0.875,,,
5,290949,,0.625,,,
5,290999,,0.875,,,
5,291049,,0.625,,,
5,291099,,1.0,,,
5,291149,,1.0,,,
5,291199,,0.625,,,
5,291249,,0.5,,,
5,291299,,0.5,,,
5,291349,,0.875,,,
5,291399,,0.75,,,
5,291449,,0.75,,,
5,291499,,0.75,,,
5,291549,,0.75,,,
5,291599,,0.875,,,
5,291649,,0.5,,,
5,291699,,0.75,,,
5,291749,,0.875,,,
5,291799,,0.5,,,
5,291849,,0.375,,,
5,291899,,0.5,,,
5,291949,,0.875,,,
5,291999,,0.875,,,
5,292049,,0.625,,,
5,292099,,0.625,,,
5,292149,,0.75,,,
5,292199,,0.75,,,
5,292249,,1.0,,,
5,292299,,0.75,,,
5,292349,,0.5,,,
5,292399,,0.625,,,
5,292449,,0.375,,,
5,292499,,1.0,,,
5,292549,,0.625,,,
5,292599,,0.875,,,
5,292649,,1.0,,,
5,292699,,0.75,,,
5,292749,,0.75,,,
5,292799,,0.875,,,
5,292849,,0.5,,,
5,292899,,0.625,,,
5,292949,,0.875,,,
5,292999,,0.875,,,
5,293049,,0.5,,,
5,293099,,0.75,,,
5,293149,,1.0,,,
5,293199,,0.75,,,
5,293249,,0.75,,,
5,293299,,0.875,,,
5,293349,,0.5,,,
5,293399,,0.375,,,
5,293449,,0.875,,,
5,293499,,0.5,,,
5,293549,,0.75,,,
5,293599,,0.625,,,
5,293649,,0.75,,,
5,293699,,0.75,,,
5,293749,,0.5,,,
5,293799,,0.625,,,
5,293849,,0.75,,,
5,293899,,0.875,,,
5,293949,,0.75,,,
5,293999,,0.625,,,
5,294049,,0.25,,,
5,294099,,0.875,,,
5,294149,,0.625,,,
5,294199,,1.0,,,
5,294249,,0.625,,,
5,294299,,0.625,,,
5,294349,,0.625,,,
5,294399,,0.625,,,
5,294449,,0.5,,,
5,294499,,0.625,,,
5,294549,,0.875,,,
5,294599,,0.625,,,
5,294649,,0.75,,,
5,294699,,0.625,,,
5,294749,,0.875,,,
5,294799,,0.375,,,
5,294849,,0.75,,,
5,294899,,0.875,,,
5,294949,,0.625,,,
5,294999,,0.5,,,
5,295049,,0.625,,,
5,295099,,0.875,,,
5,295149,,0.5,,,
5,295199,,0.25,,,
5,295249,,0.5,,,
5,295299,,0.75,,,
5,295349,,0.75,,,
5,295399,,0.75,,,
5,295449,,0.75,,,
5,295499,,0.625,,,
5,295549,,0.75,,,
5,295599,,0.875,,,
5,295649,,0.75,,,
5,295699,,0.625,,,
5,295749,,0.5,,,
5,295799,,0.75,,,
5,295849,,0.625,,,
5,295899,,0.75,,,
5,295949,,0.75,,,
5,295999,,0.75,,,
5,296049,,0.625,,,
5,296099,,0.5,,,
5,296149,,0.25,,,
5,296199,,0.625,,,
5,296249,,0.75,,,
5,296299,,0.875,,,
5,296349,,0.75,,,
5,296399,,0.875,,,
5,296449,,0.75,,,
5,296499,,0.75,,,
5,296549,,0.5,,,
5,296599,,0.625,,,
5,296649,,0.625,,,
5,296699,,0.875,,,
5,296749,,0.75,,,
5,296799,,0.75,,,
5,296849,,0.5,,,
5,296899,,0.375,,,
5,296949,,0.375,,,
5,296999,,0.625,,,
5,297049,,0.75,,,
5,297099,,0.875,,,
5,297149,,0.625,,,
5,297199,,0.75,,,
5,297249,,0.75,,,
5,297299,,0.625,,,
5,297349,,0.625,,,
5,297399,,0.75,,,
5,297449,,0.25,,,
5,297499,,0.875,,,
5,297549,,0.625,,,
5,297599,,0.5,,,
5,297649,,0.75,,,
5,297699,,0.625,,,
5,297749,,0.5,,,
5,297799,,0.75,,,
5,297849,,0.75,,,
5,297899,,0.75,,,
5,297949,,0.625,,,
5,297999,,1.0,,,
5,298049,,0.875,,,
5,298099,,1.0,,,
5,298149,,0.75,,,
5,298199,,0.625,,,
5,298249,,0.625,,,
5,298299,,0.75,,,
5,298349,,0.75,,,
5,298399,,0.75,,,
5,298449,,1.0,,,
5,298499,,0.375,,,
5,298549,,0.375,,,
5,298599,,0.75,,,
5,298649,,0.75,,,
5,298699,,0.875,,,
5,298749,,0.5,,,
5,298799,,1.0,,,
5,298849,,0.875,,,
5,298899,,0.5,,,
5,298949,,0.75,,,
5,298999,,0.75,,,
5,299049,,0.875,,,
5,299099,,0.875,,,
5,299149,,0.625,,,
5,299199,,1.0,,,
5,299249,,0.625,,,
5,299299,,0.625,,,
5,299349,,0.75,,,
5,299399,,0.875,,,
5,299449,,0.375,,,
5,299499,,0.875,,,
5,299549,,0.75,,,
5,299599,,0.75,,,
5,299649,,0.625,,,
5,299699,,0.75,,,
5,299749,,0.75,,,
5,299799,,0.75,,,
5,299849,,0.75,,,
5,299899,,0.625,,,
5,299949,,0.375,,,
5,299999,,0.375,,,
5,300049,,0.5,,,
5,300099,,0.5,,,
5,300149,,0.75,,,
5,300199,,0.5,,,
5,300249,,0.625,,,
5,300299,,0.875,,,
5,300349,,0.75,,,
5,300399,,0.625,,,
5,300449,,0.875,,,
5,300499,,0.75,,,
5,300549,,0.625,,,
5,300599,,0.625,,,
5,300649,,0.75,,,
5,300699,,0.75,,,
5,300749,,0.75,,,
5,300799,,0.875,,,
5,300849,,0.875,,,
5,300899,,0.75,,,
5,300949,,0.625,,,
5,300999,,0.75,,,
5,301049,,0.625,,,
5,301099,,0.375,,,
5,301149,,0.875,,,
5,301199,,0.5,,,
5,301249,,0.875,,,
5,301299,,0.625,,,
5,301349,,0.75,,,
5,301399,,0.875,,,
5,301449,,0.5,,,
5,301499,,0.75,,,
5,301549,,0.375,,,
5,301599,,0.375,,,
5,301649,,0.625,,,
5,301699,,0.75,,,
5,301749,,0.25,,,
5,301799,,1.0,,,
5,301849,,0.75,,,
5,301899,,0.625,,,
5,301949,,0.875,,,
5,301999,,0.75,,,
5,302049,,0.5,,,
5,302099,,0.875,,,
5,302149,,0.75,,,
5,302199,,0.625,,,
5,302249,,1.0,,,
5,302299,,1.0,,,
5,302349,,0.875,,,
5,302399,,0.625,,,
5,302449,,0.75,,,
5,302499,,0.625,,,
5,302549,,0.5,,,
5,302599,,0.5,,,
5,302649,,0.75,,,
5,302699,,0.5,,,
5,302749,,0.5,,,
5,302799,,0.75,,,
5,302849,,0.875,,,
5,302899,,0.875,,,
5,302949,,0.75,,,
5,302999,,0.75,,,
5,303049,,0.5,,,
5,303099,,0.625,,,
5,303149,,0.625,,,
5,303199,,0.75,,,
5,303249,,0.5,,,
5,303299,,0.75,,,
5,303349,,0.625,,,
5,303399,,1.0,,,
5,303449,,0.75,,,
5,303499,,0.5,,,
5,303549,,0.875,,,
5,303599,,0.625,,,
5,303649,,0.75,,,
5,303699,,0.75,,,
5,303749,,0.875,,,
5,303799,,0.75,,,
5,303849,,0.625,,,
5,303899,,0.625,,,
5,303949,,0.625,,,
5,303999,,0.875,,,
5,304049,,0.5,,,
5,304099,,0.625,,,
5,304149,,1.0,,,
5,304199,,0.875,,,
5,304249,,0.5,,,
5,304299,,0.875,,,
5,304349,,0.75,,,
5,304399,,0.875,,,
5,304449,,0.875,,,
5,304499,,0.75,,,
5,304549,,0.875,,,
5,304599,,0.75,,,
5,304649,,0.875,,,
5,304699,,1.0,,,
5,304749,,0.625,,,
5,304799,,0.875,,,
5,304849,,0.875,,,
5,304899,,0.875,,,
5,304949,,0.5,,,
5,304999,,0.875,,,
5,305049,,0.75,,,
5,305099,,0.875,,,
5,305149,,0.625,,,
5,305199,,0.625,,,
5,305249,,0.375,,,
5,305299,,0.625,,,
5,305349,,0.625,,,
5,305399,,0.625,,,
5,305449,,1.0,,,
5,305499,,0.625,,,
5,305549,,0.625,,,
5,305599,,0.625,,,
5,305649,,0.875,,,
5,305699,,0.625,,,
5,305749,,0.75,,,
5,305799,,0.75,,,
5,305849,,0.625,,,
5,305899,,0.625,,,
5,305949,,0.625,,,
5,305999,,1.0,,,
5,306049,,0.625,,,
5,306099,,0.875,,,
5,306149,,0.75,,,
5,306199,,0.875,,,
5,306249,,0.75,,,
5,306299,,0.875,,,
5,306349,,0.5,,,
5,306399,,0.75,,,
5,306449,,0.625,,,
5,306499,,0.625,,,
5,306549,,0.75,,,
5,306599,,0.5,,,
5,306649,,0.625,,,
5,306699,,0.875,,,
5,306749,,0.75,,,
5,306799,,0.5,,,
5,306849,,0.5,,,
5,306899,,0.75,,,
5,306949,,1.0,,,
5,306999,,0.5,,,
5,307049,,0.75,,,
5,307099,,0.875,,,
5,307149,,0.875,,,
5,307199,,0.75,,,
5,307249,,1.0,,,
5,307299,,0.5,,,
5,307349,,0.875,,,
5,307399,,0.875,,,
5,307449,,0.75,,,
5,307499,,0.875,,,
5,307549,,0.5,,,
5,307599,,0.75,,,
5,307649,,1.0,,,
5,307699,,0.75,,,
5,307749,,0.625,,,
5,307799,,0.5,,,
5,307849,,0.75,,,
5,307899,,0.5,,,
5,307949,,0.75,,,
5,307999,,0.875,,,
5,308049,,0.625,,,
5,308099,,0.75,,,
5,308149,,0.875,,,
5,308199,,0.625,,,
5,308249,,0.625,,,
5,308299,,0.625,,,
5,308349,,0.75,,,
5,308399,,0.75,,,
5,308449,,0.625,,,
5,308499,,0.75,,,
5,308549,,0.625,,,
5,308599,,0.125,,,
5,308649,,0.75,,,
5,308699,,0.625,,,
5,308749,,0.625,,,
5,308799,,0.625,,,
5,308849,,1.0,,,
5,308899,,0.875,,,
5,308949,,0.375,,,
5,308999,,1.0,,,
5,309049,,0.875,,,
5,309099,,0.5,,,
5,309149,,0.875,,,
5,309199,,0.75,,,
5,309249,,0.75,,,
5,309299,,1.0,,,
5,309349,,0.875,,,
5,309399,,0.875,,,
5,309449,,0.875,,,
5,309499,,0.75,,,
5,309549,,0.375,,,
5,309599,,0.75,,,
5,309649,,0.625,,,
5,309699,,0.625,,,
5,309749,,0.75,,,
5,309799,,1.0,,,
5,309849,,0.75,,,
5,309899,,0.75,,,
5,309949,,0.75,,,
5,309999,,0.625,,,
5,310049,,0.5,,,
5,310099,,0.875,,,
5,310149,,0.5,,,
5,310199,,0.875,,,
5,310249,,0.5,,,
5,310299,,0.75,,,
5,310349,,0.875,,,
5,310399,,0.625,,,
5,310449,,0.5,,,
5,310499,,0.625,,,
5,310549,,0.875,,,
5,310599,,0.875,,,
5,310649,,0.875,,,
5,310699,,0.875,,,
5,310749,,0.75,,,
5,310799,,0.875,,,
5,310849,,0.625,,,
5,310899,,0.625,,,
5,310949,,0.625,,,
5,310999,,0.875,,,
5,311049,,0.875,,,
5,311099,,0.5,,,
5,311149,,0.5,,,
5,311199,,0.625,,,
5,311249,,0.375,,,
5,311299,,0.625,,,
5,311349,,0.875,,,
5,311399,,1.0,,,
5,311449,,0.875,,,
5,311499,,0.75,,,
5,311549,,0.5,,,
5,311599,,0.75,,,
5,311649,,0.625,,,
5,311699,,0.5,,,
5,311749,,0.875,,,
5,311799,,0.625,,,
5,311849,,1.0,,,
5,311899,,0.875,,,
5,311949,,1.0,,,
5,311999,,0.875,,,
5,312049,,0.375,,,
5,312099,,0.625,,,
5,312149,,0.625,,,
5,312199,,0.875,,,
5,312249,,0.875,,,
5,312299,,0.375,,,
5,312349,,0.5,,,
5,312399,,0.375,,,
5,312449,,0.75,,,
5,312499,,0.875,,,
5,312549,,0.5,,,
5,312599,,0.625,,,
5,312649,,0.5,,,
5,312699,,0.625,,,
5,312749,,0.75,,,
5,312799,,0.625,,,
5,312849,,0.625,,,
5,312899,,0.875,,,
5,312949,,0.75,,,
5,312999,,0.75,,,
5,313049,,1.0,,,
5,313099,,0.75,,,
5,313149,,0.625,,,
5,313199,,0.875,,,
5,313249,,0.625,,,
5,313299,,1.0,,,
5,313349,,0.5,,,
5,313399,,0.75,,,
5,313449,,0.875,,,
5,313499,,0.5,,,
5,313549,,0.875,,,
5,313599,,1.0,,,
5,313649,,0.75,,,
5,313699,,0.875,,,
5,313749,,0.625,,,
5,313799,,0.75,,,
5,313849,,0.875,,,
5,313899,,1.0,,,
5,313949,,0.375,,,
5,313999,,0.75,,,
5,314049,,0.875,,,
5,314099,,0.75,,,
5,314149,,0.75,,,
5,314199,,0.875,,,
5,314249,,0.375,,,
5,314299,,0.75,,,
5,314349,,0.75,,,
5,314399,,0.625,,,
5,314449,,0.875,,,
5,314499,,0.75,,,
5,314549,,1.0,,,
5,314599,,0.875,,,
5,314649,,0.75,,,
5,314699,,0.625,,,
5,314749,,0.75,,,
5,314799,,0.5,,,
5,314849,,0.75,,,
5,314899,,1.0,,,
5,314949,,0.75,,,
5,314999,,0.875,,,
5,315049,,0.875,,,
5,315099,,0.75,,,
5,315149,,0.75,,,
5,315199,,0.875,,,
5,315249,,0.875,,,
5,315299,,0.75,,,
5,315349,,0.75,,,
5,315399,,0.875,,,
5,315449,,0.625,,,
5,315499,,0.75,,,
5,315549,,0.75,,,
5,315599,,0.875,,,
5,315649,,0.5,,,
5,315699,,1.0,,,
5,315749,,1.0,,,
5,315799,,0.75,,,
5,315849,,0.875,,,
5,315899,,0.625,,,
5,315949,,0.5,,,
5,315999,,0.75,,,
5,316049,,0.75,,,
5,316099,,0.75,,,
5,316149,,0.625,,,
5,316199,,0.5,,,
5,316249,,0.625,,,
5,316299,,0.875,,,
5,316349,,0.875,,,
5,316399,,0.25,,,
5,316449,,0.75,,,
5,316499,,0.625,,,
5,316549,,0.875,,,
5,316599,,0.625,,,
5,316649,,0.875,,,
5,316699,,0.625,,,
5,316749,,0.625,,,
5,316799,,0.5,,,
5,316849,,0.625,,,
5,316899,,1.0,,,
5,316949,,0.375,,,
5,316999,,0.5,,,
5,317049,,0.625,,,
5,317099,,0.75,,,
5,317149,,0.375,,,
5,317199,,0.625,,,
5,317249,,0.875,,,
5,317299,,0.875,,,
5,317349,,0.75,,,
5,317399,,0.625,,,
5,317449,,0.625,,,
5,317499,,0.875,,,
5,317549,,0.625,,,
5,317599,,0.75,,,
5,317649,,0.875,,,
5,317699,,0.75,,,
5,317749,,0.5,,,
5,317799,,0.75,,,
5,317849,,0.5,,,
5,317899,,0.625,,,
5,317949,,0.5,,,
5,317999,,1.0,,,
5,318049,,0.75,,,
5,318099,,0.75,,,
5,318149,,0.625,,,
5,318199,,0.75,,,
5,318249,,0.625,,,
5,318299,,0.75,,,
5,318349,,0.75,,,
5,318399,,1.0,,,
5,318449,,0.5,,,
5,318499,,0.75,,,
5,318549,,0.75,,,
5,318599,,1.0,,,
5,318649,,0.5,,,
5,318699,,1.0,,,
5,318749,,0.75,,,
5,318799,,0.625,,,
5,318849,,0.75,,,
5,318899,,0.5,,,
5,318949,,0.625,,,
5,318999,,0.5,,,
5,319049,,0.625,,,
5,319099,,0.5,,,
5,319149,,1.0,,,
5,319199,,0.375,,,
5,319249,,0.875,,,
5,319299,,0.5,,,
5,319349,,0.5,,,
5,319399,,0.75,,,
5,319449,,0.75,,,
5,319499,,0.875,,,
5,319549,,0.75,,,
5,319599,,0.5,,,
5,319649,,0.875,,,
5,319699,,0.625,,,
5,319749,,0.875,,,
5,319799,,0.75,,,
5,319849,,0.875,,,
5,319899,,0.625,,,
5,319949,,0.875,,,
5,319999,,0.5,,,
5,320049,,0.875,,,
5,320099,,0.5,,,
5,320149,,0.75,,,
5,320199,,0.5,,,
5,320249,,0.625,,,
5,320299,,0.625,,,
5,320349,,0.75,,,
5,320399,,1.0,,,
5,320449,,0.75,,,
5,320499,,0.5,,,
5,320549,,0.875,,,
5,320599,,0.625,,,
5,320649,,0.625,,,
5,320699,,0.875,,,
5,320749,,0.625,,,
5,320799,,0.5,,,
5,320849,,0.375,,,
5,320899,,0.75,,,
5,320949,,0.625,,,
5,320999,,0.875,,,
5,321049,,0.875,,,
5,321099,,0.875,,,
5,321149,,0.75,,,
5,321199,,0.875,,,
5,321249,,0.625,,,
5,321299,,0.5,,,
5,321349,,0.625,,,
5,321399,,0.75,,,
5,321449,,0.5,,,
5,321499,,0.75,,,
5,321549,,0.5,,,
5,321599,,0.625,,,
5,321649,,0.75,,,
5,321699,,0.5,,,
5,321749,,1.0,,,
5,321799,,0.625,,,
5,321849,,0.625,,,
5,321899,,0.375,,,
5,321949,,0.75,,,
5,321999,,0.75,,,
5,322049,,0.875,,,
5,322099,,0.625,,,
5,322149,,0.875,,,
5,322199,,0.875,,,
5,322249,,0.625,,,
5,322299,,0.375,,,
5,322349,,0.625,,,
5,322399,,0.875,,,
5,322449,,0.875,,,
5,322499,,0.625,,,
5,322549,,0.75,,,
5,322599,,0.875,,,
5,322649,,1.0,,,
5,322699,,0.75,,,
5,322749,,0.625,,,
5,322799,,0.625,,,
5,322849,,1.0,,,
5,322899,,0.5,,,
5,322949,,0.875,,,
5,322999,,0.5,,,
5,323049,,0.625,,,
5,323099,,0.875,,,
5,323149,,0.875,,,
5,323199,,0.875,,,
5,323249,,0.875,,,
5,323299,,1.0,,,
5,323349,,1.0,,,
5,323399,,0.5,,,
5,323449,,0.875,,,
5,323499,,0.75,,,
5,323549,,0.25,,,
5,323599,,0.625,,,
5,323649,,0.875,,,
5,323699,,0.75,,,
5,323749,,0.5,,,
5,323799,,0.75,,,
5,323849,,0.75,,,
5,323899,,0.875,,,
5,323949,,0.25,,,
5,323999,,0.5,,,
5,324049,,0.75,,,
5,324099,,0.875,,,
5,324149,,0.875,,,
5,324199,,0.875,,,
5,324249,,0.625,,,
5,324299,,0.875,,,
5,324349,,0.625,,,
5,324399,,0.75,,,
5,324449,,0.75,,,
5,324499,,0.5,,,
5,324549,,0.5,,,
5,324599,,0.625,,,
5,324649,,0.625,,,
5,324699,,0.875,,,
5,324749,,0.75,,,
5,324799,,0.625,,,
5,324849,,0.5,,,
5,324899,,0.625,,,
5,324949,,0.625,,,
5,324999,,0.625,,,
5,325049,,0.25,,,
5,325099,,0.75,,,
5,325149,,0.75,,,
5,325199,,0.75,,,
5,325249,,0.625,,,
5,325299,,0.5,,,
5,325349,,1.0,,,
5,325399,,0.75,,,
5,325449,,0.25,,,
5,325499,,0.875,,,
5,325549,,0.75,,,
5,325599,,0.5,,,
5,325649,,0.625,,,
5,325699,,0.5,,,
5,325749,,0.75,,,
5,325799,,0.75,,,
5,325849,,0.875,,,
5,325899,,0.875,,,
5,325949,,0.75,,,
5,325999,,0.875,,,
5,326049,,0.625,,,
5,326099,,0.875,,,
5,326149,,0.5,,,
5,326199,,0.625,,,
5,326249,,0.75,,,
5,326299,,0.75,,,
5,326349,,0.75,,,
5,326399,,0.75,,,
5,326449,,1.0,,,
5,326499,,0.75,,,
5,326549,,0.375,,,
5,326599,,0.625,,,
5,326649,,0.5,,,
5,326699,,0.875,,,
5,326749,,0.5,,,
5,326799,,0.75,,,
5,326849,,0.875,,,
5,326899,,0.5,,,
5,326949,,0.625,,,
5,326999,,0.625,,,
5,327049,,0.625,,,
5,327099,,0.875,,,
5,327149,,1.0,,,
5,327199,,0.5,,,
5,327249,,0.625,,,
5,327299,,0.625,,,
5,327349,,0.75,,,
5,327399,,0.875,,,
5,327449,,0.875,,,
5,327499,,0.625,,,
5,327549,,0.75,,,
5,327599,,0.625,,,
5,327649,,0.875,,,
5,327699,,0.875,,,
5,327749,,0.5,,,
5,327799,,0.875,,,
5,327849,,0.625,,,
5,327899,,0.75,,,
5,327949,,0.5,,,
5,327999,,0.625,,,
5,328049,,0.75,,,
5,328099,,0.875,,,
5,328149,,0.75,,,
5,328199,,0.625,,,
5,328249,,0.5,,,
5,328299,,0.875,,,
5,328349,,0.625,,,
5,328399,,0.5,,,
5,328449,,0.625,,,
5,328499,,0.625,,,
5,328549,,0.625,,,
5,328599,,0.625,,,
5,328649,,0.75,,,
5,328699,,0.75,,,
5,328749,,0.75,,,
5,328799,,0.625,,,
5,328849,,0.75,,,
5,328899,,0.625,,,
5,328949,,0.75,,,
5,328999,,0.75,,,
5,329049,,0.625,,,
5,329099,,0.625,,,
5,329149,,0.75,,,
5,329199,,0.5,,,
5,329249,,0.5,,,
5,329299,,0.625,,,
5,329349,,0.875,,,
5,329399,,0.625,,,
5,329449,,0.625,,,
5,329499,,0.625,,,
5,329549,,0.625,,,
5,329599,,0.75,,,
5,329649,,0.625,,,
5,329699,,0.625,,,
5,329749,,0.875,,,
5,329799,,0.625,,,
5,329849,,0.75,,,
5,329899,,0.375,,,
5,329949,,0.75,,,
5,329999,,0.625,,,
5,330049,,0.875,,,
5,330099,,0.625,,,
5,330149,,0.75,,,
5,330199,,0.875,,,
5,330249,,0.75,,,
5,330299,,0.625,,,
5,330349,,0.625,,,
5,330399,,0.875,,,
5,330449,,0.625,,,
5,330499,,0.5,,,
5,330549,,0.875,,,
5,330599,,0.875,,,
5,330649,,0.75,,,
5,330699,,0.75,,,
5,330749,,0.375,,,
5,330799,,0.875,,,
5,330849,,0.75,,,
5,330899,,0.875,,,
5,330949,,0.625,,,
5,330999,,0.5,,,
5,331049,,0.5,,,
5,331099,,0.375,,,
5,331149,,0.625,,,
5,331199,,0.875,,,
5,331249,,1.0,,,
5,331299,,0.875,,,
5,331349,,0.875,,,
5,331399,,0.5,,,
5,331449,,0.875,,,
5,331499,,0.75,,,
5,331549,,0.5,,,
5,331599,,0.625,,,
5,331649,,0.5,,,
5,331699,,1.0,,,
5,331749,,0.75,,,
5,331799,,0.625,,,
5,331849,,1.0,,,
5,331899,,0.875,,,
5,331949,,0.375,,,
5,331999,,0.75,,,
5,332049,,0.875,,,
5,332099,,0.625,,,
5,332149,,0.875,,,
5,332199,,0.75,,,
5,332249,,0.625,,,
5,332299,,0.875,,,
5,332349,,0.875,,,
5,332399,,0.75,,,
5,332449,,0.875,,,
5,332499,,0.625,,,
5,332549,,0.75,,,
5,332599,,0.375,,,
5,332649,,0.75,,,
5,332699,,0.875,,,
5,332749,,0.75,,,
5,332799,,0.625,,,
5,332849,,0.625,,,
5,332899,,0.75,,,
5,332949,,0.875,,,
5,332999,,1.0,,,
5,333049,,0.625,,,
5,333099,,0.875,,,
5,333149,,0.5,,,
5,333199,,0.5,,,
5,333249,,0.75,,,
5,333299,,0.75,,,
5,333349,,0.5,,,
5,333399,,0.875,,,
5,333449,,1.0,,,
5,333499,,0.75,,,
5,333549,,1.0,,,
5,333599,,0.625,,,
5,333649,,0.75,,,
5,333699,,0.75,,,
5,333749,,1.0,,,
5,333799,,0.875,,,
5,333849,,0.75,,,
5,333899,,0.5,,,
5,333949,,1.0,,,
5,333999,,0.625,,,
5,334049,,0.75,,,
5,334099,,0.5,,,
5,334149,,0.75,,,
5,334199,,1.0,,,
5,334249,,0.625,,,
5,334299,,0.75,,,
5,334349,,0.75,,,
5,334399,,0.75,,,
5,334449,,0.875,,,
5,334499,,0.375,,,
5,334549,,0.875,,,
5,334599,,0.375,,,
5,334649,,0.625,,,
5,334699,,1.0,,,
5,334749,,0.625,,,
5,334799,,0.75,,,
5,334849,,0.75,,,
5,334899,,0.5,,,
5,334949,,0.75,,,
5,334999,,0.75,,,
5,335049,,0.875,,,
5,335099,,0.75,,,
5,335149,,0.5,,,
5,335199,,0.75,,,
5,335249,,0.5,,,
5,335299,,0.625,,,
5,335349,,0.875,,,
5,335399,,1.0,,,
5,335449,,0.5,,,
5,335499,,0.5,,,
5,335549,,0.875,,,
5,335599,,0.75,,,
5,335649,,0.625,,,
5,335699,,0.625,,,
5,335749,,1.0,,,
5,335799,,0.5,,,
5,335849,,0.625,,,
5,335899,,0.875,,,
5,335949,,0.875,,,
5,335999,,0.625,,,
5,336049,,0.75,,,
5,336099,,0.625,,,
5,336149,,0.75,,,
5,336199,,0.375,,,
5,336249,,0.875,,,
5,336299,,0.75,,,
5,336349,,0.875,,,
5,336399,,0.875,,,
5,336449,,0.75,,,
5,336499,,0.875,,,
5,336549,,0.75,,,
5,336599,,0.625,,,
5,336649,,0.375,,,
5,336699,,0.75,,,
5,336749,,1.0,,,
5,336799,,0.5,,,
5,336849,,0.75,,,
5,336899,,0.75,,,
5,336949,,0.75,,,
5,336999,,0.625,,,
5,337049,,0.625,,,
5,337099,,0.75,,,
5,337149,,0.75,,,
5,337199,,0.75,,,
5,337249,,0.625,,,
5,337299,,0.875,,,
5,337349,,0.625,,,
5,337399,,0.875,,,
5,337449,,0.625,,,
5,337499,,0.875,,,
5,337549,,0.75,,,
5,337599,,0.875,,,
5,337649,,0.5,,,
5,337699,,0.625,,,
5,337749,,0.625,,,
5,337799,,0.875,,,
5,337849,,0.75,,,
5,337899,,0.5,,,
5,337949,,0.625,,,
5,337999,,1.0,,,
5,338049,,0.625,,,
5,338099,,0.625,,,
5,338149,,0.75,,,
5,338199,,0.625,,,
5,338249,,0.5,,,
5,338299,,0.875,,,
5,338349,,0.875,,,
5,338399,,0.75,,,
5,338449,,0.625,,,
5,338499,,1.0,,,
5,338549,,0.5,,,
5,338599,,0.625,,,
5,338649,,0.5,,,
5,338699,,0.375,,,
5,338749,,0.625,,,
5,338799,,0.625,,,
5,338849,,0.75,,,
5,338899,,0.75,,,
5,338949,,0.75,,,
5,338999,,0.625,,,
5,339049,,1.0,,,
5,339099,,0.5,,,
5,339149,,0.625,,,
5,339199,,0.875,,,
5,339249,,0.75,,,
5,339299,,0.75,,,
5,339349,,0.875,,,
5,339399,,0.5,,,
5,339449,,0.75,,,
5,339499,,0.875,,,
5,339549,,0.625,,,
5,339599,,0.375,,,
5,339649,,0.75,,,
5,339699,,0.625,,,
5,339749,,1.0,,,
5,339799,,1.0,,,
5,339849,,0.875,,,
5,339899,,0.75,,,
5,339949,,0.75,,,
5,339999,,0.875,,,
5,340049,,0.5,,,
5,340099,,0.625,,,
5,340149,,0.75,,,
5,340199,,0.5,,,
5,340249,,0.125,,,
5,340299,,0.875,,,
5,340349,,1.0,,,
5,340399,,0.375,,,
5,340449,,0.625,,,
5,340499,,0.75,,,
5,340549,,0.875,,,
5,340599,,0.625,,,
5,340649,,0.75,,,
5,340699,,0.875,,,
5,340749,,1.0,,,
5,340799,,0.625,,,
5,340849,,0.5,,,
5,340899,,0.875,,,
5,340949,,0.5,,,
5,340999,,0.75,,,
5,341049,,0.5,,,
5,341099,,0.625,,,
5,341149,,0.75,,,
5,341199,,0.375,,,
5,341249,,0.875,,,
5,341299,,0.75,,,
5,341349,,0.375,,,
5,341399,,0.5,,,
5,341449,,0.625,,,
5,341499,,0.75,,,
5,341549,,0.625,,,
5,341599,,0.625,,,
5,341649,,0.875,,,
5,341699,,0.625,,,
5,341749,,0.625,,,
5,341799,,0.75,,,
5,341849,,0.5,,,
5,341899,,0.75,,,
5,341949,,0.75,,,
5,341999,,0.75,,,
5,342049,,0.625,,,
5,342099,,0.875,,,
5,342149,,0.875,,,
5,342199,,0.5,,,
5,342249,,0.25,,,
5,342299,,0.75,,,
5,342349,,0.875,,,
5,342399,,0.625,,,
5,342449,,0.5,,,
5,342499,,0.5,,,
5,342549,,0.75,,,
5,342599,,0.75,,,
5,342649,,0.75,,,
5,342699,,0.5,,,
5,342749,,0.875,,,
5,342799,,0.625,,,
5,342849,,1.0,,,
5,342899,,0.875,,,
5,342949,,0.5,,,
5,342999,,0.875,,,
5,343049,,0.5,,,
5,343099,,0.875,,,
5,343149,,0.75,,,
5,343199,,0.625,,,
5,343249,,0.625,,,
5,343299,,0.5,,,
5,343349,,0.625,,,
5,343399,,0.875,,,
5,343449,,0.75,,,
5,343499,,0.625,,,
5,343549,,0.5,,,
5,343599,,0.75,,,
5,343649,,0.625,,,
5,343699,,0.75,,,
5,343749,,0.625,,,
5,343799,,0.875,,,
5,343849,,0.75,,,
5,343899,,0.75,,,
5,343949,,0.75,,,
5,343999,,0.625,,,
5,344049,,0.875,,,
5,344099,,0.75,,,
5,344149,,0.875,,,
5,344199,,0.5,,,
5,344249,,0.875,,,
5,344299,,0.5,,,
5,344349,,0.75,,,
5,344399,,0.75,,,
5,344449,,0.75,,,
5,344499,,0.875,,,
5,344549,,0.375,,,
5,344599,,0.5,,,
5,344649,,0.75,,,
5,344699,,0.875,,,
5,344749,,0.75,,,
5,344799,,0.75,,,
5,344843,,,,0.07110171765089035,nan
5,344843,0.7083268165588379,,0.7098570466041565,,
6,344849,,0.625,,,
6,344899,,0.875,,,
6,344949,,0.375,,,
6,344999,,0.625,,,
6,345049,,0.75,,,
6,345099,,0.75,,,
6,345149,,0.625,,,
6,345199,,0.75,,,
6,345249,,0.75,,,
6,345299,,0.5,,,
6,345349,,0.875,,,
6,345399,,0.5,,,
6,345449,,0.75,,,
6,345499,,0.75,,,
6,345549,,0.5,,,
6,345599,,0.875,,,
6,345649,,1.0,,,
6,345699,,0.75,,,
6,345749,,0.625,,,
6,345799,,0.875,,,
6,345849,,0.875,,,
6,345899,,0.375,,,
6,345949,,1.0,,,
6,345999,,1.0,,,
6,346049,,1.0,,,
6,346099,,0.5,,,
6,346149,,0.625,,,
6,346199,,0.75,,,
6,346249,,0.5,,,
6,346299,,0.5,,,
6,346349,,0.875,,,
6,346399,,0.75,,,
6,346449,,0.625,,,
6,346499,,0.875,,,
6,346549,,0.75,,,
6,346599,,0.625,,,
6,346649,,0.625,,,
6,346699,,0.875,,,
6,346749,,0.625,,,
6,346799,,0.875,,,
6,346849,,0.625,,,
6,346899,,0.875,,,
6,346949,,0.875,,,
6,346999,,0.875,,,
6,347049,,0.875,,,
6,347099,,0.875,,,
6,347149,,0.625,,,
6,347199,,0.625,,,
6,347249,,1.0,,,
6,347299,,0.875,,,
6,347349,,0.5,,,
6,347399,,0.625,,,
6,347449,,0.75,,,
6,347499,,0.875,,,
6,347549,,0.75,,,
6,347599,,0.75,,,
6,347649,,0.875,,,
6,347699,,0.625,,,
6,347749,,0.625,,,
6,347799,,0.875,,,
6,347849,,0.625,,,
6,347899,,0.875,,,
6,347949,,1.0,,,
6,347999,,0.625,,,
6,348049,,0.625,,,
6,348099,,1.0,,,
6,348149,,0.625,,,
6,348199,,0.875,,,
6,348249,,0.875,,,
6,348299,,0.875,,,
6,348349,,0.625,,,
6,348399,,0.75,,,
6,348449,,0.625,,,
6,348499,,0.75,,,
6,348549,,0.875,,,
6,348599,,0.75,,,
6,348649,,0.375,,,
6,348699,,0.875,,,
6,348749,,0.625,,,
6,348799,,0.625,,,
6,348849,,0.75,,,
6,348899,,0.75,,,
6,348949,,1.0,,,
6,348999,,0.625,,,
6,349049,,0.625,,,
6,349099,,0.625,,,
6,349149,,0.5,,,
6,349199,,0.625,,,
6,349249,,0.625,,,
6,349299,,0.625,,,
6,349349,,0.75,,,
6,349399,,0.625,,,
6,349449,,0.375,,,
6,349499,,0.75,,,
6,349549,,0.625,,,
6,349599,,0.625,,,
6,349649,,0.75,,,
6,349699,,0.625,,,
6,349749,,0.75,,,
6,349799,,0.5,,,
6,349849,,0.375,,,
6,349899,,0.75,,,
6,349949,,0.75,,,
6,349999,,0.875,,,
6,350049,,1.0,,,
6,350099,,0.5,,,
6,350149,,0.375,,,
6,350199,,0.375,,,
6,350249,,0.625,,,
6,350299,,0.875,,,
6,350349,,0.625,,,
6,350399,,0.875,,,
6,350449,,0.75,,,
6,350499,,0.625,,,
6,350549,,0.75,,,
6,350599,,0.5,,,
6,350649,,0.625,,,
6,350699,,0.75,,,
6,350749,,0.75,,,
6,350799,,0.75,,,
6,350849,,0.375,,,
6,350899,,1.0,,,
6,350949,,1.0,,,
6,350999,,0.75,,,
6,351049,,0.875,,,
6,351099,,0.5,,,
6,351149,,0.75,,,
6,351199,,0.375,,,
6,351249,,1.0,,,
6,351299,,0.75,,,
6,351349,,0.5,,,
6,351399,,1.0,,,
6,351449,,0.75,,,
6,351499,,0.625,,,
6,351549,,0.625,,,
6,351599,,0.875,,,
6,351649,,0.75,,,
6,351699,,0.75,,,
6,351749,,0.875,,,
6,351799,,0.875,,,
6,351849,,0.75,,,
6,351899,,0.625,,,
6,351949,,0.25,,,
6,351999,,0.75,,,
6,352049,,0.625,,,
6,352099,,0.5,,,
6,352149,,0.875,,,
6,352199,,1.0,,,
6,352249,,0.625,,,
6,352299,,0.625,,,
6,352349,,0.875,,,
6,352399,,0.75,,,
6,352449,,0.75,,,
6,352499,,1.0,,,
6,352549,,0.5,,,
6,352599,,0.625,,,
6,352649,,0.375,,,
6,352699,,0.75,,,
6,352749,,0.625,,,
6,352799,,1.0,,,
6,352849,,0.625,,,
6,352899,,0.75,,,
6,352949,,0.625,,,
6,352999,,0.625,,,
6,353049,,0.875,,,
6,353099,,0.75,,,
6,353149,,1.0,,,
6,353199,,0.75,,,
6,353249,,1.0,,,
6,353299,,0.375,,,
6,353349,,0.75,,,
6,353399,,0.625,,,
6,353449,,0.625,,,
6,353499,,0.875,,,
6,353549,,1.0,,,
6,353599,,0.75,,,
6,353649,,0.875,,,
6,353699,,0.75,,,
6,353749,,0.75,,,
6,353799,,0.75,,,
6,353849,,0.625,,,
6,353899,,0.625,,,
6,353949,,0.75,,,
6,353999,,0.75,,,
6,354049,,0.75,,,
6,354099,,0.5,,,
6,354149,,0.75,,,
6,354199,,0.75,,,
6,354249,,0.875,,,
6,354299,,0.75,,,
6,354349,,0.875,,,
6,354399,,0.75,,,
6,354449,,0.75,,,
6,354499,,0.625,,,
6,354549,,0.875,,,
6,354599,,0.75,,,
6,354649,,0.75,,,
6,354699,,0.625,,,
6,354749,,0.875,,,
6,354799,,0.875,,,
6,354849,,0.75,,,
6,354899,,0.75,,,
6,354949,,1.0,,,
6,354999,,0.875,,,
6,355049,,0.75,,,
6,355099,,1.0,,,
6,355149,,0.625,,,
6,355199,,0.75,,,
6,355249,,0.75,,,
6,355299,,0.75,,,
6,355349,,0.875,,,
6,355399,,0.625,,,
6,355449,,0.625,,,
6,355499,,0.5,,,
6,355549,,0.375,,,
6,355599,,0.375,,,
6,355649,,1.0,,,
6,355699,,0.75,,,
6,355749,,0.625,,,
6,355799,,0.625,,,
6,355849,,0.875,,,
6,355899,,0.625,,,
6,355949,,0.625,,,
6,355999,,1.0,,,
6,356049,,1.0,,,
6,356099,,0.625,,,
6,356149,,0.75,,,
6,356199,,0.625,,,
6,356249,,0.5,,,
6,356299,,0.875,,,
6,356349,,0.625,,,
6,356399,,0.75,,,
6,356449,,0.625,,,
6,356499,,0.75,,,
6,356549,,0.75,,,
6,356599,,0.625,,,
6,356649,,0.625,,,
6,356699,,0.875,,,
6,356749,,0.625,,,
6,356799,,0.875,,,
6,356849,,0.5,,,
6,356899,,0.875,,,
6,356949,,0.875,,,
6,356999,,0.875,,,
6,357049,,0.875,,,
6,357099,,0.625,,,
6,357149,,0.375,,,
6,357199,,0.5,,,
6,357249,,0.875,,,
6,357299,,0.625,,,
6,357349,,1.0,,,
6,357399,,0.625,,,
6,357449,,0.375,,,
6,357499,,0.875,,,
6,357549,,0.75,,,
6,357599,,0.875,,,
6,357649,,0.875,,,
6,357699,,0.75,,,
6,357749,,0.625,,,
6,357799,,0.75,,,
6,357849,,0.875,,,
6,357899,,1.0,,,
6,357949,,0.5,,,
6,357999,,1.0,,,
6,358049,,0.625,,,
6,358099,,0.875,,,
6,358149,,0.875,,,
6,358199,,1.0,,,
6,358249,,0.875,,,
6,358299,,0.875,,,
6,358349,,0.75,,,
6,358399,,1.0,,,
6,358449,,0.875,,,
6,358499,,0.625,,,
6,358549,,0.75,,,
6,358599,,0.5,,,
6,358649,,0.375,,,
6,358699,,0.75,,,
6,358749,,0.875,,,
6,358799,,0.625,,,
6,358849,,0.75,,,
6,358899,,0.75,,,
6,358949,,0.625,,,
6,358999,,0.625,,,
6,359049,,0.75,,,
6,359099,,0.75,,,
6,359149,,0.75,,,
6,359199,,0.75,,,
6,359249,,1.0,,,
6,359299,,0.625,,,
6,359349,,0.75,,,
6,359399,,0.875,,,
6,359449,,0.875,,,
6,359499,,0.875,,,
6,359549,,1.0,,,
6,359599,,1.0,,,
6,359649,,0.875,,,
6,359699,,0.875,,,
6,359749,,0.875,,,
6,359799,,0.875,,,
6,359849,,0.75,,,
6,359899,,0.5,,,
6,359949,,0.875,,,
6,359999,,0.875,,,
6,360049,,0.75,,,
6,360099,,0.625,,,
6,360149,,0.625,,,
6,360199,,0.75,,,
6,360249,,0.625,,,
6,360299,,0.875,,,
6,360349,,0.875,,,
6,360399,,0.75,,,
6,360449,,0.75,,,
6,360499,,0.875,,,
6,360549,,0.75,,,
6,360599,,0.75,,,
6,360649,,1.0,,,
6,360699,,0.375,,,
6,360749,,0.5,,,
6,360799,,1.0,,,
6,360849,,0.5,,,
6,360899,,1.0,,,
6,360949,,1.0,,,
6,360999,,0.875,,,
6,361049,,0.75,,,
6,361099,,0.375,,,
6,361149,,0.75,,,
6,361199,,0.875,,,
6,361249,,0.875,,,
6,361299,,0.5,,,
6,361349,,0.75,,,
6,361399,,0.75,,,
6,361449,,0.75,,,
6,361499,,1.0,,,
6,361549,,0.75,,,
6,361599,,0.5,,,
6,361649,,0.5,,,
6,361699,,0.375,,,
6,361749,,1.0,,,
6,361799,,0.75,,,
6,361849,,0.75,,,
6,361899,,0.875,,,
6,361949,,0.75,,,
6,361999,,0.75,,,
6,362049,,0.875,,,
6,362099,,1.0,,,
6,362149,,0.375,,,
6,362199,,0.75,,,
6,362249,,0.875,,,
6,362299,,0.875,,,
6,362349,,0.875,,,
6,362399,,0.625,,,
6,362449,,0.75,,,
6,362499,,0.875,,,
6,362549,,0.625,,,
6,362599,,0.375,,,
6,362649,,0.75,,,
6,362699,,0.875,,,
6,362749,,0.875,,,
6,362799,,0.625,,,
6,362849,,0.5,,,
6,362899,,0.625,,,
6,362949,,0.5,,,
6,362999,,0.375,,,
6,363049,,0.625,,,
6,363099,,0.875,,,
6,363149,,0.75,,,
6,363199,,0.625,,,
6,363249,,0.625,,,
6,363299,,0.625,,,
6,363349,,0.375,,,
6,363399,,0.875,,,
6,363449,,0.75,,,
6,363499,,0.625,,,
6,363549,,0.875,,,
6,363599,,0.625,,,
6,363649,,0.625,,,
6,363699,,0.75,,,
6,363749,,1.0,,,
6,363799,,0.875,,,
6,363849,,0.875,,,
6,363899,,0.75,,,
6,363949,,0.625,,,
6,363999,,0.625,,,
6,364049,,0.75,,,
6,364099,,0.625,,,
6,364149,,0.875,,,
6,364199,,0.625,,,
6,364249,,0.625,,,
6,364299,,0.75,,,
6,364349,,0.75,,,
6,364399,,0.5,,,
6,364449,,0.875,,,
6,364499,,0.75,,,
6,364549,,0.625,,,
6,364599,,0.75,,,
6,364649,,0.625,,,
6,364699,,0.75,,,
6,364749,,0.75,,,
6,364799,,0.875,,,
6,364849,,0.875,,,
6,364899,,0.625,,,
6,364949,,0.5,,,
6,364999,,0.75,,,
6,365049,,0.75,,,
6,365099,,0.625,,,
6,365149,,0.75,,,
6,365199,,0.375,,,
6,365249,,0.75,,,
6,365299,,1.0,,,
6,365349,,0.875,,,
6,365399,,0.375,,,
6,365449,,0.875,,,
6,365499,,0.75,,,
6,365549,,0.75,,,
6,365599,,0.75,,,
6,365649,,0.875,,,
6,365699,,0.75,,,
6,365749,,0.625,,,
6,365799,,0.75,,,
6,365849,,0.875,,,
6,365899,,0.875,,,
6,365949,,0.75,,,
6,365999,,0.75,,,
6,366049,,0.625,,,
6,366099,,0.625,,,
6,366149,,1.0,,,
6,366199,,0.5,,,
6,366249,,0.5,,,
6,366299,,1.0,,,
6,366349,,0.75,,,
6,366399,,0.75,,,
6,366449,,0.75,,,
6,366499,,0.625,,,
6,366549,,0.625,,,
6,366599,,0.875,,,
6,366649,,0.625,,,
6,366699,,0.75,,,
6,366749,,0.625,,,
6,366799,,0.625,,,
6,366849,,0.875,,,
6,366899,,0.625,,,
6,366949,,0.75,,,
6,366999,,0.875,,,
6,367049,,0.75,,,
6,367099,,1.0,,,
6,367149,,0.625,,,
6,367199,,0.5,,,
6,367249,,0.75,,,
6,367299,,0.875,,,
6,367349,,0.375,,,
6,367399,,0.75,,,
6,367449,,0.625,,,
6,367499,,0.625,,,
6,367549,,0.875,,,
6,367599,,1.0,,,
6,367649,,0.75,,,
6,367699,,0.625,,,
6,367749,,0.875,,,
6,367799,,0.75,,,
6,367849,,0.375,,,
6,367899,,0.75,,,
6,367949,,0.625,,,
6,367999,,0.875,,,
6,368049,,1.0,,,
6,368099,,0.625,,,
6,368149,,0.875,,,
6,368199,,0.5,,,
6,368249,,0.875,,,
6,368299,,0.75,,,
6,368349,,0.625,,,
6,368399,,0.75,,,
6,368449,,0.875,,,
6,368499,,0.625,,,
6,368549,,0.75,,,
6,368599,,0.75,,,
6,368649,,0.875,,,
6,368699,,0.625,,,
6,368749,,0.625,,,
6,368799,,0.5,,,
6,368849,,0.5,,,
6,368899,,0.5,,,
6,368949,,0.5,,,
6,368999,,0.875,,,
6,369049,,0.625,,,
6,369099,,0.375,,,
6,369149,,0.75,,,
6,369199,,0.75,,,
6,369249,,0.75,,,
6,369299,,0.875,,,
6,369349,,0.75,,,
6,369399,,0.625,,,
6,369449,,0.625,,,
6,369499,,0.875,,,
6,369549,,0.5,,,
6,369599,,0.625,,,
6,369649,,0.5,,,
6,369699,,0.5,,,
6,369749,,0.75,,,
6,369799,,0.625,,,
6,369849,,0.875,,,
6,369899,,0.75,,,
6,369949,,0.75,,,
6,369999,,0.625,,,
6,370049,,0.75,,,
6,370099,,0.75,,,
6,370149,,0.375,,,
6,370199,,0.875,,,
6,370249,,0.75,,,
6,370299,,0.75,,,
6,370349,,0.75,,,
6,370399,,0.625,,,
6,370449,,0.875,,,
6,370499,,0.5,,,
6,370549,,0.75,,,
6,370599,,0.625,,,
6,370649,,0.625,,,
6,370699,,0.875,,,
6,370749,,0.5,,,
6,370799,,0.625,,,
6,370849,,0.875,,,
6,370899,,0.5,,,
6,370949,,0.5,,,
6,370999,,0.75,,,
6,371049,,0.875,,,
6,371099,,0.75,,,
6,371149,,0.875,,,
6,371199,,0.875,,,
6,371249,,0.875,,,
6,371299,,0.75,,,
6,371349,,0.625,,,
6,371399,,0.25,,,
6,371449,,0.625,,,
6,371499,,0.5,,,
6,371549,,0.625,,,
6,371599,,0.875,,,
6,371649,,0.625,,,
6,371699,,0.625,,,
6,371749,,0.75,,,
6,371799,,0.625,,,
6,371849,,0.875,,,
6,371899,,0.875,,,
6,371949,,0.75,,,
6,371999,,0.625,,,
6,372049,,0.75,,,
6,372099,,0.5,,,
6,372149,,0.625,,,
6,372199,,0.5,,,
6,372249,,1.0,,,
6,372299,,0.625,,,
6,372349,,0.875,,,
6,372399,,1.0,,,
6,372449,,0.5,,,
6,372499,,0.75,,,
6,372549,,0.625,,,
6,372599,,0.875,,,
6,372649,,0.875,,,
6,372699,,1.0,,,
6,372749,,0.75,,,
6,372799,,0.75,,,
6,372849,,0.5,,,
6,372899,,0.75,,,
6,372949,,0.875,,,
6,372999,,0.75,,,
6,373049,,0.75,,,
6,373099,,0.75,,,
6,373149,,0.625,,,
6,373199,,0.75,,,
6,373249,,0.75,,,
6,373299,,0.625,,,
6,373349,,0.75,,,
6,373399,,0.875,,,
6,373449,,0.5,,,
6,373499,,0.5,,,
6,373549,,0.625,,,
6,373599,,0.75,,,
6,373649,,0.75,,,
6,373699,,0.875,,,
6,373749,,0.75,,,
6,373799,,0.625,,,
6,373849,,0.5,,,
6,373899,,0.5,,,
6,373949,,0.875,,,
6,373999,,0.5,,,
6,374049,,0.75,,,
6,374099,,0.625,,,
6,374149,,0.5,,,
6,374199,,0.5,,,
6,374249,,0.5,,,
6,374299,,0.75,,,
6,374349,,0.75,,,
6,374399,,0.375,,,
6,374449,,0.75,,,
6,374499,,0.75,,,
6,374549,,0.625,,,
6,374599,,0.375,,,
6,374649,,0.875,,,
6,374699,,0.75,,,
6,374749,,0.625,,,
6,374799,,0.5,,,
6,374849,,0.75,,,
6,374899,,0.5,,,
6,374949,,0.875,,,
6,374999,,0.75,,,
6,375049,,0.75,,,
6,375099,,0.875,,,
6,375149,,0.625,,,
6,375199,,0.625,,,
6,375249,,0.5,,,
6,375299,,0.5,,,
6,375349,,0.25,,,
6,375399,,0.875,,,
6,375449,,0.875,,,
6,375499,,0.75,,,
6,375549,,0.75,,,
6,375599,,0.75,,,
6,375649,,0.875,,,
6,375699,,0.625,,,
6,375749,,0.75,,,
6,375799,,0.5,,,
6,375849,,0.875,,,
6,375899,,0.875,,,
6,375949,,0.5,,,
6,375999,,0.875,,,
6,376049,,0.625,,,
6,376099,,0.375,,,
6,376149,,1.0,,,
6,376199,,0.75,,,
6,376249,,1.0,,,
6,376299,,0.5,,,
6,376349,,0.5,,,
6,376399,,0.5,,,
6,376449,,0.625,,,
6,376499,,0.625,,,
6,376549,,0.75,,,
6,376599,,0.75,,,
6,376649,,0.625,,,
6,376699,,0.875,,,
6,376749,,0.875,,,
6,376799,,0.625,,,
6,376849,,0.625,,,
6,376899,,0.5,,,
6,376949,,0.5,,,
6,376999,,0.75,,,
6,377049,,1.0,,,
6,377099,,0.875,,,
6,377149,,0.75,,,
6,377199,,0.5,,,
6,377249,,0.75,,,
6,377299,,0.625,,,
6,377349,,0.375,,,
6,377399,,0.375,,,
6,377449,,0.625,,,
6,377499,,0.75,,,
6,377549,,0.625,,,
6,377599,,0.875,,,
6,377649,,0.75,,,
6,377699,,0.625,,,
6,377749,,0.5,,,
6,377799,,0.875,,,
6,377849,,0.5,,,
6,377899,,0.375,,,
6,377949,,0.625,,,
6,377999,,0.625,,,
6,378049,,0.875,,,
6,378099,,0.625,,,
6,378149,,0.875,,,
6,378199,,0.875,,,
6,378249,,0.625,,,
6,378299,,0.625,,,
6,378349,,0.5,,,
6,378399,,0.875,,,
6,378449,,0.75,,,
6,378499,,0.5,,,
6,378549,,0.75,,,
6,378599,,0.75,,,
6,378649,,0.75,,,
6,378699,,0.625,,,
6,378749,,0.5,,,
6,378799,,0.875,,,
6,378849,,0.75,,,
6,378899,,0.75,,,
6,378949,,0.75,,,
6,378999,,0.625,,,
6,379049,,0.75,,,
6,379099,,0.625,,,
6,379149,,0.625,,,
6,379199,,0.75,,,
6,379249,,1.0,,,
6,379299,,0.5,,,
6,379349,,0.75,,,
6,379399,,0.625,,,
6,379449,,0.625,,,
6,379499,,0.875,,,
6,379549,,0.5,,,
6,379599,,0.5,,,
6,379649,,0.875,,,
6,379699,,0.625,,,
6,379749,,0.625,,,
6,379799,,0.75,,,
6,379849,,0.875,,,
6,379899,,0.875,,,
6,379949,,0.75,,,
6,379999,,0.75,,,
6,380049,,1.0,,,
6,380099,,0.5,,,
6,380149,,0.375,,,
6,380199,,0.5,,,
6,380249,,0.625,,,
6,380299,,0.875,,,
6,380349,,0.75,,,
6,380399,,0.875,,,
6,380449,,0.625,,,
6,380499,,0.75,,,
6,380549,,0.625,,,
6,380599,,0.75,,,
6,380649,,0.375,,,
6,380699,,0.875,,,
6,380749,,0.75,,,
6,380799,,0.75,,,
6,380849,,0.625,,,
6,380899,,0.875,,,
6,380949,,0.5,,,
6,380999,,0.625,,,
6,381049,,0.75,,,
6,381099,,0.75,,,
6,381149,,0.625,,,
6,381199,,0.875,,,
6,381249,,0.875,,,
6,381299,,0.625,,,
6,381349,,0.625,,,
6,381399,,0.5,,,
6,381449,,0.5,,,
6,381499,,0.375,,,
6,381549,,0.75,,,
6,381599,,0.75,,,
6,381649,,0.5,,,
6,381699,,0.375,,,
6,381749,,0.75,,,
6,381799,,0.625,,,
6,381849,,0.5,,,
6,381899,,0.625,,,
6,381949,,0.625,,,
6,381999,,0.5,,,
6,382049,,0.875,,,
6,382099,,0.875,,,
6,382149,,0.625,,,
6,382199,,0.625,,,
6,382249,,0.625,,,
6,382299,,0.5,,,
6,382349,,1.0,,,
6,382399,,0.625,,,
6,382449,,0.625,,,
6,382499,,0.75,,,
6,382549,,0.75,,,
6,382599,,0.625,,,
6,382649,,0.5,,,
6,382699,,0.75,,,
6,382749,,0.625,,,
6,382799,,0.875,,,
6,382849,,0.875,,,
6,382899,,0.75,,,
6,382949,,0.875,,,
6,382999,,0.5,,,
6,383049,,1.0,,,
6,383099,,0.875,,,
6,383149,,0.75,,,
6,383199,,0.75,,,
6,383249,,0.625,,,
6,383299,,0.75,,,
6,383349,,0.625,,,
6,383399,,0.75,,,
6,383449,,0.75,,,
6,383499,,0.75,,,
6,383549,,0.75,,,
6,383599,,0.875,,,
6,383649,,0.75,,,
6,383699,,0.625,,,
6,383749,,0.75,,,
6,383799,,0.875,,,
6,383849,,0.75,,,
6,383899,,0.5,,,
6,383949,,0.5,,,
6,383999,,0.5,,,
6,384049,,0.625,,,
6,384099,,0.5,,,
6,384149,,0.875,,,
6,384199,,0.625,,,
6,384249,,0.875,,,
6,384299,,0.25,,,
6,384349,,0.75,,,
6,384399,,0.875,,,
6,384449,,0.75,,,
6,384499,,0.875,,,
6,384549,,0.75,,,
6,384599,,0.5,,,
6,384649,,0.75,,,
6,384699,,0.75,,,
6,384749,,1.0,,,
6,384799,,0.875,,,
6,384849,,0.75,,,
6,384899,,0.75,,,
6,384949,,0.375,,,
6,384999,,0.625,,,
6,385049,,0.75,,,
6,385099,,0.875,,,
6,385149,,0.625,,,
6,385199,,0.625,,,
6,385249,,0.75,,,
6,385299,,1.0,,,
6,385349,,0.625,,,
6,385399,,0.375,,,
6,385449,,0.5,,,
6,385499,,0.75,,,
6,385549,,0.5,,,
6,385599,,0.75,,,
6,385649,,0.875,,,
6,385699,,0.625,,,
6,385749,,0.875,,,
6,385799,,0.875,,,
6,385849,,0.75,,,
6,385899,,0.625,,,
6,385949,,0.375,,,
6,385999,,0.875,,,
6,386049,,0.75,,,
6,386099,,0.5,,,
6,386149,,0.875,,,
6,386199,,0.625,,,
6,386249,,0.5,,,
6,386299,,0.625,,,
6,386349,,0.75,,,
6,386399,,0.625,,,
6,386449,,0.625,,,
6,386499,,0.75,,,
6,386549,,0.5,,,
6,386599,,0.75,,,
6,386649,,0.75,,,
6,386699,,0.875,,,
6,386749,,1.0,,,
6,386799,,0.875,,,
6,386849,,0.625,,,
6,386899,,0.625,,,
6,386949,,0.875,,,
6,386999,,0.625,,,
6,387049,,0.625,,,
6,387099,,0.375,,,
6,387149,,0.75,,,
6,387199,,0.875,,,
6,387249,,0.75,,,
6,387299,,0.875,,,
6,387349,,0.625,,,
6,387399,,0.5,,,
6,387449,,0.75,,,
6,387499,,0.75,,,
6,387549,,0.625,,,
6,387599,,0.875,,,
6,387649,,1.0,,,
6,387699,,0.625,,,
6,387749,,0.75,,,
6,387799,,0.625,,,
6,387849,,1.0,,,
6,387899,,0.875,,,
6,387949,,0.75,,,
6,387999,,0.625,,,
6,388049,,0.75,,,
6,388099,,0.875,,,
6,388149,,0.625,,,
6,388199,,0.875,,,
6,388249,,0.875,,,
6,388299,,0.5,,,
6,388349,,0.75,,,
6,388399,,0.75,,,
6,388449,,0.5,,,
6,388499,,0.5,,,
6,388549,,0.75,,,
6,388599,,1.0,,,
6,388649,,0.625,,,
6,388699,,0.625,,,
6,388749,,0.625,,,
6,388799,,0.875,,,
6,388849,,0.75,,,
6,388899,,0.875,,,
6,388949,,1.0,,,
6,388999,,0.75,,,
6,389049,,0.75,,,
6,389099,,0.875,,,
6,389149,,0.75,,,
6,389199,,0.75,,,
6,389249,,0.625,,,
6,389299,,0.75,,,
6,389349,,0.625,,,
6,389399,,0.75,,,
6,389449,,0.875,,,
6,389499,,0.625,,,
6,389549,,0.75,,,
6,389599,,0.75,,,
6,389649,,0.375,,,
6,389699,,0.875,,,
6,389749,,0.75,,,
6,389799,,0.875,,,
6,389849,,0.75,,,
6,389899,,0.75,,,
6,389949,,0.75,,,
6,389999,,0.375,,,
6,390049,,0.5,,,
6,390099,,0.625,,,
6,390149,,0.5,,,
6,390199,,0.75,,,
6,390249,,0.625,,,
6,390299,,0.75,,,
6,390349,,0.75,,,
6,390399,,0.625,,,
6,390449,,0.75,,,
6,390499,,1.0,,,
6,390549,,0.5,,,
6,390599,,0.75,,,
6,390649,,0.625,,,
6,390699,,0.875,,,
6,390749,,0.625,,,
6,390799,,1.0,,,
6,390849,,1.0,,,
6,390899,,0.75,,,
6,390949,,0.5,,,
6,390999,,0.75,,,
6,391049,,0.875,,,
6,391099,,0.625,,,
6,391149,,0.75,,,
6,391199,,0.625,,,
6,391249,,0.75,,,
6,391299,,0.5,,,
6,391349,,0.5,,,
6,391399,,0.75,,,
6,391449,,0.75,,,
6,391499,,0.625,,,
6,391549,,0.875,,,
6,391599,,0.625,,,
6,391649,,0.75,,,
6,391699,,0.625,,,
6,391749,,0.75,,,
6,391799,,0.75,,,
6,391849,,0.75,,,
6,391899,,0.625,,,
6,391949,,0.625,,,
6,391999,,0.625,,,
6,392049,,0.75,,,
6,392099,,0.75,,,
6,392149,,0.75,,,
6,392199,,0.625,,,
6,392249,,0.625,,,
6,392299,,0.625,,,
6,392349,,1.0,,,
6,392399,,0.625,,,
6,392449,,0.625,,,
6,392499,,0.75,,,
6,392549,,0.75,,,
6,392599,,0.75,,,
6,392649,,0.375,,,
6,392699,,0.5,,,
6,392749,,0.5,,,
6,392799,,0.5,,,
6,392849,,0.625,,,
6,392899,,0.625,,,
6,392949,,0.375,,,
6,392999,,0.875,,,
6,393049,,0.875,,,
6,393099,,0.5,,,
6,393149,,0.875,,,
6,393199,,0.875,,,
6,393249,,0.75,,,
6,393299,,0.75,,,
6,393349,,0.5,,,
6,393399,,0.625,,,
6,393449,,0.875,,,
6,393499,,1.0,,,
6,393549,,0.625,,,
6,393599,,0.375,,,
6,393649,,1.0,,,
6,393699,,1.0,,,
6,393749,,0.625,,,
6,393799,,0.75,,,
6,393849,,0.875,,,
6,393899,,1.0,,,
6,393949,,0.75,,,
6,393999,,0.25,,,
6,394049,,0.75,,,
6,394099,,0.5,,,
6,394149,,0.625,,,
6,394199,,0.5,,,
6,394249,,0.875,,,
6,394299,,0.875,,,
6,394349,,0.75,,,
6,394399,,0.75,,,
6,394449,,0.75,,,
6,394499,,0.625,,,
6,394549,,0.75,,,
6,394599,,0.875,,,
6,394649,,0.75,,,
6,394699,,0.875,,,
6,394749,,0.625,,,
6,394799,,0.5,,,
6,394849,,0.75,,,
6,394899,,0.5,,,
6,394949,,0.625,,,
6,394999,,0.625,,,
6,395049,,1.0,,,
6,395099,,0.75,,,
6,395149,,0.5,,,
6,395199,,0.625,,,
6,395249,,0.75,,,
6,395299,,0.375,,,
6,395349,,0.875,,,
6,395399,,0.75,,,
6,395449,,0.875,,,
6,395499,,0.625,,,
6,395549,,0.875,,,
6,395599,,0.875,,,
6,395649,,0.625,,,
6,395699,,0.625,,,
6,395749,,0.5,,,
6,395799,,0.75,,,
6,395849,,0.625,,,
6,395899,,0.75,,,
6,395949,,0.625,,,
6,395999,,0.75,,,
6,396049,,0.625,,,
6,396099,,0.75,,,
6,396149,,0.75,,,
6,396199,,0.5,,,
6,396249,,0.75,,,
6,396299,,0.625,,,
6,396349,,1.0,,,
6,396399,,0.625,,,
6,396449,,0.75,,,
6,396499,,0.5,,,
6,396549,,0.625,,,
6,396599,,0.75,,,
6,396649,,0.75,,,
6,396699,,0.75,,,
6,396749,,0.625,,,
6,396799,,0.75,,,
6,396849,,0.625,,,
6,396899,,0.875,,,
6,396949,,0.625,,,
6,396999,,1.0,,,
6,397049,,0.25,,,
6,397099,,0.75,,,
6,397149,,0.75,,,
6,397199,,0.875,,,
6,397249,,0.75,,,
6,397299,,0.625,,,
6,397349,,0.875,,,
6,397399,,0.875,,,
6,397449,,0.875,,,
6,397499,,0.75,,,
6,397549,,0.25,,,
6,397599,,0.5,,,
6,397649,,0.75,,,
6,397699,,1.0,,,
6,397749,,0.75,,,
6,397799,,0.625,,,
6,397849,,0.75,,,
6,397899,,0.75,,,
6,397949,,0.875,,,
6,397999,,0.75,,,
6,398049,,0.625,,,
6,398099,,0.75,,,
6,398149,,0.75,,,
6,398199,,0.625,,,
6,398249,,0.625,,,
6,398299,,0.75,,,
6,398349,,0.625,,,
6,398399,,0.75,,,
6,398449,,0.625,,,
6,398499,,0.5,,,
6,398549,,0.25,,,
6,398599,,0.375,,,
6,398649,,0.125,,,
6,398699,,0.625,,,
6,398749,,0.5,,,
6,398799,,0.5,,,
6,398849,,0.625,,,
6,398899,,0.75,,,
6,398949,,0.75,,,
6,398999,,1.0,,,
6,399049,,0.75,,,
6,399099,,0.5,,,
6,399149,,0.625,,,
6,399199,,0.75,,,
6,399249,,0.625,,,
6,399299,,0.75,,,
6,399349,,0.875,,,
6,399399,,0.75,,,
6,399449,,0.625,,,
6,399499,,0.5,,,
6,399549,,0.625,,,
6,399599,,0.75,,,
6,399649,,0.75,,,
6,399699,,0.75,,,
6,399749,,0.75,,,
6,399799,,0.625,,,
6,399849,,0.875,,,
6,399899,,0.75,,,
6,399949,,0.875,,,
6,399999,,0.875,,,
6,400049,,0.625,,,
6,400099,,0.875,,,
6,400149,,0.75,,,
6,400199,,0.625,,,
6,400249,,0.625,,,
6,400299,,0.875,,,
6,400349,,0.875,,,
6,400399,,0.875,,,
6,400449,,0.5,,,
6,400499,,0.875,,,
6,400549,,0.75,,,
6,400599,,0.75,,,
6,400649,,0.875,,,
6,400699,,0.5,,,
6,400749,,0.5,,,
6,400799,,0.625,,,
6,400849,,0.625,,,
6,400899,,0.75,,,
6,400949,,0.625,,,
6,400999,,0.75,,,
6,401049,,0.75,,,
6,401099,,0.75,,,
6,401149,,0.5,,,
6,401199,,0.875,,,
6,401249,,0.875,,,
6,401299,,0.875,,,
6,401349,,0.75,,,
6,401399,,0.875,,,
6,401449,,0.875,,,
6,401499,,0.625,,,
6,401549,,0.75,,,
6,401599,,0.875,,,
6,401649,,0.5,,,
6,401699,,0.625,,,
6,401749,,0.75,,,
6,401799,,0.875,,,
6,401849,,1.0,,,
6,401899,,0.625,,,
6,401949,,0.5,,,
6,401999,,1.0,,,
6,402049,,1.0,,,
6,402099,,0.875,,,
6,402149,,1.0,,,
6,402199,,1.0,,,
6,402249,,0.5,,,
6,402299,,0.875,,,
6,402317,,,,0.07070153206586838,nan
6,402317,0.7091402411460876,,0.7117302417755127,,
7,402349,,0.875,,,
7,402399,,0.625,,,
7,402449,,0.75,,,
7,402499,,0.75,,,
7,402549,,0.875,,,
7,402599,,0.5,,,
7,402649,,0.625,,,
7,402699,,0.875,,,
7,402749,,1.0,,,
7,402799,,0.625,,,
7,402849,,0.75,,,
7,402899,,0.625,,,
7,402949,,0.625,,,
7,402999,,0.875,,,
7,403049,,0.75,,,
7,403099,,0.75,,,
7,403149,,0.875,,,
7,403199,,0.5,,,
7,403249,,0.75,,,
7,403299,,0.625,,,
7,403349,,0.5,,,
7,403399,,0.625,,,
7,403449,,0.875,,,
7,403499,,0.5,,,
7,403549,,0.875,,,
7,403599,,0.875,,,
7,403649,,0.875,,,
7,403699,,0.375,,,
7,403749,,0.875,,,
7,403799,,0.75,,,
7,403849,,0.625,,,
7,403899,,0.375,,,
7,403949,,0.5,,,
7,403999,,0.625,,,
7,404049,,0.625,,,
7,404099,,0.375,,,
7,404149,,0.625,,,
7,404199,,0.875,,,
7,404249,,0.875,,,
7,404299,,0.875,,,
7,404349,,0.875,,,
7,404399,,0.625,,,
7,404449,,0.75,,,
7,404499,,0.75,,,
7,404549,,0.625,,,
7,404599,,0.75,,,
7,404649,,0.625,,,
7,404699,,0.75,,,
7,404749,,1.0,,,
7,404799,,0.875,,,
7,404849,,0.75,,,
7,404899,,0.625,,,
7,404949,,0.875,,,
7,404999,,1.0,,,
7,405049,,0.75,,,
7,405099,,0.5,,,
7,405149,,0.875,,,
7,405199,,0.875,,,
7,405249,,0.5,,,
7,405299,,0.625,,,
7,405349,,0.375,,,
7,405399,,0.5,,,
7,405449,,0.875,,,
7,405499,,0.75,,,
7,405549,,0.625,,,
7,405599,,0.75,,,
7,405649,,0.75,,,
7,405699,,0.75,,,
7,405749,,0.625,,,
7,405799,,0.5,,,
7,405849,,0.75,,,
7,405899,,0.625,,,
7,405949,,0.75,,,
7,405999,,0.75,,,
7,406049,,0.5,,,
7,406099,,0.25,,,
7,406149,,0.75,,,
7,406199,,0.625,,,
7,406249,,0.75,,,
7,406299,,1.0,,,
7,406349,,0.75,,,
7,406399,,0.375,,,
7,406449,,0.75,,,
7,406499,,0.625,,,
7,406549,,0.75,,,
7,406599,,1.0,,,
7,406649,,0.625,,,
7,406699,,0.75,,,
7,406749,,0.75,,,
7,406799,,0.75,,,
7,406849,,0.75,,,
7,406899,,0.625,,,
7,406949,,1.0,,,
7,406999,,0.5,,,
7,407049,,0.5,,,
7,407099,,0.625,,,
7,407149,,0.625,,,
7,407199,,0.75,,,
7,407249,,0.875,,,
7,407299,,0.5,,,
7,407349,,0.625,,,
7,407399,,0.875,,,
7,407449,,1.0,,,
7,407499,,0.75,,,
7,407549,,0.625,,,
7,407599,,1.0,,,
7,407649,,0.625,,,
7,407699,,0.5,,,
7,407749,,0.875,,,
7,407799,,0.875,,,
7,407849,,0.75,,,
7,407899,,0.5,,,
7,407949,,0.75,,,
7,407999,,0.625,,,
7,408049,,0.5,,,
7,408099,,0.375,,,
7,408149,,0.625,,,
7,408199,,0.625,,,
7,408249,,0.5,,,
7,408299,,0.875,,,
7,408349,,0.5,,,
7,408399,,0.875,,,
7,408449,,0.625,,,
7,408499,,0.625,,,
7,408549,,0.75,,,
7,408599,,0.625,,,
7,408649,,0.875,,,
7,408699,,0.75,,,
7,408749,,0.5,,,
7,408799,,0.75,,,
7,408849,,0.75,,,
7,408899,,0.625,,,
7,408949,,0.625,,,
7,408999,,0.875,,,
7,409049,,0.875,,,
7,409099,,0.75,,,
7,409149,,0.625,,,
7,409199,,0.75,,,
7,409249,,1.0,,,
7,409299,,0.75,,,
7,409349,,0.5,,,
7,409399,,0.625,,,
7,409449,,0.75,,,
7,409499,,0.625,,,
7,409549,,0.75,,,
7,409599,,0.625,,,
7,409649,,0.625,,,
7,409699,,0.875,,,
7,409749,,0.625,,,
7,409799,,0.625,,,
7,409849,,1.0,,,
7,409899,,0.875,,,
7,409949,,0.25,,,
7,409999,,0.875,,,
7,410049,,1.0,,,
7,410099,,0.75,,,
7,410149,,0.875,,,
7,410199,,0.75,,,
7,410249,,0.5,,,
7,410299,,0.625,,,
7,410349,,0.5,,,
7,410399,,0.875,,,
7,410449,,0.5,,,
7,410499,,0.875,,,
7,410549,,0.5,,,
7,410599,,0.625,,,
7,410649,,0.875,,,
7,410699,,0.75,,,
7,410749,,0.625,,,
7,410799,,0.75,,,
7,410849,,0.625,,,
7,410899,,0.875,,,
7,410949,,0.75,,,
7,410999,,0.5,,,
7,411049,,0.5,,,
7,411099,,0.5,,,
7,411149,,0.625,,,
7,411199,,0.5,,,
7,411249,,0.625,,,
7,411299,,0.625,,,
7,411349,,0.5,,,
7,411399,,0.875,,,
7,411449,,0.625,,,
7,411499,,0.875,,,
7,411549,,1.0,,,
7,411599,,0.625,,,
7,411649,,0.875,,,
7,411699,,0.25,,,
7,411749,,0.5,,,
7,411799,,0.75,,,
7,411849,,0.625,,,
7,411899,,0.5,,,
7,411949,,0.5,,,
7,411999,,0.625,,,
7,412049,,0.875,,,
7,412099,,0.625,,,
7,412149,,0.375,,,
7,412199,,1.0,,,
7,412249,,0.625,,,
7,412299,,0.5,,,
7,412349,,0.875,,,
7,412399,,0.75,,,
7,412449,,0.875,,,
7,412499,,0.875,,,
7,412549,,0.75,,,
7,412599,,0.875,,,
7,412649,,0.625,,,
7,412699,,0.75,,,
7,412749,,0.875,,,
7,412799,,0.625,,,
7,412849,,0.75,,,
7,412899,,0.75,,,
7,412949,,1.0,,,
7,412999,,0.625,,,
7,413049,,0.875,,,
7,413099,,0.625,,,
7,413149,,0.625,,,
7,413199,,0.75,,,
7,413249,,0.875,,,
7,413299,,0.75,,,
7,413349,,0.375,,,
7,413399,,0.875,,,
7,413449,,0.75,,,
7,413499,,0.5,,,
7,413549,,0.625,,,
7,413599,,1.0,,,
7,413649,,0.5,,,
7,413699,,0.375,,,
7,413749,,0.875,,,
7,413799,,0.625,,,
7,413849,,0.75,,,
7,413899,,0.625,,,
7,413949,,0.75,,,
7,413999,,0.5,,,
7,414049,,1.0,,,
7,414099,,0.75,,,
7,414149,,1.0,,,
7,414199,,0.875,,,
7,414249,,0.5,,,
7,414299,,0.75,,,
7,414349,,1.0,,,
7,414399,,1.0,,,
7,414449,,0.375,,,
7,414499,,0.625,,,
7,414549,,0.625,,,
7,414599,,0.5,,,
7,414649,,0.75,,,
7,414699,,0.75,,,
7,414749,,0.875,,,
7,414799,,0.75,,,
7,414849,,0.625,,,
7,414899,,0.75,,,
7,414949,,0.5,,,
7,414999,,0.875,,,
7,415049,,0.75,,,
7,415099,,0.5,,,
7,415149,,1.0,,,
7,415199,,0.5,,,
7,415249,,0.625,,,
7,415299,,0.625,,,
7,415349,,0.875,,,
7,415399,,0.625,,,
7,415449,,0.625,,,
7,415499,,0.875,,,
7,415549,,0.5,,,
7,415599,,0.625,,,
7,415649,,0.5,,,
7,415699,,0.625,,,
7,415749,,0.875,,,
7,415799,,0.75,,,
7,415849,,0.75,,,
7,415899,,0.75,,,
7,415949,,0.625,,,
7,415999,,0.375,,,
7,416049,,0.75,,,
7,416099,,0.875,,,
7,416149,,0.75,,,
7,416199,,0.75,,,
7,416249,,0.75,,,
7,416299,,0.75,,,
7,416349,,0.875,,,
7,416399,,0.625,,,
7,416449,,0.625,,,
7,416499,,0.5,,,
7,416549,,0.375,,,
7,416599,,0.5,,,
7,416649,,0.75,,,
7,416699,,1.0,,,
7,416749,,0.5,,,
7,416799,,0.875,,,
7,416849,,0.5,,,
7,416899,,0.625,,,
7,416949,,0.5,,,
7,416999,,0.75,,,
7,417049,,0.75,,,
7,417099,,0.875,,,
7,417149,,0.75,,,
7,417199,,0.375,,,
7,417249,,0.75,,,
7,417299,,0.875,,,
7,417349,,0.375,,,
7,417399,,0.5,,,
7,417449,,0.375,,,
7,417499,,0.5,,,
7,417549,,0.5,,,
7,417599,,1.0,,,
7,417649,,0.5,,,
7,417699,,0.5,,,
7,417749,,0.5,,,
7,417799,,0.75,,,
7,417849,,1.0,,,
7,417899,,0.5,,,
7,417949,,0.625,,,
7,417999,,0.5,,,
7,418049,,0.5,,,
7,418099,,0.625,,,
7,418149,,0.875,,,
7,418199,,0.625,,,
7,418249,,0.5,,,
7,418299,,0.5,,,
7,418349,,0.75,,,
7,418399,,0.625,,,
7,418449,,0.75,,,
7,418499,,0.5,,,
7,418549,,0.875,,,
7,418599,,0.75,,,
7,418649,,0.75,,,
7,418699,,0.625,,,
7,418749,,0.875,,,
7,418799,,0.75,,,
7,418849,,0.625,,,
7,418899,,0.25,,,
7,418949,,0.375,,,
7,418999,,0.75,,,
7,419049,,0.75,,,
7,419099,,0.75,,,
7,419149,,0.625,,,
7,419199,,0.625,,,
7,419249,,0.5,,,
7,419299,,0.75,,,
7,419349,,1.0,,,
7,419399,,0.875,,,
7,419449,,0.75,,,
7,419499,,0.875,,,
7,419549,,0.75,,,
7,419599,,0.5,,,
7,419649,,1.0,,,
7,419699,,0.5,,,
7,419749,,0.5,,,
7,419799,,0.5,,,
7,419849,,0.625,,,
7,419899,,0.75,,,
7,419949,,1.0,,,
7,419999,,0.5,,,
7,420049,,0.625,,,
7,420099,,0.75,,,
7,420149,,0.625,,,
7,420199,,0.5,,,
7,420249,,0.75,,,
7,420299,,0.75,,,
7,420349,,0.5,,,
7,420399,,0.75,,,
7,420449,,0.5,,,
7,420499,,0.75,,,
7,420549,,0.75,,,
7,420599,,0.75,,,
7,420649,,0.75,,,
7,420699,,0.75,,,
7,420749,,1.0,,,
7,420799,,0.875,,,
7,420849,,0.875,,,
7,420899,,0.75,,,
7,420949,,0.75,,,
7,420999,,0.375,,,
7,421049,,0.75,,,
7,421099,,0.75,,,
7,421149,,0.5,,,
7,421199,,1.0,,,
7,421249,,0.625,,,
7,421299,,0.375,,,
7,421349,,0.25,,,
7,421399,,0.5,,,
7,421449,,0.625,,,
7,421499,,0.5,,,
7,421549,,1.0,,,
7,421599,,0.875,,,
7,421649,,0.75,,,
7,421699,,0.5,,,
7,421749,,0.625,,,
7,421799,,0.875,,,
7,421849,,0.75,,,
7,421899,,1.0,,,
7,421949,,0.375,,,
7,421999,,0.875,,,
7,422049,,0.625,,,
7,422099,,0.5,,,
7,422149,,0.875,,,
7,422199,,0.5,,,
7,422249,,0.5,,,
7,422299,,0.5,,,
7,422349,,0.75,,,
7,422399,,0.875,,,
7,422449,,0.875,,,
7,422499,,0.625,,,
7,422549,,0.875,,,
7,422599,,1.0,,,
7,422649,,0.5,,,
7,422699,,0.5,,,
7,422749,,0.875,,,
7,422799,,0.875,,,
7,422849,,0.75,,,
7,422899,,1.0,,,
7,422949,,1.0,,,
7,422999,,0.875,,,
7,423049,,0.875,,,
7,423099,,0.625,,,
7,423149,,1.0,,,
7,423199,,0.75,,,
7,423249,,0.875,,,
7,423299,,1.0,,,
7,423349,,0.875,,,
7,423399,,0.625,,,
7,423449,,0.625,,,
7,423499,,0.5,,,
7,423549,,0.875,,,
7,423599,,0.625,,,
7,423649,,0.75,,,
7,423699,,0.625,,,
7,423749,,0.75,,,
7,423799,,0.75,,,
7,423849,,0.875,,,
7,423899,,0.75,,,
7,423949,,0.625,,,
7,423999,,0.875,,,
7,424049,,1.0,,,
7,424099,,0.75,,,
7,424149,,0.75,,,
7,424199,,0.75,,,
7,424249,,0.875,,,
7,424299,,0.75,,,
7,424349,,1.0,,,
7,424399,,0.625,,,
7,424449,,0.5,,,
7,424499,,0.875,,,
7,424549,,0.75,,,
7,424599,,0.5,,,
7,424649,,0.75,,,
7,424699,,1.0,,,
7,424749,,1.0,,,
7,424799,,0.875,,,
7,424849,,0.75,,,
7,424899,,0.75,,,
7,424949,,0.875,,,
7,424999,,0.5,,,
7,425049,,0.625,,,
7,425099,,0.875,,,
7,425149,,0.5,,,
7,425199,,0.5,,,
7,425249,,0.75,,,
7,425299,,0.875,,,
7,425349,,0.375,,,
7,425399,,0.5,,,
7,425449,,0.875,,,
7,425499,,0.625,,,
7,425549,,0.625,,,
7,425599,,0.5,,,
7,425649,,0.375,,,
7,425699,,0.875,,,
7,425749,,0.75,,,
7,425799,,0.5,,,
7,425849,,0.75,,,
7,425899,,0.375,,,
7,425949,,0.5,,,
7,425999,,0.5,,,
7,426049,,0.75,,,
7,426099,,0.5,,,
7,426149,,0.625,,,
7,426199,,1.0,,,
7,426249,,0.5,,,
7,426299,,0.5,,,
7,426349,,0.625,,,
7,426399,,1.0,,,
7,426449,,0.375,,,
7,426499,,0.375,,,
7,426549,,0.75,,,
7,426599,,0.5,,,
7,426649,,1.0,,,
7,426699,,0.75,,,
7,426749,,0.75,,,
7,426799,,0.875,,,
7,426849,,0.875,,,
7,426899,,0.875,,,
7,426949,,0.875,,,
7,426999,,0.625,,,
7,427049,,0.625,,,
7,427099,,0.625,,,
7,427149,,0.875,,,
7,427199,,0.5,,,
7,427249,,0.5,,,
7,427299,,1.0,,,
7,427349,,0.375,,,
7,427399,,0.875,,,
7,427449,,1.0,,,
7,427499,,0.875,,,
7,427549,,0.875,,,
7,427599,,0.75,,,
7,427649,,0.875,,,
7,427699,,0.75,,,
7,427749,,0.5,,,
7,427799,,0.625,,,
7,427849,,0.75,,,
7,427899,,1.0,,,
7,427949,,0.625,,,
7,427999,,0.875,,,
7,428049,,0.625,,,
7,428099,,0.75,,,
7,428149,,0.875,,,
7,428199,,1.0,,,
7,428249,,0.75,,,
7,428299,,0.875,,,
7,428349,,0.75,,,
7,428399,,0.75,,,
7,428449,,1.0,,,
7,428499,,0.75,,,
7,428549,,0.75,,,
7,428599,,0.625,,,
7,428649,,0.75,,,
7,428699,,0.625,,,
7,428749,,0.75,,,
7,428799,,0.75,,,
7,428849,,0.375,,,
7,428899,,0.625,,,
7,428949,,0.875,,,
7,428999,,0.75,,,
7,429049,,0.375,,,
7,429099,,0.625,,,
7,429149,,0.5,,,
7,429199,,0.75,,,
7,429249,,0.625,,,
7,429299,,0.75,,,
7,429349,,0.5,,,
7,429399,,0.875,,,
7,429449,,0.625,,,
7,429499,,0.625,,,
7,429549,,0.625,,,
7,429599,,0.625,,,
7,429649,,0.875,,,
7,429699,,0.5,,,
7,429749,,1.0,,,
7,429799,,0.75,,,
7,429849,,0.75,,,
7,429899,,0.75,,,
7,429949,,0.625,,,
7,429999,,0.75,,,
7,430049,,0.875,,,
7,430099,,0.5,,,
7,430149,,0.875,,,
7,430199,,0.625,,,
7,430249,,0.875,,,
7,430299,,0.75,,,
7,430349,,0.75,,,
7,430399,,0.375,,,
7,430449,,0.875,,,
7,430499,,0.75,,,
7,430549,,0.625,,,
7,430599,,0.375,,,
7,430649,,0.75,,,
7,430699,,0.75,,,
7,430749,,0.625,,,
7,430799,,0.375,,,
7,430849,,1.0,,,
7,430899,,0.75,,,
7,430949,,0.625,,,
7,430999,,0.75,,,
7,431049,,0.625,,,
7,431099,,0.375,,,
7,431149,,0.625,,,
7,431199,,0.75,,,
7,431249,,0.875,,,
7,431299,,0.625,,,
7,431349,,0.625,,,
7,431399,,0.75,,,
7,431449,,0.75,,,
7,431499,,0.375,,,
7,431549,,0.75,,,
7,431599,,0.625,,,
7,431649,,0.875,,,
7,431699,,0.625,,,
7,431749,,0.625,,,
7,431799,,0.875,,,
7,431849,,0.875,,,
7,431899,,0.625,,,
7,431949,,0.375,,,
7,431999,,0.75,,,
7,432049,,0.625,,,
7,432099,,0.5,,,
7,432149,,0.625,,,
7,432199,,1.0,,,
7,432249,,0.875,,,
7,432299,,0.875,,,
7,432349,,1.0,,,
7,432399,,0.75,,,
7,432449,,0.75,,,
7,432499,,0.375,,,
7,432549,,0.75,,,
7,432599,,0.5,,,
7,432649,,0.625,,,
7,432699,,0.75,,,
7,432749,,0.625,,,
7,432799,,0.625,,,
7,432849,,0.375,,,
7,432899,,0.75,,,
7,432949,,0.625,,,
7,432999,,0.75,,,
7,433049,,0.75,,,
7,433099,,0.75,,,
7,433149,,0.5,,,
7,433199,,0.75,,,
7,433249,,0.5,,,
7,433299,,0.75,,,
7,433349,,1.0,,,
7,433399,,0.75,,,
7,433449,,1.0,,,
7,433499,,0.875,,,
7,433549,,0.625,,,
7,433599,,0.625,,,
7,433649,,0.875,,,
7,433699,,0.5,,,
7,433749,,0.625,,,
7,433799,,0.75,,,
7,433849,,0.375,,,
7,433899,,0.625,,,
7,433949,,0.625,,,
7,433999,,0.625,,,
7,434049,,0.75,,,
7,434099,,0.625,,,
7,434149,,0.875,,,
7,434199,,0.375,,,
7,434249,,0.75,,,
7,434299,,0.875,,,
7,434349,,1.0,,,
7,434399,,0.75,,,
7,434449,,0.75,,,
7,434499,,1.0,,,
7,434549,,1.0,,,
7,434599,,0.375,,,
7,434649,,0.625,,,
7,434699,,0.625,,,
7,434749,,0.5,,,
7,434799,,0.75,,,
7,434849,,0.75,,,
7,434899,,0.75,,,
7,434949,,0.625,,,
7,434999,,0.75,,,
7,435049,,0.75,,,
7,435099,,0.875,,,
7,435149,,0.375,,,
7,435199,,0.75,,,
7,435249,,0.75,,,
7,435299,,0.75,,,
7,435349,,0.625,,,
7,435399,,0.5,,,
7,435449,,0.75,,,
7,435499,,0.5,,,
7,435549,,0.125,,,
7,435599,,0.625,,,
7,435649,,0.875,,,
7,435699,,0.75,,,
7,435749,,0.5,,,
7,435799,,1.0,,,
7,435849,,0.75,,,
7,435899,,0.875,,,
7,435949,,0.375,,,
7,435999,,0.625,,,
7,436049,,0.625,,,
7,436099,,0.75,,,
7,436149,,0.875,,,
7,436199,,0.875,,,
7,436249,,0.625,,,
7,436299,,1.0,,,
7,436349,,0.75,,,
7,436399,,0.625,,,
7,436449,,0.75,,,
7,436499,,0.75,,,
7,436549,,0.5,,,
7,436599,,0.625,,,
7,436649,,0.5,,,
7,436699,,1.0,,,
7,436749,,0.75,,,
7,436799,,0.75,,,
7,436849,,0.625,,,
7,436899,,0.75,,,
7,436949,,0.75,,,
7,436999,,0.5,,,
7,437049,,0.75,,,
7,437099,,1.0,,,
7,437149,,0.625,,,
7,437199,,0.75,,,
7,437249,,0.875,,,
7,437299,,0.5,,,
7,437349,,0.5,,,
7,437399,,0.75,,,
7,437449,,1.0,,,
7,437499,,0.75,,,
7,437549,,0.625,,,
7,437599,,0.875,,,
7,437649,,0.75,,,
7,437699,,0.875,,,
7,437749,,0.75,,,
7,437799,,0.375,,,
7,437849,,0.875,,,
7,437899,,0.875,,,
7,437949,,0.75,,,
7,437999,,0.625,,,
7,438049,,1.0,,,
7,438099,,0.875,,,
7,438149,,0.75,,,
7,438199,,0.625,,,
7,438249,,0.625,,,
7,438299,,0.625,,,
7,438349,,0.875,,,
7,438399,,0.75,,,
7,438449,,0.625,,,
7,438499,,0.375,,,
7,438549,,0.875,,,
7,438599,,0.625,,,
7,438649,,0.875,,,
7,438699,,0.75,,,
7,438749,,0.625,,,
7,438799,,0.875,,,
7,438849,,0.75,,,
7,438899,,0.75,,,
7,438949,,0.875,,,
7,438999,,0.75,,,
7,439049,,1.0,,,
7,439099,,0.625,,,
7,439149,,0.875,,,
7,439199,,0.75,,,
7,439249,,0.875,,,
7,439299,,0.75,,,
7,439349,,0.375,,,
7,439399,,0.625,,,
7,439449,,0.875,,,
7,439499,,0.625,,,
7,439549,,0.875,,,
7,439599,,1.0,,,
7,439649,,0.75,,,
7,439699,,0.875,,,
7,439749,,1.0,,,
7,439799,,0.75,,,
7,439849,,0.625,,,
7,439899,,0.5,,,
7,439949,,0.625,,,
7,439999,,0.75,,,
7,440049,,0.875,,,
7,440099,,0.75,,,
7,440149,,0.5,,,
7,440199,,0.75,,,
7,440249,,0.625,,,
7,440299,,0.75,,,
7,440349,,0.75,,,
7,440399,,0.875,,,
7,440449,,0.75,,,
7,440499,,0.625,,,
7,440549,,0.75,,,
7,440599,,0.625,,,
7,440649,,1.0,,,
7,440699,,0.5,,,
7,440749,,0.25,,,
7,440799,,0.875,,,
7,440849,,0.75,,,
7,440899,,0.625,,,
7,440949,,0.75,,,
7,440999,,0.75,,,
7,441049,,0.625,,,
7,441099,,0.625,,,
7,441149,,0.875,,,
7,441199,,0.75,,,
7,441249,,0.5,,,
7,441299,,1.0,,,
7,441349,,0.625,,,
7,441399,,0.75,,,
7,441449,,0.5,,,
7,441499,,1.0,,,
7,441549,,0.5,,,
7,441599,,0.875,,,
7,441649,,0.625,,,
7,441699,,0.75,,,
7,441749,,0.75,,,
7,441799,,0.75,,,
7,441849,,0.625,,,
7,441899,,0.75,,,
7,441949,,0.625,,,
7,441999,,0.625,,,
7,442049,,0.875,,,
7,442099,,0.75,,,
7,442149,,0.5,,,
7,442199,,0.875,,,
7,442249,,0.75,,,
7,442299,,0.375,,,
7,442349,,0.5,,,
7,442399,,0.75,,,
7,442449,,1.0,,,
7,442499,,0.625,,,
7,442549,,0.875,,,
7,442599,,0.875,,,
7,442649,,1.0,,,
7,442699,,0.625,,,
7,442749,,1.0,,,
7,442799,,0.75,,,
7,442849,,0.625,,,
7,442899,,0.75,,,
7,442949,,0.625,,,
7,442999,,0.75,,,
7,443049,,1.0,,,
7,443099,,0.75,,,
7,443149,,0.625,,,
7,443199,,0.75,,,
7,443249,,0.5,,,
7,443299,,0.875,,,
7,443349,,0.75,,,
7,443399,,0.75,,,
7,443449,,0.625,,,
7,443499,,1.0,,,
7,443549,,0.75,,,
7,443599,,0.625,,,
7,443649,,0.5,,,
7,443699,,0.875,,,
7,443749,,0.75,,,
7,443799,,1.0,,,
7,443849,,0.5,,,
7,443899,,0.625,,,
7,443949,,0.75,,,
7,443999,,0.75,,,
7,444049,,0.5,,,
7,444099,,1.0,,,
7,444149,,0.5,,,
7,444199,,0.75,,,
7,444249,,0.5,,,
7,444299,,0.625,,,
7,444349,,0.75,,,
7,444399,,0.75,,,
7,444449,,0.75,,,
7,444499,,0.5,,,
7,444549,,0.625,,,
7,444599,,1.0,,,
7,444649,,0.5,,,
7,444699,,0.75,,,
7,444749,,0.5,,,
7,444799,,0.625,,,
7,444849,,0.875,,,
7,444899,,0.625,,,
7,444949,,0.875,,,
7,444999,,0.875,,,
7,445049,,0.375,,,
7,445099,,0.625,,,
7,445149,,0.75,,,
7,445199,,0.75,,,
7,445249,,0.625,,,
7,445299,,0.5,,,
7,445349,,0.875,,,
7,445399,,1.0,,,
7,445449,,0.875,,,
7,445499,,0.75,,,
7,445549,,0.75,,,
7,445599,,0.625,,,
7,445649,,0.875,,,
7,445699,,0.75,,,
7,445749,,0.5,,,
7,445799,,0.625,,,
7,445849,,0.625,,,
7,445899,,0.5,,,
7,445949,,0.75,,,
7,445999,,0.75,,,
7,446049,,0.625,,,
7,446099,,0.75,,,
7,446149,,0.75,,,
7,446199,,0.625,,,
7,446249,,0.75,,,
7,446299,,0.875,,,
7,446349,,0.875,,,
7,446399,,0.75,,,
7,446449,,0.75,,,
7,446499,,0.625,,,
7,446549,,0.75,,,
7,446599,,0.625,,,
7,446649,,0.875,,,
7,446699,,1.0,,,
7,446749,,0.875,,,
7,446799,,0.75,,,
7,446849,,0.625,,,
7,446899,,0.625,,,
7,446949,,0.5,,,
7,446999,,0.75,,,
7,447049,,0.375,,,
7,447099,,0.75,,,
7,447149,,0.5,,,
7,447199,,0.5,,,
7,447249,,0.75,,,
7,447299,,0.75,,,
7,447349,,0.5,,,
7,447399,,1.0,,,
7,447449,,0.875,,,
7,447499,,0.625,,,
7,447549,,0.75,,,
7,447599,,0.5,,,
7,447649,,0.375,,,
7,447699,,0.75,,,
7,447749,,0.625,,,
7,447799,,0.75,,,
7,447849,,0.875,,,
7,447899,,0.875,,,
7,447949,,0.75,,,
7,447999,,0.75,,,
7,448049,,0.625,,,
7,448099,,0.625,,,
7,448149,,0.75,,,
7,448199,,0.875,,,
7,448249,,0.5,,,
7,448299,,0.875,,,
7,448349,,0.625,,,
7,448399,,0.625,,,
7,448449,,0.375,,,
7,448499,,0.75,,,
7,448549,,0.875,,,
7,448599,,0.75,,,
7,448649,,0.875,,,
7,448699,,0.75,,,
7,448749,,0.875,,,
7,448799,,0.875,,,
7,448849,,1.0,,,
7,448899,,0.75,,,
7,448949,,0.75,,,
7,448999,,0.625,,,
7,449049,,0.75,,,
7,449099,,0.625,,,
7,449149,,0.625,,,
7,449199,,0.75,,,
7,449249,,0.875,,,
7,449299,,0.625,,,
7,449349,,0.75,,,
7,449399,,0.625,,,
7,449449,,0.875,,,
7,449499,,0.875,,,
7,449549,,0.5,,,
7,449599,,0.75,,,
7,449649,,0.875,,,
7,449699,,0.5,,,
7,449749,,0.5,,,
7,449799,,0.625,,,
7,449849,,0.5,,,
7,449899,,0.75,,,
7,449949,,0.875,,,
7,449999,,0.875,,,
7,450049,,0.625,,,
7,450099,,0.625,,,
7,450149,,0.5,,,
7,450199,,0.75,,,
7,450249,,0.625,,,
7,450299,,0.5,,,
7,450349,,0.75,,,
7,450399,,0.75,,,
7,450449,,0.75,,,
7,450499,,0.625,,,
7,450549,,0.875,,,
7,450599,,0.5,,,
7,450649,,0.5,,,
7,450699,,0.5,,,
7,450749,,0.5,,,
7,450799,,0.625,,,
7,450849,,0.25,,,
7,450899,,0.375,,,
7,450949,,0.625,,,
7,450999,,0.625,,,
7,451049,,0.875,,,
7,451099,,0.625,,,
7,451149,,0.875,,,
7,451199,,1.0,,,
7,451249,,0.75,,,
7,451299,,0.5,,,
7,451349,,0.875,,,
7,451399,,0.75,,,
7,451449,,0.625,,,
7,451499,,1.0,,,
7,451549,,0.75,,,
7,451599,,0.75,,,
7,451649,,0.625,,,
7,451699,,0.75,,,
7,451749,,0.875,,,
7,451799,,0.5,,,
7,451849,,0.625,,,
7,451899,,0.625,,,
7,451949,,0.75,,,
7,451999,,0.75,,,
7,452049,,0.75,,,
7,452099,,1.0,,,
7,452149,,0.625,,,
7,452199,,0.75,,,
7,452249,,0.125,,,
7,452299,,0.625,,,
7,452349,,0.5,,,
7,452399,,0.875,,,
7,452449,,0.75,,,
7,452499,,0.75,,,
7,452549,,0.875,,,
7,452599,,0.875,,,
7,452649,,0.375,,,
7,452699,,0.5,,,
7,452749,,0.75,,,
7,452799,,0.75,,,
7,452849,,0.375,,,
7,452899,,0.5,,,
7,452949,,0.875,,,
7,452999,,0.875,,,
7,453049,,0.75,,,
7,453099,,0.875,,,
7,453149,,0.875,,,
7,453199,,0.875,,,
7,453249,,0.875,,,
7,453299,,0.875,,,
7,453349,,0.625,,,
7,453399,,0.625,,,
7,453449,,0.75,,,
7,453499,,0.625,,,
7,453549,,0.625,,,
7,453599,,0.75,,,
7,453649,,0.375,,,
7,453699,,0.875,,,
7,453749,,0.75,,,
7,453799,,0.875,,,
7,453849,,0.875,,,
7,453899,,0.75,,,
7,453949,,0.75,,,
7,453999,,0.75,,,
7,454049,,0.75,,,
7,454099,,0.75,,,
7,454149,,1.0,,,
7,454199,,0.625,,,
7,454249,,0.875,,,
7,454299,,0.625,,,
7,454349,,0.875,,,
7,454399,,0.75,,,
7,454449,,1.0,,,
7,454499,,0.625,,,
7,454549,,0.75,,,
7,454599,,0.625,,,
7,454649,,0.75,,,
7,454699,,0.5,,,
7,454749,,0.625,,,
7,454799,,0.875,,,
7,454849,,1.0,,,
7,454899,,0.5,,,
7,454949,,0.5,,,
7,454999,,0.75,,,
7,455049,,0.625,,,
7,455099,,0.625,,,
7,455149,,0.5,,,
7,455199,,0.625,,,
7,455249,,0.625,,,
7,455299,,0.625,,,
7,455349,,0.5,,,
7,455399,,0.875,,,
7,455449,,0.625,,,
7,455499,,0.625,,,
7,455549,,0.75,,,
7,455599,,0.75,,,
7,455649,,0.625,,,
7,455699,,0.875,,,
7,455749,,0.625,,,
7,455799,,0.75,,,
7,455849,,0.375,,,
7,455899,,0.5,,,
7,455949,,0.75,,,
7,455999,,0.625,,,
7,456049,,0.75,,,
7,456099,,0.625,,,
7,456149,,0.875,,,
7,456199,,0.875,,,
7,456249,,0.75,,,
7,456299,,0.75,,,
7,456349,,0.75,,,
7,456399,,0.625,,,
7,456449,,0.875,,,
7,456499,,0.25,,,
7,456549,,0.375,,,
7,456599,,0.625,,,
7,456649,,0.875,,,
7,456699,,0.75,,,
7,456749,,0.875,,,
7,456799,,0.75,,,
7,456849,,0.75,,,
7,456899,,0.75,,,
7,456949,,0.875,,,
7,456999,,0.75,,,
7,457049,,0.75,,,
7,457099,,1.0,,,
7,457149,,0.375,,,
7,457199,,0.875,,,
7,457249,,0.625,,,
7,457299,,0.5,,,
7,457349,,0.75,,,
7,457399,,0.75,,,
7,457449,,0.75,,,
7,457499,,0.75,,,
7,457549,,0.625,,,
7,457599,,0.75,,,
7,457649,,0.875,,,
7,457699,,0.5,,,
7,457749,,0.5,,,
7,457799,,0.875,,,
7,457849,,0.625,,,
7,457899,,0.75,,,
7,457949,,0.25,,,
7,457999,,0.625,,,
7,458049,,0.875,,,
7,458099,,0.875,,,
7,458149,,0.875,,,
7,458199,,0.625,,,
7,458249,,0.875,,,
7,458299,,0.5,,,
7,458349,,0.5,,,
7,458399,,0.5,,,
7,458449,,0.5,,,
7,458499,,0.625,,,
7,458549,,0.75,,,
7,458599,,0.75,,,
7,458649,,0.75,,,
7,458699,,0.625,,,
7,458749,,0.625,,,
7,458799,,0.75,,,
7,458849,,0.875,,,
7,458899,,0.625,,,
7,458949,,0.75,,,
7,458999,,0.75,,,
7,459049,,0.875,,,
7,459099,,0.75,,,
7,459149,,0.625,,,
7,459199,,0.625,,,
7,459249,,0.75,,,
7,459299,,0.625,,,
7,459349,,0.75,,,
7,459399,,0.75,,,
7,459449,,0.625,,,
7,459499,,0.5,,,
7,459549,,0.75,,,
7,459599,,0.75,,,
7,459649,,1.0,,,
7,459699,,0.75,,,
7,459749,,0.625,,,
7,459791,,,,0.07084942609071732,nan
7,459791,0.7102015614509583,,0.7093908190727234,,
